911 Restoration of Baltimore,(443) 600-4645
Tom Allen Home Services,(410) 344-7762
Browns Custom Contracting LLC,(443) 254-7373
MJ Home Services,(443) 716-6277
Five Star Quality Remodeling,(410) 863-7311
Homefix Custom Remodeling,(410) 205-8888
Fick Bros Roofing & Exterior Remodeling Co,(410) 889-5525
B&H Chimneys,(410) 800-4298
Advance Remodeling Inc.,(410) 532-5400
Unique Resources Inc,(410) 539-1000
Total Restoration LLC Of Baltimore,(443) 740-5811
Worcester Eisenbrandt,(410) 644-5895
Custom Stoneworks & Design,(410) 342-9340
Beard Home Renovations,(443) 857-1446
Preferred Elevator,(410) 238-2555
Allmaster Builders Inc,(410) 317-5383
G & E Contractors,(410) 254-9300
Arocon Roofing And Construction,(410) 861-6767
Budget Bath,(410) 663-4183
ALJO Construction,(443) 844-7940
Carroll Home Services,(410) 246-6988
Forster Plumbing,(410) 444-0016
Crown Contractors,(410) 243-9169
Thomson Remodeling Company,(410) 889-7391
Euro Design Remodel,(410) 925-1729
Pyle Fence Co Inc,(410) 426-8319
Winfield Builders,(301) 370-7925
Griffith Energy Services,(888) 395-1448
Pinkney Services,(703) 955-8587
On Top Roof Repairs LLC,(443) 806-0829
MVP Home Specialists LLC,(844) 437-4310
University Painters,(800) 390-4848
One Source Contracting,(443) 449-7395
Baltimore Railings & Stairs,(410) 513-9977
Robbins Custom Builders,(443) 608-5573
Harbor Kitchen Design,(410) 343-9311
Home Tailor,(240) 394-9840
Maryland Bay Construction,(410) 235-5500
AES Builder & Home Improvements,(410) 574-4400
Ahmed Construction LLC,(443) 518-0389
Aspen Contracting,(877) 784-7663
Amazing Work Construction LLC,(410) 340-4414
Roland Slate Service Co. Inc.,(410) 532-9037
Rouse Inc. Restoration,(443) 224-5294
Smart Home Energy Reduction Specialists,(855) 476-2784
Bear Marble Restoration,(410) 644-1697
Elite Pools,(410) 494-7946
Omega Mantels of Stone,(855) 712-0123
A Thru Z Home Services,(443) 691-8634
Alvarado Construction,(443) 742-2012
M & J Home Remodeling,(410) 615-4092
Metal Men Mechanical,(410) 878-0329
Second Empire Furniture,(410) 528-1120
Allied Contractors,(410) 539-6727
CareOne Protection,(800) 660-0091
Joes Home Improvements,(410) 235-8528
Modular Nation,(443) 743-2717
Busy Bee Contractors,(410) 488-0300
Water Damage Baltimore,(410) 877-6069
The Olive Group,(443) 460-4069
Design Studios,(410) 244-0095
Avenere Cladding,(866) 388-8833
Dempsey Uniform & Linen Supply,(717) 985-5060
Manor Wood Construction,(410) 338-0388
Superior Construction Concepts,(410) 977-0659
Weatherstopper Marine Canvas,(443) 618-7294
Meyers Construction Co. Inc.,(410) 484-7474
Remodel USA Inc,(667) 401-0083
Adwell Services,(410) 990-0991
Green Apple Cleaning,(410) 631-7070
Lomar Contracting,(410) 777-5219
Enviroserve,(443) 651-2841
Mean Clean Home Service,(443) 683-9575
A. J. Michaels Company,(410) 435-5400
Pinkney Services,(443) 522-9500
Star One Cleaning Service,(443) 324-7282
Rexrode Remodeling,(410) 340-7271
SLP Cleaning Services,(443) 529-5281
CFP Group,(866) 702-0087
Willoughby Construction LLC,(443) 869-9372
P.I.N. Services,(410) 929-0053
Mold Remediation and Construction Services Inc.,(410) 935-0874
Skyline Properties,(410) 633-6000
C.V.P.S.,(410) 499-3766
Gees Demolition,(410) 262-8449
Accurate Drywall and Painting Services,(443) 299-8297
BD&D Home Improvements,(443) 768-1174
Squash Blossom Remodeling LLC,(443) 250-1309
Cool Cat Plumbing and Construction,(240) 330-3982
Acm Roofing & Home Improvements,(443) 602-8221
Welsh Construction Remodeling,(410) 732-1360
James Brothers Construction,(410) 303-9646
Mahogany,(410) 727-0334
D & V Sheetmetal,(443) 416-7310
A#1 Abatement Service,(410) 285-6998
Safegrip,(410) 913-6113
Independent Roofing Co,(410) 235-0800
Ashley Custom Homes,(410) 559-0000
Longo Finish Contractors,(443) 469-4283
Chesapeake Home Remodeling,(410) 646-8140
Quality Home Service,(443) 740-4658
M Luis Construction,(410) 235-1347
Jm Murphy Enterprises,(410) 366-1145
BLC Construction Enterprises,(443) 449-5273
The John E Ruth Company,(410) 747-0678
Rogers Baltimore Remodeling,(443) 231-3261
Apple Remodeling & Home,(410) 235-9300
C &S Ornamental Iron,(410) 276-5553
Sterling Construction,(410) 452-0302
Elite Voice and Data,(410) 428-4095
The Cofield Group,(443) 961-6458
Arc Design Build,(410) 671-5146
Akors,(443) 315-5669
Brandywine Construction Management,(410) 675-3226
Dirt Diva Cleaning Services,(443) 869-0440
Joes Home Improvements,(410) 889-8365
God First Contracting,(443) 629-7847
Republic Services,(410) 727-6161
Homestead,(410) 466-0127
Kodiak Construction Co,(410) 367-5416
The Wayward Foundation,(443) 800-2843
Professional Restorations,(410) 675-8100
Alligator Fence Company,(410) 994-2600
Couser Hauling & Junk Removal,(443) 380-2043
A Hoffman Awning Co,(667) 401-7919
Phoenix Blue Swimming Pools,(410) 870-0143
Schwartz Joseph,(410) 522-4987
Minuteman Construction Service,(410) 342-0707
Beltway Builders Inc,(410) 736-6335
Duran Welding & Construction,(443) 467-1756
M. Kad Renovations and Remodeling,(240) 988-9265
Under the Sun Construction,(410) 202-0688
Phoenix Blue Home Improvements,(410) 870-0143
Stanley Harris Construction,(410) 625-3622
L & J Construction,(410) 243-3844
Warwick Supply & Equipment Company,(410) 837-8440
Pecora J Jay Contr,(410) 539-2838
Pecora J Jay,(410) 539-2838
The Michaels Group,(410) 895-0880
Ww Contracting,(410) 468-0321
Vht Construction,(410) 625-2500
Growing Construction,(410) 752-0004
Forbes Home Improvement & Construction,(410) 235-0007
Diaz Construction,(443) 629-0201
Roberts-Norris Construction Co,(410) 837-2430
Millenium Builders,(410) 814-4111
Cohen Bros Contrs,(410) 727-4586
Cohen Herman,(410) 727-4586
Cohen Ben Bldr,(410) 727-4586
Davison Richard,(410) 727-4586
Slagles Construciton,(410) 243-8362
Chance Truck and Trailer,(443) 924-7050
March Westin MD Division,(443) 919-2578
Dickson & Associates,(410) 235-5038
Swirnow,(410) 338-1122
Advantage Home Exteriors,(410) 612-0511
Tekton Construction,(410) 558-0099
Charles Engineering Co,(410) 783-1334
Acorn,(410) 735-3360
MacGillivrays Building,(410) 244-0903
Roland Roofing & Home Solutions,(410) 532-9038
John H Hampshire Inc.,(410) 366-8900
Hawkins Home Improvement,(410) 454-1113
The Door Guy,(410) 863-1883
Tcs Woodworking,(410) 662-5959
D & T Welding Contractors,(410) 728-0019
Sheppard Contracting,(410) 225-9622
T E Jess,(410) 233-6123
Unemployment Insurance,(410) 767-2126
Trw Price Construction,(410) 225-3720
Fnw Contractors,(410) 243-3280
V & J General Contractors,(410) 243-4843
Michael and Son,(410) 929-7190
Baltimore Renovations,(410) 230-0277
Schaefer Construction,(410) 528-1250
Lobar General Contractiong,(410) 662-4550
Shaney Construction Co,(410) 366-5110
Struever Bros Eccles & Rouse,(410) 675-0018
Acropolis Construction,(410) 235-3177
East Coast Plumbers of Baltimore,(410) 753-2927
C L Myles Contracting,(410) 547-0077
Unique Construction Development,(410) 856-1215
Dream Home Professional Contractors LLC,(301) 740-8222
Baker Robert W Lwyr,(410) 685-2266
Copan Brothers Construction,(443) 823-2418
Ward Haines Industries,(410) 764-7119
Bush Home Services,(443) 413-8670
JRehn Remodeling,(410) 300-8252
Oak Contracting,(410) 276-1379
Whiting-Turner Contrctng,(410) 837-2718
Atlantic Environmental Solutions,(410) 296-6653
Law Offices of Paul Michael Polansky,(410) 452-5812
Kirby Roy and Sons,(410) 385-0083
Environmental Engineering and Construction,(410) 545-0452
C & L Services Corporation,(410) 230-0500
Essex Construction,(410) 347-1243
Broughton Construction,(410) 244-5508
Shared Technologies Fairchild,(410) 347-4000
S H Electric Construction,(410) 255-5840
Unitech Communications,(410) 385-1580
Bush Construction,(410) 752-1212
Southway Builders Inc.,(410) 332-4134
Economic International Construction Company,(410) 327-9105
Lippy Contracting Company,(410) 303-7025
Malcolm Pirnie,(410) 230-0680
Gjc Inc Builders Group,(410) 332-0129
KCM & Son,(443) 739-6956
Borger Construction,(410) 235-6176
Porters Supply Co. Inc,(410) 525-9100
Baltimore Electricity,(410) 881-3055
Project Serve,(410) 558-0773
Tfc Construction,(410) 230-0930
Whiting Turner Contrctng,(410) 234-2170
Donato & Allen Contractors,(410) 472-1337
Donley Construction,(410) 752-4113
PEREZ FLOORS & REFINISHING.LLC,(443) 759-2395
William Simmons Construction,(410) 235-4450
Glen Construction,(410) 468-0177
Tag Fix It,(443) 803-8831
Cunningham James V Law Office of,(410) 625-7400
Lennys Home Repair,(410) 728-8900
Centerline Construction Company,(410) 889-4300
Baltimore Housewrights,(410) 241-9423
Allied Contractors,(410) 366-5010
OzCorp Fine Builders,(443) 277-8336
Komi Enterprises,(443) 682-9404
Whiting Turner,(410) 244-6455
KSG Contractors LLC,(443) 454-2101
Bement & Sons Construction,(410) 732-1555
Harbour House Builders,(410) 327-8149
E Pikounis,(410) 522-1165
Choudhry Brothers,(410) 327-2786
Whiting Turner,(410) 625-2906
Legacy Builders and Construction Services,(410) 244-6734
Nichols Contracting,(410) 728-5999
Baltimores Distinctive Homes,(410) 675-6674
Pikounis E Construction Co,(410) 522-0022
Trademark Construction,(410) 633-2308
J A K Construction Co,(410) 563-4888
D & H Construction,(410) 669-5166
Armada Hoffler Construction Company,(410) 727-2929
Baltimore Repair Service,(410) 929-6905
Armada Hofflern Construction Company,(410) 727-7030
Environmental Alternatives,(410) 534-6400
Community Building Partners,(410) 728-8230
Trochez Construction,(410) 522-0015
Baltimore Landmark Homes,(410) 889-3191
On Time Roll Off Services,(410) 225-9505
Maximo Pierola,(410) 462-3200
Baltimore Contractors,(410) 276-2800
Maryland Roofing Systems,(410) 698-4611
Monumental Paving & Excavating,(410) 675-0555
Mahoney George P Jr,(410) 675-0555
Allied Contractors,(410) 276-4970
Facility Site Contractors,(410) 780-6066
Mirabile Construction,(410) 276-4307
Secretarial Telephone Service,(410) 889-4000
Sotir Construction Company,(410) 539-7950
Magnum Construction,(410) 605-9695
PetraFab,(410) 525-8646
Freedom Fence and Home,(443) 271-6841
Doracon Contracting,(410) 276-7320
J V L Contracting,(410) 400-1136
Yalcin Kurt,(410) 522-6883
McJ Improvements,(410) 727-4878
Thomson Remodeling,(301) 654-1312
Perfecto Martinez Construction,(443) 525-2987
Futuristic Contracters,(410) 558-3600
Civil Construction,(410) 361-8267
Qualis Construction,(301) 440-7992
Centennial Contractors Enterprises,(410) 528-8374
Mitigation Technologies,(410) 309-9447
Fulton Construction,(443) 203-9054
Leapley Construction Group,(410) 539-7300
Viscomi Joe,(410) 574-8130
Concept Construction,(410) 625-2400
Regional Contracting Services,(410) 528-1881
D & G Construction,(410) 327-6335
William Broaddus,(410) 433-3780
C&DS Installers Inc,(800) 818-2637
DABBCO,(410) 254-0111
Lidco Construction,(410) 235-8800
Twining Construction,(410) 592-8875
Action Contracting and Home Remodeling,(410) 779-9972
V O A Pratt Street Transitional Housing,(410) 362-5657
Priority Construction,(410) 244-6773
Burris Construction,(443) 956-6087
Master Development,(410) 522-5522
Dac Construction Services,(443) 629-2357
Furbish Company,(443) 874-7465
New City Partners,(410) 685-0333
David W Thomas Contracting,(410) 327-0400
Rogers Construction,(443) 231-3261
Eds,(410) 727-7942
The Foundation Expert,(443) 540-1286
Bullocks Construction,(410) 433-9149
French Construction Services,(410) 276-4300
Mudge Landscape Design & Contracting,(410) 235-0776
Harkins Builders,(410) 325-1651
Snow King,(443) 992-1488
Mitchell Jennings H & Son,(410) 566-6100
Csc Construction & Maintenance,(410) 728-2109
Best Enterprises,(443) 938-9960
Abbey Fritz Fence Company Inc,(410) 466-2100
Joe Gay & Family Construction,(410) 963-4960
Birdland Construction,(443) 214-4540
Sparrow Painting LLC,(443) 863-4776
Lovitt and Matthews Construction,(443) 600-0201
Maryland Contractors Bathroom Remodeling,(443) 321-0625
Basement Remodeling Maryland,(443) 321-0625
Jln Construction Services,(410) 566-9114
C L McCoy Framing Co,(410) 945-0014
Bay City Builders,(410) 732-8415
Brooks Construction Service,(410) 233-7283
Excel Construction & Maintenance Services Inc.,(410) 803-9499
Mystic Construction,(410) 276-1637
Paras Painting Contractors,(410) 732-5025
C.I.N.A.O Cleaning Service,(410) 225-3004
Harmony Homes,(410) 563-1100
Fichtner Services,(410) 519-1900
MARS Construction,(301) 852-3333
Awp,(410) 426-4004
Cotten Construction,(410) 522-7136
Cotten Construction Co Shop,(410) 732-5340
O F Construction,(410) 233-3555
Potts & Callahan,(410) 488-2435
L & N Quality Construction Inc,(443) 415-6357
Phipps Construction Contractors,(410) 483-6441
Syzygy Corporation,(410) 233-1500
Complete Construction Services,(410) 323-6330
FloodBusters Inc.,(888) 492-0503
Le Flore and Company,(410) 483-0361
D F Chase Inc Construction,(410) 276-0100
Thermo Sash,(410) 668-5000
Home Owners Co-Op General Contractors,(410) 566-6629
Synodinos,(410) 235-1428
Robert C Clark Construction Inc,(443) 622-1481
Unique Designs General Contractors,(410) 400-8627
Plano-Coudon,(443) 524-9500
Custom Grill Builders,(888) 714-7455
Nu Look Home Design,(410) 760-9080
JBM Construction Development Group,(443) 515-3209
MAH Painting and Contracting,(410) 921-0331
Clean Air Heating & Air Conditioning Co,(410) 633-8350
Kennys Home Improvement,(443) 882-5684
Vulcan Construction Materials Lp Mideast Division,(410) 837-2015
JMR Home Services,(410) 699-0702
Peregrine Construction Group,(410) 727-7472
Sharkys Construction,(410) 327-0000
Ez Contractors,(202) 367-6552
Winner Construction Group,(410) 342-2972
Arjirakis Contracting,(410) 631-5254
Parkside Gardens Town Houses,(410) 483-4395
Porcelain Tub Restoration,(301) 262-6012
Smith Gordon L & Sons,(410) 323-2100
Whiting-Turner Contrctng,(410) 945-7320
Dominiques Home Improvement LLC,(410) 565-2063
Ee Marr Errectors,(443) 220-0047
James Micklos,(410) 206-5144
Ambient Bamboo Floors,(866) 710-7070
Assoc Builders and Contractors,(410) 821-0351
J T Hartman Contracting,(301) 943-2403
Burdette Koehler Murphy & Assoc,(410) 323-0600
Burley Construction,(410) 945-7464
Lady Bird Enterprise,(410) 464-2560
McLean Contractng,(410) 732-0694
George Schnader L Jr,(410) 426-4112
Kitchen Saver,(888) 250-3438
Ameristone Marble Restoration,(410) 661-2198
Home Maintenance Services,(410) 525-2627
G and T Professional Services,(410) 789-1771
Beazer Homes,(443) 632-5177
Gold Marble and Granite,(410) 362-6755
A-1 Quality Contracting,(877) 348-6330
Asc Industries,(410) 485-7200
Anchor Waterproofing,(410) 761-8980
A Friendly Cobra Co,(410) 761-6259
Vtac,(410) 609-0117
Orfanos Contractors,(410) 633-2585
D & G Brice,(410) 385-0760
Arundel Engineering,(410) 368-8310
M & V Contractual Services,(410) 735-1977
Ambassador Concrete LLC,(443) 277-4666
Azola,(410) 367-5277
Skyclean,(410) 529-7220
Athena Construction and Supply Company,(410) 631-2702
Patriot Construction Management,(410) 483-9100
Crown Construction Company,(410) 485-2201
Building Integrity,(410) 488-7575
Gloss Contracting Co,(410) 325-1889
Wiesand William J,(410) 485-2446
T Russell & Associates,(410) 464-6000
Norino Construction,(410) 539-1222
Decorum Contracting,(443) 897-5060
Minton & Williams Construction,(410) 485-3948
Assembly Installation Services LLC,(540) 446-2212
Mustang Industrial Services,(410) 325-8886
B&B Quality Home Improvement,(703) 867-5069
Authentiqa Inc.,(410) 238-7788
P & J Contracting Co,(410) 367-2475
Cleo Enterprises,(410) 367-2050
Callis Contractors,(410) 367-5708
Ligon P G Contr,(410) 542-7181
Contracting Enterprises,(410) 325-1092
Whiting-Turner Contracting,(410) 633-1953
Tnt Manufacturing,(410) 233-6250
Hayford Builders,(410) 362-3812
Crystal Windows Capital,(410) 233-8860
Midatlantic Construction,(410) 945-2382
Brothers Services Company,(410) 276-8437
J T III Freeland Tile & Remodeling,(410) 254-1113
Kalmar Construction,(410) 254-9195
Spinx Construction,(443) 919-1768
Mike Collins LLC,(443) 503-8488
T F Jeff,(410) 466-2492
Economic International Construction Company,(410) 327-9105
Markeys Remodeling,(410) 207-6532
Whiting-Turner,(410) 350-0151
Linden Contracting,(410) 435-0294
Whiting-Turner,(410) 355-0794
Whiting-Turner,(410) 355-0795
Whiting-Turner,(410) 355-0793
Whiting-Turner,(410) 355-0792
Whiting-Turner,(410) 355-7259
Whiting-Turner,(410) 355-7258
Whiting-Turner,(410) 355-7254
Whiting-Turner,(410) 355-7253
Whiting-Turner,(410) 355-7256
Whiting-Turner,(410) 355-7251
Whiting-Turner,(410) 355-7255
Whiting-Turner,(410) 355-7250
Whiting-Turner,(410) 355-7252
Bmw Construction Spec,(410) 354-8883
Basement Innovations Waterproofing,(800) 800-5799
R T Development & Construction,(410) 781-8603
ARC Construction Services,(443) 573-0292
DLG General Construction,(443) 740-1660
Kenseal Construction,(410) 646-5801
J & I Home Improvements,(410) 485-1134
Link Enterprises,(410) 788-5465
WF Schmidt Construction Company,(443) 314-8950
American Remodeling,(410) 799-9600
KNS Contracting LLC,(301) 755-6218
Washington Marble & Granite Co,(301) 831-1323
Charis Roofing,(410) 440-2991
Abbotts Plumbing,(410) 536-5700
Maryland Home Restoration Experts,(410) 630-1336
Municipal Service,(410) 377-0056
South River Restoration,(240) 232-1350
Flores Cleaning Service,(443) 297-2011
Montgomery Mechanical,(410) 646-9000
Worcestereisenbrandt,(410) 644-6580
Rubbish Removalremoval Rubbish,(410) 254-0111
A & R Cleaning Service,(410) 444-5256
DM Delp Company,(410) 747-2149
Beech Tree Networks Incorporated,(410) 644-1657
24/7 Express Appliance Repair,(443) 642-7275
Byrd Design & Build,(443) 823-9759
As & L Industrial,(410) 288-6000
Pulte Home Corporation,(410) 644-5603
McLean Contracting,(410) 354-2191
Facilicare Baltimore,(410) 663-3350
Advanced Granite Solutions,(410) 612-9911
Lamb Contracting,(410) 285-1554
Western Maryland Bldg & Construction Trades Councl,(410) 355-2344
Specialty Industries,(410) 633-2601
Home Team Home Improvement & Ornamental Iron,(410) 522-5510
Kajima Construction Services,(410) 368-5171
Cameron Home Insulation,(443) 459-5800
Handyman From Heaven,(443) 772-1788
Ridgecrest Remodeling,(410) 377-5977
C & D Cleaning,(443) 469-0805
Edwards Remodeling Constructon Co,(410) 466-2630
Basement Waterproofing Technologies,(410) 274-9682
Glorious Floors and Interiors,(410) 914-7253
Splinters,(410) 542-8089
Jacobs Contracting,(410) 525-0027
Gods Kingdom Builders C O B,(877) 465-9452
Katchmark Construction,(703) 817-0200
Improvement Zone,(443) 221-4661
New Image Contracting,(410) 254-3112
Central Maintenance,(410) 355-8800
Old School Home Improvement,(410) 585-6396
Blastech Enterprises,(410) 633-7070
Miller Pipeline Corporation,(410) 355-5211
Dabbco Construction,(410) 354-5453
Afram,(410) 764-1044
Trustworthy Home Improvement,(410) 780-5930
Granite Discounter,(301) 362-3388
Hovermill B W Co,(410) 631-2880
Communications Construction Group,(410) 633-1956
American Home Contractors,(301) 209-7000
Pro-Built Construction,(301) 854-0821
DIG M INSTALLERS INC,(410) 256-0999
Best Homes Services,(410) 242-9300
Handyman On Call,(443) 850-6948
Ssek,(410) 866-7945
Associated Exteriors,(410) 661-1347
Remodel USA,(800) 790-3857
Allen & Allen General Contractors,(410) 367-4505
Aqua Guard Waterproofing Corporation,(301) 595-9670
I L E X Construction,(410) 828-6796
Beazer Homes Quarry Lake Bluffs,(410) 504-6698
FloorGem Services Inc,(410) 381-6697
Mark Bregel Home Inspections,(410) 236-6760
Ryan Homes,(410) 368-5174
Pimentel Painting Inc.,(410) 428-9090
G & G General Contractors,(410) 636-1800
Cardinale Construction,(443) 429-0534
Superior Design & Restoration,(410) 256-3839
Samlor Contruction Co,(410) 764-6366
RTH Construction,(443) 535-6894
Ward-Haines Industries,(410) 764-7119
National Paving & Contr,(410) 764-7117
Jamestowne Apartments,(410) 644-6128
Ryan Homes,(410) 644-2009
Washington Stair & Iron,(410) 355-5522
Flaco Construction,(410) 288-4076
Foster Communities,(410) 242-7017
Berkel & Co Cont,(410) 355-0744
The Mwmca,(410) 282-6101
Solar Energy World,(866) 856-4580
Peregrine Construction,(410) 354-3500
Sidney Emmer Builders,(410) 339-7444
Beech Tree Networks Incorporated,(410) 537-1700
Carroll Concrete Construction Company,(410) 788-3009
Jca Construction,(410) 744-1474
Dream Woods Limited,(410) 764-6446
Authorized Construction Group LLC,(443) 579-5701
Americas Best Home Improvement,(540) 809-2932
Eba Engineering Inc.,(410) 358-7171
Ulliman Scutte Construction,(410) 355-1761
Lazzati Construction Company,(410) 296-0433
Jak Construction,(410) 318-8003
Total Site Contractors,(410) 536-1077
Facility Site Contractors,(410) 536-9003
Native Sons,(410) 788-5179
Henson Company,(410) 367-8001
Building Contractors of Maryland,(410) 661-7440
Semper Fi Contractors,(443) 992-6516
Clearview Window & Door Company,(410) 668-1110
Darson,(410) 744-9991
Fowler & Deangelis Contracting,(410) 661-0856
Lynch Aluminum Awnings & General Contractors,(410) 358-8111
RAM Construction,(877) 877-5422
Dci Construction Mangement,(410) 636-8757
Custom Tub and Tile Resurfacing,(240) 668-4208
Robert Diegel Remodeling,(410) 661-1171
Samson Construction Co,(410) 358-2151
H M H Construction Company,(410) 358-2151
FaciliCare - Commercial Facility Repair Services,(410) 663-3350
Steam Brigade,(410) 777-5157
Annapolis Painting Services,(410) 974-6768
Bath Fitter,(800) 594-8776
DreamHome Remodeling,(703) 455-4650
Allied Remodeling Corporation,(410) 769-9700
National Contracting,(410) 869-4800
Blue Sky,(443) 857-3888
Cameo Construction,(410) 747-1250
SmallJob Contractor,(301) 399-4803
PBE Builders LLC,(410) 329-1103
Starcom Design Build,(443) 355-4344
Harvey W Hottel. Inc.,(301) 921-9599
EF Remodeling LLC,(443) 824-5809
Clearview Home Remodeling,(410) 491-6454
Bruce Homes,(410) 602-0353
Spacecraft,(443) 286-5454
McWhorter Outdoor Living,(410) 984-5813
Ron Smith Refrigeration Servic E & Repair,(410) 525-6735
Deck Of America,(844) 522-3325
Triangle Realty & Construction,(410) 764-1000
Under Pressure,(410) 804-7878
Robinson Forged Metals,(618) 412-1111
4-Outdoor,(301) 898-3400
Hohne Pools,(410) 668-1300
A & A Ability Heating & Cooling,(443) 540-1650
Horizons Unlimited,(410) 796-1333
ES Paving,(410) 519-3667
Kitchen Magic Refacers,(410) 923-5800
Lvm Granite LLC,(301) 429-1713
Maryland Construction,(443) 200-3160
Designers General Contractors,(410) 719-0088
Premier Window & Building,(410) 654-1711
Mid Atlantic Geospatial Information Contracting,(419) 304-7289
Bathroom Remodeling Baltimore LLC,(443) 631-3720
Mr Fix It Home Solutions,(443) 870-0390
Brycon Corporation,(443) 524-4476
Allied Remodeling,(410) 769-9700
Bells Stone and Tile,(703) 204-4583
The Marble Doctor,(703) 631-4625
Tile Maryland,(443) 206-6820
JMH Contracting,(410) 794-6518
EJ Bathtub Refinishing,(202) 704-4881
Buildran Construction Services,(800) 657-6894
A-1 Roofings Kanga Roof,(410) 799-1600
Stonemax Granite & Marble,(571) 278-4078
Cooper Restoration & Remodeling,(410) 827-5731
Stewart Enterprises Inc,(443) 203-0001
The MTR Group,(202) 792-8899
All Wood Flooring,(301) 460-9200
Markeys Remodeling,(410) 207-5813
Keystone Foundation Repair Inc.,(800) 822-8880
Maryland Home Inspection Services,(410) 515-3838
NuHome Exteriors,(703) 934-4020
Baiza Construction,(301) 529-3330
All County Paving,(443) 699-0167
Paul Davis Restoration,(410) 737-8505
By His Hands Tile and Stone,(443) 250-1395
Hunters Home Center,(410) 866-1063
Coastal Custom Wine Cellars,(443) 821-0321
Omni-Pro Services Inc,(443) 694-8870
Fix It Countertops,(800) 349-4877
Purrazzello & Son LLC Concrete Construction,(410) 967-5970
Flood Damage Pro,(410) 982-6857
Stable Hollow Construction,(717) 665-0580
Arcadia Pools of Maryland,(410) 789-1641
Blue Star Contracting,(301) 613-3385
American Dream Home Improvement,(202) 375-1057
Life Time Pavers,(410) 721-7717
Worldwide Waterproofing & Foundation Repair,(410) 437-0360
Cinch Mechanical,(443) 613-1168
BC Contractors,(877) 778-8515
Leverage Contractors,(410) 984-0876
Horse Barn Builders,(717) 778-7309
Home Enhancement of MD,(443) 277-8381
EAMA Flooring,(410) 491-6844
Ductless America,(800) 815-4494
Blair Construction,(410) 729-0777
Leo Contracting,(301) 881-1275
Caliber Home Restoration,(443) 798-2661
Zerodraft Maryland,(410) 321-5936
My Gutter Pro,(301) 363-3713
Chase Home Improvements,(301) 200-1530
Premier Ponds,(301) 821-7777
Bertin Concrete,(301) 776-9026
CraftMasters Remodeling,(410) 494-4409
Core Design Group,(717) 741-2046
American Builder & Groups LLC,(703) 989-7841
Titan Mechanical Services,(240) 552-1604
Assawoman Environmental,(410) 935-6448
Fence Fair Inc,(410) 477-3747
Waldron of Maryland Inc,(410) 574-9200
Aaron Enterprises Inc,(717) 854-2641
William Brian Ratliff Services,(410) 921-8306
R & G Sealing,(240) 469-1952
Eight Brothers Development,(202) 753-4142
Thornton Home Improvement Inc,(800) 919-1747
Reico Kitchen & Bath,(410) 579-1774
Ameri Dry Waterproofing,(800) 580-1964
JC Construction and Cleaning,(301) 768-2202
USA Home Services,(844) 487-2462
Kade Electric Inc,(410) 929-5233
Petes Asphalt & Concrete,(301) 379-2251
S&K Roofing Siding and Windows,(410) 795-4400
All Purpose Contractors,(202) 359-6162
NGC Exterior Design,(240) 375-8308
Ecobeco,(240) 396-2141
Phils Home Improvements,(301) 753-1805
LP Homes Inc,(443) 528-4178
Bayport Home,(410) 963-6942
Wish Kitchens and Baths,(301) 733-9474
Triple Crown Construction LLC,(301) 963-0880
Maryland Sunrooms,(301) 829-1313
High Point Buildings,(410) 961-7643
DAC Construction,(240) 286-4695
JMancia Contractors,(240) 671-3222
Beldon of DC,(301) 658-3145
Warrior Construction,(443) 694-1954
Radon Mitigation Services,(410) 442-1960
Fredys Touch Elegant Construction,(301) 281-1961
Jewel Landscaping & Tree Service,(202) 386-1640
Fence and Deck Connection,(410) 757-5511
JHP Construction,(301) 806-1442
GloRem,(443) 224-3124
Capital Canopies,(301) 772-7322
Concrete Visions,(410) 766-2210
A Z Skills Labor,(443) 415-9203
Flanagans Renovations,(443) 371-7674
George Volz Construction Co,(410) 329-8250
New Life Construction Co,(410) 360-8262
SI Restoration Fire Water Mold,(888) 612-0523
Top Quality Remodeling,(410) 844-3111
Cts Services,(301) 210-3528
MW Construction LLC,(410) 969-5000
The Willhova Group,(800) 857-4054
All Connections LLC,(202) 630-6043
Metropolitan Bath and Tile,(410) 828-5100
Leska Restoration,(240) 505-6652
Bowlin Home Improvements,(443) 336-4026
United Rigging,(301) 937-8510
Dynamic Fencing,(443) 574-4451
Granite Shield Maryland,(240) 357-1816
Equiphands,(443) 694-3819
Dannys Cleaning Service LLC.,(410) 290-6260
Peter Scott Lord LLC,(443) 801-0515
Basement Systems USA,(800) 649-8832
Acton,(410) 931-9100
DJ Floors & Remodeling,(301) 476-4599
Homecraft Builders,(443) 801-9663
Bartley Corp,(301) 384-2700
Modern Remodeling,(410) 569-1732
A Cut Above General Contractors,(240) 788-7099
Riccardos Construction,(240) 388-7555
R&S Home Improvements,(240) 561-5703
Moreland Contracting Inc,(443) 854-2892
Capitol Coating Concepts,(703) 651-3660
Liberty Group Construction and Design,(888) 308-6869
TNT Services,(703) 884-6882
1st Impression Installations,(410) 999-4968
Energy Plus Group,(410) 861-5102
Stabil-loc Foundation Repair LLC,(443) 918-7057
Reliable Contracting Co,(410) 987-0313
Collins Tile and Stone,(703) 907-9655
SYNLawn Maryland DC Metro,(443) 223-3042
J D Graham & Sons LLC,(301) 602-6067
Universal Wrecking Corp,(866) 585-3198
Stevens Builders,(410) 531-2100
CTS & Associates Inc,(301) 670-1222
Infrared Tools Energy Services,(443) 995-0149
MW Construction LLC,(410) 969-5000
Owings Brothers Contracting,(410) 781-7022
Roof Right,(717) 227-9770
Rock Ridge Forge,(410) 692-6280
National Consulting Engineers,(301) 989-9142
Imperial Pools LLC,(703) 679-7665
Southern Charm Construction & Improvements,(443) 623-6243
Daltile Sales Service Center,(410) 574-0579
Lenis LLC,(443) 631-3720
Granite Outlet Inc,(410) 252-5225
AccuWash Roofing Cleaning,(855) 222-8927
H & B Driveway Resealing,(610) 649-1385
Jerrys Siding & Roofing,(410) 766-6800
The Foundation Expert,(800) 673-0866
Ashlyn Inc,(410) 760-0394
Energy Savers America,(877) 534-4550
Installation Concepts,(866) 679-1490
J D Rellek,(410) 519-9270
Metropolitan General Contractor,(301) 672-5883
Benchmark Woodcrafters,(240) 838-4871
Toepfer Construction Co,(301) 336-8600
Holistic Home Energy Services,(410) 871-4663
DryTech Roofing Company Inc.,(240) 547-2447
B&G Concrete,(443) 340-2124
Secretarial Telephone Service,(410) 828-6700
A&A Construction and Utilities,(410) 664-5024
Dumpsters For Rent,(410) 893-5171
Maryland Re-Bath,(410) 636-1180
Trademark Remodeling,(410) 795-2600
Batton F C & Son,(410) 628-6510
Tescoal,(410) 300-3383
J Paul Builders,(410) 602-8070
J F Meyer,(410) 867-1690
D & D Scarborough Inc,(717) 993-6846
ACS Services,(866) 786-6306
Alex Construction Inc,(703) 296-5016
KS&D Home Improvement and Construction,(443) 438-8499
Ts Janitorial Services Inc. Crime Scene Cleaning,(443) 739-4799
Nations Home Remodelers,(410) 549-2040
Baltimores Best Tub Refinishing,(410) 284-4102
J and J Hopkins,(410) 750-2494
Universal Contractors,(410) 796-7676
Noble Shower Doors,(844) 427-4693
Nasir & AssociatesLLC,(888) 347-1283
Four Seasons Home Improvement Company Inc.,(301) 948-2678
Avena Constracting,(410) 682-6111
B-Dry,(410) 255-2200
Uprising Builders LLC,(240) 701-4829
JA & Sons Landscaping,(410) 719-0424
ALC Contractors,(410) 356-7300
Ashlyn Inc,(410) 760-0394
Home Improvements,(410) 882-2086
JCR Contracting Group,(202) 427-1393
Renaissance Contractors,(410) 365-3810
Prevalent Exteriors Inc,(240) 477-8000
K and K Environmental Services LLC,(410) 818-7993
HandyWorx,(410) 557-0300
Baltimore Kitchens and Baths,(443) 844-3387
K & D Welding Inc.,(410) 974-6999
Highland Renovations,(410) 666-1616
Rhinehart Railroad Construction,(301) 744-7222
RLS Contracting,(410) 239-3785
AGCP Construction,(443) 447-6927
PHB,(302) 378-9693
Baltimore Smart Homes,(443) 519-5301
E Cooper Contracting,(410) 766-6770
Mold Remediation Pros,(443) 961-2725
Tradesmen International,(443) 992-7041
Cianbro,(410) 636-3000
Arundel Wood Floors,(410) 787-0046
New World Construction Inc.,(410) 366-0444
Brycon Corporation,(443) 817-0076
Master Shower Doors,(302) 368-7888
Foam InSEALators,(301) 948-1600
Hawkeye Construction,(410) 752-9266
Hadpro,(703) 665-4141
High Performance Home LLC,(410) 635-2410
Basement Authorities Chesapeake,(443) 529-9902
Bronson Contracting,(410) 360-8587
Biddinger Contracting,(410) 439-1005
SI Restoration Fire Water Mold,(888) 612-0523
Pond Robert,(410) 321-7886
The Kay Nicole Group,(917) 379-2916
C and D Home Improvements,(410) 216-4209
RM Property Services Inc.,(443) 742-6517
Accent Remodeling,(410) 788-6424
MB Building LLC,(443) 652-2436
Value Dry Waterproofing,(888) 768-2583
Masterspec,(410) 825-1746
The Residences at Pomona Park,(410) 484-2040
Turn Key Properties,(240) 388-1248
X-Press Contracting LLC,(410) 866-5300
Armond Aquatech Pools,(610) 279-3800
Mr. Basement,(800) 661-0550
General Maintenance & Construction,(410) 691-2233
Danel Designs LLC,(443) 433-2472
Renovo Group,(443) 756-9140
Rule4 Building Group,(443) 757-0431
Annapolis Home Renovations Inc,(443) 254-1603
East Coast Plumbers of Parkville,(443) 957-1351
Hughs Services,(443) 277-1051
Oliver Homes,(301) 797-0000
Crockett & Sons Concrete Contractors,(410) 378-9890
Hersh Concepts,(717) 225-3852
Houseworks Unlimited Inc.,(301) 831-5178
Acme Ladder & Equipment Co,(410) 355-1955
H2oasis Ponds,(571) 379-3494
Design Build Remodeling Group,(443) 300-1105
Ray Stefanski Plumbing & Drain Cleaning,(410) 284-7430
Rightway Development Inc,(703) 644-1444
American Contracting Services,(410) 494-0900
Heer Bros,(443) 817-1700
Ara Construction,(443) 770-0800
MD Electrical Co,(410) 285-2698
Richard Hammond Builders LLC,(410) 758-1305
Robertson Heating & Air Conditioning,(410) 647-9445
W K Contractors,(410) 922-2979
Henderson Services,(443) 231-4372
Jerrell Design Group,(410) 439-0310
Patriot Plus Contracting,(410) 360-9393
Maryland Decking,(443) 637-2429
Home Professionals Inc.,(888) 757-2658
J M Taylor,(410) 325-3300
A & S Contracting,(410) 256-0389
Lang and Company,(410) 941-2570
Express Countertops,(410) 712-0601
Homeland Builders LLC,(443) 336-1164
Gemini Construction Services,(301) 332-2119
Greenleaf Remodeling,(410) 207-0344
Rosedale Plumbing,(410) 650-4018
North American General Contractors,(410) 485-7757
Home Energy Loss Professionals,(410) 282-1422
A-J Construction,(443) 621-7298
Mermaid Construction Co,(410) 426-3101
Bills Portable Welding and Fabrication Service,(410) 780-3015
Renewable Energy Corporation,(410) 560-9032
JBM Contractors Inc,(443) 762-9587
Team Cam LLC,(443) 304-2237
Absolute Best Chimney Sweep,(301) 814-4114
Sasser George W & Sons,(410) 455-0268
Dacco Detroit of Maryland,(410) 866-8836
Designing Renovations,(443) 690-1240
Norino Properties & Construction,(410) 663-9444
Kt Construction Services,(410) 882-4410
Peach State Roofing Inc,(410) 335-5745
Champion Chimneys & Home Services,(410) 335-0001
Parkville Plumbing,(410) 630-4166
Western Cary Building Products,(410) 242-7785
Deck Armor,(866) 340-4908
North Arundel Contracting,(410) 766-2855
W B Cooper Roofing & General Contracting,(410) 536-7236
Henry H Lewis Contractors,(410) 377-7590
Gem Construction Co,(410) 866-3712
Pulte Home Corporation,(410) 644-0246
Pulte Home Corporation Baltimore Operation,(410) 644-3013
Budgit Cranes & Hoists Distributors,(410) 644-6161
Albecon Construction Services,(410) 368-9098
Albecon Pm,(410) 646-0102
Tidewater Remodeling & Construction,(410) 592-9993
Hardrock Pavements,(888) 280-6595
Long Construction,(856) 466-6370
Kreider and Diller Builders Inc.,(717) 393-7273
Mercury Home Remodeling,(410) 356-4424
Seipp Construction & Remodeling,(443) 375-2833
T. B.Bova Inc.,(410) 299-4688
Boss Crete,(610) 241-6308
Dicarlo Construction Services,(610) 930-3199
Forge Construction,(610) 558-4705
Thd At Home Services,(410) 314-1020
Pape Contractors,(888) 377-6722
Pfeiffer and Company Contractors,(410) 978-2504
Daltile Sales Service Center,(410) 636-7012
Bowie Home Improvements,(240) 479-8712
Bel Air Home Remodeling,(410) 688-1546
WP & Son Contracting,(443) 377-7779
H & H Contractors,(410) 737-8222
Southland Industries,(443) 451-7700
Harmon,(410) 737-0500
K & L Contractors,(410) 636-5210
Padilla Home Improvement,(484) 490-2780
Cornerstone Contracting Company,(410) 692-2876
Lee Brothers Contracting,(410) 788-7181
Halpin Regal & Donze Kitchens,(610) 864-8585
The Concrete Protector,(610) 571-2333
Nevins Construction,(410) 746-1068
M & S Marine Industrial Services,(410) 737-4840
Vastec,(410) 284-8000
Advance Restoration & Remediation,(410) 885-6417
Caton Contracting & Remodeling,(410) 744-4338
Homelife Remodeling,(410) 864-0178
C. A. Taciak & Sons,(410) 339-6364
Questar Homes,(410) 277-3850
Allied Remodeling,(410) 828-1730
Aspen Contracting,(410) 239-1848
Allied Asphalt,(717) 867-8456
All Star Fence and Landscaping,(610) 326-1704
Meckley Services,(410) 247-4006
Homefix Corporation,(703) 383-0400
Passionate Restorations,(443) 866-2428
The Grout Medic,(410) 636-3828
Conestoga Tile,(410) 789-0700
Mr. Basement,(888) 538-6026
Steves Construction,(410) 242-2525
PTG Enterprises,(410) 636-8777
Allens Telephone Service,(410) 247-7330
Andres Cleaning Service,(410) 242-2195
Bathroom Remodeling Pro,(410) 917-9877
Dundalk Plumbing,(410) 650-4018
American Water Damage,(443) 457-6350
Varia Systems,(410) 536-1900
Advanced Building Concepts,(443) 277-6458
Baltimore Building & Construction Trades Council Afl-CIO,(410) 242-0522
X-Press Contracting.com,(410) 866-5300
Coldwright Plumbing and Heating,(410) 679-8487
Just In Time Complete Construction,(610) 620-8911
LaRose Landscape And Home,(443) 814-5095
Calvert Mechanical Solutions,(410) 323-5400
Northern Chesapeake Builders,(410) 828-4300
Smallwood G,(410) 242-2799
Alashek Contracting,(443) 278-3411
Schaefer Siding Company,(410) 781-4028
Gold Crest Homes,(410) 494-8899
R & R Remodeling & Supply,(410) 580-0001
Superior Home Improvements,(443) 602-8218
T ZS Home Remodeling,(410) 477-6709
H W Fiori & Son,(410) 355-3911
Cer,(410) 247-9096
Crowley Ray General Contractor,(410) 574-5544
How-Remodelers Program,(410) 265-7400
THD At-Home Services,(301) 370-5180
Architectural Construction Products,(410) 737-2100
Image Improvements,(410) 789-2858
Helping Hand Handyman & Home Service,(410) 661-5885
Eazy Does It Cleaning Service,(443) 267-7723
Marani A R,(410) 426-3690
Boudreau Remodeling,(410) 615-7110
Champion of Baltimore,(410) 989-5182
Masco Contractors,(410) 288-5000
American Sanders,(410) 440-1169
C W Walter & Sons General Contractor,(410) 247-3652
C W Wright Construction Co,(410) 247-0220
All Work,(443) 326-3300
Hns Developement,(410) 665-9310
KB Heating & Plumbing,+44 868 974036
Fleet Construction,(443) 500-4304
Machado Construction,(410) 247-2662
Display Craft Mfg Co Arbutus,(410) 242-0400
Jno K. Eareckson,(410) 788-4200
Machado Construction,(410) 247-3633
A& I,(410) 238-3020
Form Services,(410) 247-9500
Synodinos and Associates,(410) 235-1428
Washington General Contractors,(443) 901-1700
Stone Manor Custom Builders,(410) 321-8888
Tartan Terminals,(410) 285-4732
Rj Musser,(410) 687-2900
Rhema Cnstrctn Co,(410) 288-7010
R L Bryan,(410) 737-8641
K Brother Constrcuction,(410) 247-5055
Coys Professional Cleaning Service,(410) 285-0155
Pikesville Plumbing,(410) 504-1180
Star Construction & Remodeling Company,(443) 415-2841
Bilden Design + Construction,(443) 900-1418
Central Maryland Contracting,(443) 625-5826
Carder Construction & Remodeling,(410) 282-9544
Meadow Brook Water Treatment Service,(410) 882-3929
Weatherseal Construction,(410) 737-9286
Blake & Sons Contracting,(410) 657-7794
Hammerhead Construction Inc,(410) 686-6162
Scarfield Development,(410) 284-2200
Jeffery Brown Construction,(410) 339-5733
Trialliance Commerical Real Estate,(410) 339-5733
JRC Roofing and Contracting,(443) 307-5278
Markey Lee & Son Remodeling,(410) 321-7137
Bre Construction,(410) 668-0888
Martinez Cleaning Service,(443) 540-0260
Affordable Radon Reduction,(410) 284-8899
Waverly Construction,(410) 536-2010
