Bay State Refinishing & Remodeling,(617) 848-0453
Refine Construction Inc,(617) 304-1462
KEP Construction,(857) 204-7600
Proforma Design/Build,(617) 288-9100
Remodel Boston,(617) 512-1331
New England Design & Construction,(617) 708-0676
RJT Carpentry & Tile,(617) 593-8632
OMalley Construction,(617) 309-8702
Flanagans Precision Woodworking,(617) 407-4870
New Looks Home Improvement,(617) 424-4969
DK Remodeling & Home Services,(617) 894-1815
Brownstone Construction,(774) 240-5474
Downtown Abbeys LLC,(617) 580-8273
HR Finishing Expert LLC,(617) 778-3897
Bryson Builders Inc,(857) 776-8550
Poggenpohl Boston,(617) 236-5253
Shandon View Remodeling,(617) 653-3318
Halliday Construction,(617) 323-2323
A D Construction LLC,(617) 201-1018
The Scipione Group,(617) 942-2413
Sleeping Dog Properties,(617) 576-6100
DiPierro Design-Build-Remodel,(617) 592-6447
Greenmen Builders,(857) 327-8248
DdA Home Remodel,(617) 553-0434
Suffolk Construction At the Mandarin Hotel,(617) 236-6417
Macdonald Custom Painting & Carpentry,(617) 657-3004
Bulldog Wood Working,(617) 269-3987
Blackstone Urban Landscapes,(617) 699-7076
Stephen Byrnes Masonry,(617) 412-8193
Sun Property Group,(617) 765-0400
Vision Construction,(857) 540-2385
Sherriff Fine Building & Remodeling,(978) 979-7871
Mr. Iceman Co. Roofing,(617) 269-4604
SD Construction,(617) 518-9779
Interstate Rental Service,(617) 522-6200
D S Brody & Associates,(781) 893-1002
Billy Sweet Chimney Sweep,(617) 469-4528
Higgins Floors,(617) 254-2558
Designworks Company,(781) 724-7253
ABRN Development Corp,(508) 658-0499
Commonwealth Building and Renovation,(617) 680-6040
Prime Design Professional Contractors,(617) 610-1808
Cummings Home Improvements,(781) 665-1042
All Drain Services,(617) 357-5355
Rennovare Construction & Fine Carpentry,(857) 888-6770
Above All Fence,(617) 230-7682
Shawmut Design & Construction,(617) 622-7000
Krantzform - Transforming Space,(617) 942-1299
Absolute General Contracting,(617) 464-3399
S & S Abatement LLC,(781) 245-4455
Remodeling Boston,(781) 325-2009
C&J Masonry,(617) 418-5243
Bath Professionals Or Bath Pro,(781) 853-7652
Stahl Construction,(508) 561-4699
South Shore Dream Bath,(781) 733-5405
Toms Home Renovations,(847) 829-0702
Paulo Santos Construction,(781) 420-2356
Arya Roofing,(617) 605-6667
Boston Sport Courts Resurfacing Co.,(857) 265-4768
McGue Excavating,(617) 872-8779
Independent Life,(617) 229-6484
Sams Glass Inc.,(617) 338-6038
Winter Hill General Contractor Inc,(781) 321-1991
A. Adam Construction,(617) 308-4680
Handy Hands Company,(617) 752-8059
Payton Construction,(617) 423-9035
BSA Management & Construction,(617) 236-4470
Reeds Ferry Sheds,(603) 883-1362
Exterior Solutions,(866) 825-2163
Mobile Handyman,(617) 938-3952
Allain Construction,(508) 393-4652
Renovation Planning,(617) 236-7399
JL Stone,(781) 820-8482
Three Sons Window & Door,(781) 899-6353
By Home Mass,(508) 680-3068
Castellanos & Sons Contracting,(781) 801-7124
Boston Glass Group,(617) 505-6091
Crawford Construction,(857) 492-1616
International Builders Inc,(617) 859-7623
Dan Driscoll,(781) 964-2964
Abacus Builders & General Contractors,(617) 269-1213
Future of Construction,(617) 999-3296
Narman Construction,(857) 236-1639
Arcaya Remodeling,(781) 726-0962
New England Soundproofing,(781) 710-1261
Old Boston,(617) 792-9697
Classic Window Specialist,(617) 593-7050
Kim Davidson,(781) 523-9391
NGN Home Improvements,(617) 383-3455
Foundation Pros,(857) 263-2898
Always Deleading,(910) 876-5494
Roof Hub,(857) 247-3716
Mdarcycarpentry,(617) 438-0291
Boston Concrete Cutting,(617) 375-1005
Walsh Brothers Construction,(617) 878-4800
J & M Masonry & Restoration,(857) 254-1618
4 Seasons Landscaping & Home Improvement,(617) 763-2551
Quality Services,(617) 437-7504
At Your Service Remodelings Inc.,(857) 928-4961
Frank C Hamm,(781) 956-0739
Geo-Pom Construction,(857) 313-9558
Farias Home Improvement,(617) 719-5468
Real Pro Rehab Inc.,(617) 296-4924
Xstructural,(617) 861-3851
Boston Network Cabling & Wiring,(617) 250-8859
Swat Radon Mtigation of Boston,(617) 248-3975
Wess Company,(617) 569-8170
GMB Property Services,(617) 595-8025
Plattypus LLC,(617) 828-7883
Asap Cleaning Service,(781) 214-0047
Bathrooms By Design,(800) 900-4482
The Carter Corporation,(617) 464-7951
C C Brothers Construction Company,(617) 338-8181
Divisions Unlimited - Kitchen Remodeling,(617) 365-4311
Turner Construction,(617) 247-6400
One Way Development,(857) 488-3623
Miller Custom Craftsmen,(978) 846-8251
MO Specialty Services,(857) 492-2580
Structure Tone,(617) 348-2800
MD Cleaning,(617) 348-2102
Ids Construction,(617) 338-8688
Giancarlo Zambrano Contracting,(617) 610-0646
Boylston Properties,(617) 262-4646
New Look Painting and Contracting,(617) 282-1845
Whiting Environmental Building Inspection,(617) 202-3919
J&E Flynn Paving & Masonry,(866) 424-6191
B & B Paving,(857) 417-0146
Mastrangelo Design,(617) 750-8113
Lopez House of Stone,(857) 492-1576
Aftermath Services,(857) 445-0594
Duct & Vent Cleaning of America,(617) 262-4666
N Ec Maintenance Services,(617) 464-3814
Jurek Contracting Company,(617) 367-3436
Caledonia Construction & Affordable Deleading,(617) 282-1603
Keo Construction,(781) 322-7130
MBO Construction,(617) 610-0756
Beantown Chimney Sweep,(617) 469-0700
Henry Scopa Home Improvements,(617) 921-2127
Cheshire Development | Mechanical Contractors,(617) 548-3303
National Remodeling & Construction,(617) 680-3339
pjp cleaning services,(617) 804-5857
Home Remodeler Group,(857) 321-9776
Moores Maintenance,(617) 281-4860
FX Remodeling & Exterior,(617) 219-9333
HSE Contractors - Boston,(617) 870-2065
Artesanis Stone Innovations,(508) 454-1120
Remodeling Contractor Boston,(888) 554-5018
Freedom Bath Products Of New England,(877) 431-2747
Handyman Property Management,(617) 901-6506
Jay Cashman,(617) 423-2045
Pope Industries Inc.,(617) 337-0199
Affordable Quality Kitchens,(508) 272-8366
Southern Air,(617) 268-4041
Old Harbour Construction,(617) 765-4450
M&M Construction and Cleaning Services,(617) 505-7976
TLS Collaborations,(857) 253-8391
John Devaney Painting,(781) 414-0528
Marks Master Service,(781) 325-8070
Mass Core Drilling,(617) 638-0006
TheNuvision Home Improvement,(857) 220-7772
Details Home Improvement,(617) 230-3033
American Building Technologies,(781) 598-7125
Flood Help,(781) 224-4357
ARI Services,(857) 221-2994
Metropolitan Construction Company,(617) 303-3811
Constructway of New England,(617) 286-2900
J&W Contracting,(857) 399-5325
Burns Home Improvements,(617) 939-4185
Wendel Klein Builders,(857) 253-1890
T&T Hardwood Floor,(857) 919-8110
DUZ Construction,(617) 719-6192
Home Solar,(855) 843-0660
Atlantic Drain Service Company,(617) 442-7020
Velasquez Bros Remodeling and Landscaping,(617) 676-8631
Osgood And Sons,(978) 607-0939
East Coast Partners,(617) 990-0199
Desousa Tub & Tile Reglazing,(617) 501-6309
J F Murray Contracting,(617) 592-6998
Cambridge Home Renovations,(857) 829-3156
RB Painting Company LLC,(617) 902-0455
Doherty Remodeling and Painting,(781) 608-7695
Landworks Industries,(617) 938-3434
Boston Built In,(781) 389-7772
Good Faith Companies,(617) 590-2546
A-1 Construction Company,(617) 567-3700
Bfcc Building Facilities & Construction,(617) 247-1231
The Drain Guy,(617) 591-1199
CJ Doherty,(781) 395-5400
A/R Home Renovation Corp.,(781) 219-8959
Interlock Metal Roofing - Massachusetts,(508) 660-6665
I & M General Contractor,(617) 442-0121
United Remodeling,(617) 935-3031
Alpha Construction,(617) 671-8755
Caledonia Construction Company,(617) 690-2122
Watch City Kitchens & LeBlanc Contracting,(781) 893-3234
DLM Remodeling,(781) 789-8827
Metin Home Improvements,(781) 300-1380
Tony & Son Tile,(781) 397-9850
New England Constuction Services,(617) 869-8494
J Murray and Sons Construction,(617) 625-9015
BostonLoam,(781) 254-2773
Design Construction & Consulting Services,(617) 541-0900
Community Builders,(617) 426-7456
Oconnor Constructors,(617) 262-9765
Feeney Bros Excavation,(617) 287-1004
Quality Home Construction,(617) 338-0899
Ashling,(617) 482-2202
Cafco Construction Management,(617) 426-7600
Boston Closet Co.,(617) 628-1150
Upton House,(617) 266-4999
Bricklayers & Allied Craftsmen,(617) 423-9511
Domus Design & Development,(617) 210-0746
Carman & Company,(617) 523-2253
Gvl Contractors,(617) 542-4851
Kenwood Builders,(617) 505-1857
BostonLandscapers,(617) 266-9666
Textile Building Trust,(617) 482-4380
Ng Brothers Construction,(617) 338-0988
Rosenberg Lewis Contr,(617) 423-7711
Berkeley Contracting,(617) 236-4222
Red Swan,(617) 314-7275
Cdm Constructors,(617) 288-5013
Chancellor Corporation,(617) 422-5858
Walsh Brothers,(617) 878-4800
Bricklayers Apprenticeship & Training Center,(617) 825-5011
Na Fianna Construction,(617) 372-3427
B Sc Corner,(617) 451-8032
Walsh Corporation,(617) 282-7028
Haycon,(617) 652-0670
434 Woodworks,(603) 660-6592
Gilbane Building Company,(617) 478-3300
Gilbane Building Company,(617) 478-3300
D&D Home Improvements,(800) 600-1740
John P. Barber Licensed Builder Remodeler,(781) 337-1188
Corbett Plastering,(617) 347-9077
Dailey & Dow,(617) 367-1919
Mourad Construction & Electrical Company,(617) 364-3005
Water Dry Basement Solutions,(978) 664-3664
Adams Custom Builders,(617) 725-1005
Metro Region Enterprises,(617) 267-7383
Martin Construction & Remodeling,(617) 566-4333
Ultimate Reglaze,(617) 478-0644
Iafrate Construction,(617) 227-8273
Bayview Construction Company,(617) 737-9091
Bourke Contracting,(617) 787-6400
Thomas Construction Services,(617) 427-8443
Pauls Refrigeration Service,(617) 266-4244
Pfi Construction Corporation,(617) 330-7477
Mass Construction,(617) 288-5202
I C S,(617) 720-2340
The Learning Contract Incorporated,(617) 303-3500
Charles Hall Construction,(617) 261-1888
A Designing Steel,(617) 282-6296
Woodland Construction & Development,(617) 288-0884
G B Janey Construction Co,(888) 425-2668
Skanska USA Building,(617) 574-1400
Cultural Construction Co,(617) 654-0501
B & J Contracting Co,(617) 423-2969
Gilbane Building,(617) 426-0966
DC Beane & Assoc Const Co,(617) 330-9900
Gilbane Building,(617) 854-7420
Corderman & Company,(617) 542-9200
Mass Bldg Trust,(617) 482-2193
Building Restoration Services Corp,(617) 899-3329
Corporate Telephone Services,(617) 269-5700
Tishman Construction Corporation of Mass,(617) 723-2050
Fay Spofford & Thorndike,(617) 723-8882
Commercial Contracting & Maintenance,(617) 464-4609
Gpq Maintenance,(617) 269-0800
Corderman & Co,(617) 542-9200
Alfaro Mendoza,(617) 504-7987
Struever Bros Eccles & Rouse,(617) 578-0600
Brewster Remodeling,(617) 472-6604
Amerihealth Services,(617) 973-9444
Sea & Shore Contracting,(617) 523-1692
Kitchen Style,(617) 522-4910
Rubin Gary K & Assoc,(617) 720-4296
Environment & Construction Service,(617) 338-2121
Devereaux,(617) 742-3830
Architectural Contracting,(617) 391-0055
Back Bay Development,(617) 599-2245
Marliz Cleaning Service,(800) 255-6997
Buschini Robt Construction,(800) 286-1836
Nicholson Construction,(617) 288-1276
Tara Construction,(617) 269-4924
Dream Builderz,(617) 448-9802
Spaulding & Slye Colliers,(617) 531-4100
Delvision,(617) 275-5999
Ryan Construction,(617) 247-1004
Contracting Specialists,(617) 345-0929
Clark Builders,(617) 353-1550
Mattie & Obrien Contracting,(617) 464-4200
Veterens Construction,(617) 307-6372
Jay Cashman,(617) 423-1749
Cuchulainn Construction General Contracting,(617) 596-1988
Ancon Inc Design & Construction,(617) 248-0159
Palumbo Construction,(617) 742-1212
Tiernee Plastering,(857) 939-8616
Heritage Construction & Supply,(617) 269-3430
Jay Cashman,(617) 439-3197
Walsh Brothers Incorporated Contrs,(617) 661-7429
Michael Burke Construction,(508) 250-5928
Boston by Design,(617) 268-1400
Crossman Builders,(617) 267-7500
All In One Home Improvment,(857) 266-0770
Alls Construcion,(617) 602-6010
Gorham Plastering,(617) 268-0648
Fitzgerald Construction,(857) 719-6145
Waypoint Development,(617) 464-0800
Freaney Corporation,(617) 361-4400
Honeywell,(617) 269-9128
Marcopolo Construction Co,(617) 202-3287
BosCorp,(781) 389-0607
Hillside Construction & Remodeling,(617) 669-9473
Massachusetts Alliance For Small Contractors,(617) 482-8010
Stealth Construction,(617) 623-3300
Modern Continental,(617) 848-0845
Mc Cabe Jos P,(617) 268-2030
Bostonian Floor Company,(617) 481-8106
Devonshire Constr Company,(617) 227-7152
South Boston Elderly Home,(617) 464-1001
McCourt Construction,(617) 269-2330
CTA Construction Company,(617) 268-1410
Target Construction,(617) 422-1635
McMillan Construction,(617) 422-1633
Turner Construction,(617) 738-7296
Spinale Construction & Remodeling,(617) 877-3705
Ilama Construction & Construction Management,(617) 442-3761
Macomber Co George Bh,(617) 478-6200
Ultimate Kitchens Baths,(617) 959-6251
G V W,(617) 567-6000
R and G Contracting,(857) 472-1941
J K Blackstone Construction Corporation,(617) 464-1102
S Lennon Plastering,(857) 222-1285
Reliable Fence Boston,(781) 933-9363
DM Construction,(617) 268-3770
Salvatores Plastering Company & Blueboard Contractors,(617) 464-0014
Wright R & Son,(617) 268-0949
B & W Construction,(617) 269-2800
Waynes Construction,(781) 608-0390
L & F Construction Company,(617) 567-6125
Evans Construction,(781) 393-1819
Kingdom Contracting,(617) 859-9099
Boylston Drywall & Plastering,(978) 937-5855
Swift N Shine,(617) 721-4157
Trusted Roofers Boston,(857) 254-8431
Old Harbor Construction Corporation,(617) 268-4540
A T Construction Corporation,(617) 567-4046
Zvi Const Co,(617) 731-5599
Zvi Construction,(617) 731-5599
RJF Construction & Design,(877) 660-9887
Donelan Contracting Inc.,(617) 522-8532
Charlesbank Construction,(617) 730-5472
Noranda Construction Company,(617) 536-3155
Hersey Contracting,(781) 985-5489
Bovis Construction,(617) 598-4300
J F White Contracting,(617) 568-3883
Longfellow Design Build,(774) 255-1709
Hurley-Testa Construction Co,(508) 359-8720
Aby Construction,(617) 569-4806
Fyma Corporation,(617) 288-0800
Falcon Construction,(800) 614-1041
Tritto Enterprises,(617) 783-1719
Saltsman Brenzel Design & Construction,(617) 350-7883
BTT Marine Construction Company,(617) 567-9100
Custom Contracting Inc.,(781) 648-2835
Metropolitan General Contractors,(617) 561-4151
The Joinery Shop,(617) 242-4718
Northeast Chimney Sweeps,(781) 935-5488
Innovative Contracting Services Inc,(781) 393-4427
Castlemaine Carpentry and Painting,(781) 267-1777
Borges Sewer and Drain Cleaning Co,(617) 293-4902
Built-Well Construction Company,(617) 484-9690
Clean Air Environmental,(617) 970-2572
Mack Plumbing & Heating,(617) 288-5184
McNish Building & Development,(617) 501-0075
Mourad & Sons Construction & Electrical Company,(617) 265-0691
Cfc,(617) 288-2888
R & B Fence,(617) 288-8661
Mulligan P & Son Roofers,(617) 436-4442
Kennedy Carpentry,(617) 288-0836
Mark Anthony Construction,(617) 822-1111
Columbia Construction,(617) 265-9407
Scanlon Jk Company,(617) 569-7337
Cashman Ka,(617) 742-4160
Target Logistics,(617) 586-1100
Boston Sewer Cleaning,(617) 514-1296
Rescon Basement Solutions,(877) 949-2938
Olde Boston Corp,(617) 869-8494
Newton Fire and Flood,(617) 564-0777
Joe Green Home Solutions,(781) 816-9051
Pann Home Services,(617) 864-2625
Pro Pave,(855) 336-7776
Patti Construction,(617) 567-6436
Value Construction LLC,(617) 846-7455
Decolores Painting,(774) 641-0706
Nick Portnoy Builders,(781) 330-1074
Prates Construction,(508) 740-5795
Duane Wrecking Co.,(617) 282-4885
Remodeling Enterprises,(617) 323-9520
East Cambridge Handyman Services,(617) 520-4604
Classical Details,(617) 600-3585
Boston Green Building,(617) 202-3777
B&D Construction,(508) 823-2413
Artistic Carpentry,(617) 506-3877
Boston Metropolitan Construction,(617) 567-4883
TM Sullivan Construction,(781) 659-1269
J J Construction,(617) 561-0247
Aldor,(617) 779-0045
Stilphen Construction,(617) 804-0512
Supreme Stone,(617) 606-0868
Certified Property Management,(617) 738-6606
Benedictus Contracting,(617) 869-0144
A.N.B Construction,(617) 771-9154
Joes Floor Sanding,(617) 242-5516
Newton C H Builders,(617) 723-4567
JAZ Building and Remodeling,(617) 510-7305
Mulligan Painting & Contracting,(781) 219-8627
A Few Good Tradesmen,(774) 219-6785
J & J Building and Remodeling,(781) 816-1114
King Quality Painting,(617) 877-3011
Steve and Sons Home Repair,(617) 628-6251
Gordillo Restorations,(617) 243-9006
MJ Repair & Construction,(617) 233-4257
Orival Property Services,(781) 346-9562
United Tile America,(617) 926-3585
Trethewey Brothers,(617) 325-3283
Ocean Builders,(617) 472-7000
Lockwood Construction Company,(617) 277-6312
Precision Maintenance,(617) 561-0443
Dream Work Carpentry,(617) 222-0003
Express Remodeling Group,(781) 723-1426
J & J Remodeling,(401) 601-7798
Advanced Construction Company,(781) 395-2100
Tanks A Lot,(617) 666-0177
Excel Painting,(774) 274-5193
Bright Corp - Fine Painters,(617) 942-0776
Fitzgerald painting services,(781) 696-1686
Primus Company,(781) 443-4017
Alligators Rooter,(617) 646-9864
Kitchens By Hastings,(781) 233-7171
All Points Contracting,(617) 842-6957
Household Helpers,(617) 818-2079
Sheehan Remodeling,(857) 266-3712
Koko Boodakian & Sons,(781) 729-2213
MJ Nicholls Landscaping,(617) 471-0555
Alpha Vinyls Company,(508) 944-2522
Oconnor Painting & Construction,(781) 306-0046
Concept 21,(603) 365-9729
Boston Chimney Professionals,(617) 418-4224
New England Outdoor Sheds & Gazebos,(800) 649-4549
OUR HOUSE Design + Build,(781) 888-1111
W W H Construction,(781) 475-9039
Mottl Cabinets,(781) 942-8880
Adam Construction Company,(617) 500-1376
Royal Thermal View Inc.,(508) 473-3269
Boston Gutters,(857) 301-6422
First Choice Construction,(978) 922-3949
d.a.kinsella company,(978) 667-7971
Renaissance Masonry Inc,(617) 924-2348
Moraes Remodeling,(617) 718-4439
M. S. Peterson Contracting,(508) 659-6822
Ambience Construction,(617) 544-7161
Capuano Construction,(781) 665-9634
Kavanagh Remodeling,(617) 610-1463
Capital Construction Contracting,(617) 319-1225
D&H Construction,(978) 532-8188
Universal Cleaning Service,(617) 569-7727
Bath Pal,(800) 529-4276
Doucet Remodeling & Design,(781) 438-6225
Donovan Painting,(617) 817-9482
R Brooks,(617) 817-2474
Pioneer Basement Waterproofing,(800) 649-6140
Dolan Remodeling,(508) 883-8291
Arch Painting Inc,(781) 933-9335
Closet Solutions,(617) 628-2410
Gallagher Remodeling,(617) 489-1959
Bruno a Visco Builder,(617) 244-5873
Moonworks Home Improvement,(800) 975-6666
Boston Room Dividers,(617) 356-8119
Projects Unlimited Construction,(781) 603-3604
Guaranteed Builders & Developers,(508) 476-1500
Sergios Renovations,(617) 438-4009
S.D.M. Custom Finish Carpentry,(978) 884-8040
Richard G Berry & Associates Inc,(781) 333-9929
Four Seasons Air,(617) 367-3500
Absolute Granite & Design,(978) 369-3055
Bates Remodeling LLC,(781) 341-2414
Custom Carpentry & Renovation,(617) 733-3612
Empire Marble & Granite,(617) 625-9777
T A Sullivan Corp,(781) 329-4080
Professional Building Services,(603) 898-2977
Atlantic Awning Company,(781) 665-4040
C Garland Renovations,(857) 266-6661
Aedi Construction,(781) 608-3223
Fanuele Contract Services,(508) 332-2707
NEWPRO,(781) 933-4100
Two Bears Remodeling LLC,(617) 435-8420
Cleveland Fence Co,(781) 438-2468
D Muzzioli Associates,(617) 489-5332
Tom Curren Companies,(857) 702-0777
Recon Roofing & Gutter Services,(617) 924-1133
Ace Home Medics LLC,(978) 207-0326
K and T Builders,(617) 281-2893
Nadeau Corporation,(508) 399-6776
Bostonian Glass Company,(617) 699-6519
Nealco Environmental,(617) 740-8803
Pros Home Services,(508) 305-2656
Asphalt Services Inc.,(781) 247-5939
Presto Painting & Construction,(978) 356-5419
R.J.Ruggeri Construction,(617) 680-5352
A Dalelis Home Improvement,(617) 733-4988
Hometown Handyman and Remodeling,(508) 207-8313
Maven Construction AKA Maintenance Maven,(781) 727-5117
Boston Best Construction,(617) 918-7301
Dhimiter Sevi - General Construction,(617) 771-7041
Woodridge Construction,(617) 201-9175
Webster Construction Company,(617) 436-7944
MCD Inc. - General Contracting & Remodeling,(781) 858-3599
Image Glassworks Inc.,(978) 777-9900
Polselli Foundations,(774) 823-6236
T&L Home Improvements,(508) 410-7788
Kneeland Construction,(800) 373-9899
North Shore Roofing,(978) 977-3816
World Marble And Granite,(617) 293-4373
Quinlan and Company Kitchen and Bath Works,(508) 238-6528
Kirshon Paint Warehouse,(617) 884-4741
VBuilt Custom Homes,(781) 248-6452
Liafail Contracting,(617) 833-7403
Yeti Home Improvements,(855) 938-4466
Methuen Construction,(603) 328-2222
Dry Zone Basement Systems,(800) 906-4130
Sluggers Management and Home Improvement,(617) 806-6816
Bannon Paving,(617) 910-0580
Marra Flooring,(508) 881-2265
ClosetCraft,(617) 923-3999
Daniel Fox Roofing Co. Inc.,(617) 965-1294
Hanley Carpentry,(617) 293-9940
Sciaba Construction,(617) 728-4702
Tradesman Association,(774) 776-2443
Coast 2 Coast Tile,(734) 716-5015
ONeill Inc.,(857) 266-1576
Andrade Remodeling LLC,(774) 381-1957
Kingston Construction,(617) 506-1111
Alpine Environmental,(978) 250-2740
Tile Showcase,(617) 926-1100
B & B Aluminum Products,(508) 384-7989
Basement Remodeling Boston,(857) 254-8288
North Shore Chimneys,(978) 531-9205
MacGregor Building & Remodeling Inc.,(508) 624-7578
Canton Fence,(781) 344-7366
DeGeorge Home Improvements,(978) 561-9444
CRJ Enterprise,(617) 710-7520
S & P Contracting Services,(781) 335-3588
Crack-X,(866) 237-5109
Tenaglia & Son,(617) 778-4870
Markieblaine Contracting Inc,(508) 660-0000
Michael F Nash & Sons,(855) 484-6274
Tailored Living featuring Premier Garage,(603) 232-0117
Hillcrest Development,(508) 574-7474
Superior Exteriors Roofing Company,(617) 922-6062
Andover Renovation Solutions,(781) 937-8805
Shoreline Stone LLC,(860) 599-0600
Iwano Construction,(800) 807-0860
Kent Kitchen Works,(860) 927-4855
Somerville Ornamental Iron Work,(617) 666-8872
Bostonian Remodeling Inc.,(781) 309-7374
Fitzgerald Restoration Services,(617) 244-1996
Gaffney Contractors,(617) 795-9300
Better Home Improvement,(844) 291-6366
Shalon Sela Wood Floor Finisher,(856) 924-3149
Spencer Granite Co.,(978) 664-1471
Goddards Painting Service,(978) 664-2274
Renaissance Finishes,(617) 501-0480
Sage Cleaning Inc,(617) 308-5714
Custom Bath Remodeling & Liners,(781) 810-4007
McNally Roofing Co.,(617) 522-5353
Creative Kitchens & Baths Inc,(508) 477-3347
Folan Contracting,(508) 653-7943
JB Sash & Door,(617) 884-8940
AM Sealcoating,(781) 629-4441
Principal Builders LLC,(774) 573-4387
Top-Notch Custom Homes,(617) 335-0766
Ames & Young,(508) 949-0909
Thom Cincotta Custom Renovation LLC,(781) 654-7699
Tobin Construction,(617) 850-5855
US Cleaning Service,(617) 750-2445
M Madden Construction,(617) 265-8100
Meadows Construction Company,(978) 465-4735
Design Solutions,(781) 859-9610
Devonshire Construction,(617) 242-7555
Brighton Construction,(617) 964-8534
Stella Construction & Home Services,(857) 251-5110
CSA Construction Services LLC,(978) 238-5128
Vanleer Remodeling & Painting,(781) 784-3297
Prestige Kitchen and Bath,(781) 670-3909
R W Gillespie & Associates Inc,(207) 286-8008
Mr. Contractors Revolutions,(781) 866-1835
CK Custom Kabinetry Inc,(401) 371-2999
The Dorchester Awning Company,(781) 826-9001
Creative Design Interiors Kitchens & Baths,(781) 395-6300
Back Yard Living,(781) 871-2220
MJR Construction,(857) 272-9946
Merrimac Home Interiors & Exteriors,(857) 829-1107
Cleanex Housecleaning Service Inc,(617) 469-5556
Green Energy Home Improvement,(781) 898-9513
Champion Cleaning,(800) 979-1911
Matrix Basement Systems,(508) 834-7115
K&T Construction LLC,(978) 761-8705
Revel Garage Solutions,(781) 205-4339
Northeast Hardscapes and Masonry,(401) 545-7394
Garage Door Repair Newton Pro,(617) 631-8334
866 Junkrun,(866) 586-5786
Home Renovation Masters of Boston Inc,(617) 922-0003
KBA Contracting Enterprises,(401) 663-3883
By Home Mass,(508) 680-3068
ABE Electrical Installations,(508) 393-9029
Northeast Remediation,(855) 866-5323
D.A. Welch Construction,(617) 698-7268
Red River Management,(781) 416-1956
Classic Tile & Stone Inc.,(781) 741-5230
Coast Closets,(800) 431-6627
Brunos Painting Co,(617) 671-4931
Singarella Painting,(781) 953-9565
Clarion Construction,(617) 661-4100
Dura-Bilt Sunrooms,(857) 600-2579
Fiberglass Building Products,(781) 754-4890
KOD Restoration and Construction,(781) 507-4131
Creative Drives and Patios MA,(508) 369-7459
Morse Constructions,(617) 666-4460
D&R Construction,(617) 378-8975
Whitman Restoration,(413) 478-4768
Stein Construction & Landscape Inc,(617) 797-4618
Cjp Staircases & Custom Woodworking,(617) 785-3271
Callaghan Masonry & Building Restoration,(857) 244-9318
RR Veteran Contracting,(857) 200-0126
Plantscape Designs Inc,(781) 279-0032
Dream Basement Remodeling & Waterproofing,(617) 855-5354
Surge Painting and Remodelling,(857) 294-2913
Sherpadog Renovations,(617) 388-0932
Budget Insulation & Contracting,(781) 854-3441
S+H Construction,(617) 876-8286
ARS Restoration Specialists,(617) 969-1119
Moy Plastering,(617) 254-5383
Concrete Concepts & Design,(617) 596-4598
Pbi Construction,(617) 782-0084
Kingdom Roofing & Sealcoating,(401) 345-6359
Shp Fine Carpentry,(617) 987-0138
Arvig Service Solutions,(857) 991-2947
St Germain Construction,(617) 943-1287
A&E Painting and Home Renovations,(978) 219-2648
Quality Contracting,(508) 756-8800
MSH Architecture Associates,(617) 964-9812
The Sullivan Company Inc.,(617) 527-9989
Alcantara Contractor,(617) 283-1522
Copan Construction,(617) 259-6061
Mold Plus,(508) 615-9944
Baker Incorporated,(617) 869-0628
LeBlanc W J Plumbing & Heating,(978) 454-2761
Dedominici & Sons Remodeling,(617) 549-7173
Kenneth Vona Construction,(781) 890-5599
Harris Construction,(508) 987-9779
New England Scaffolding,(603) 410-2250
Bridgeline General Construction,(617) 391-8413
Plymouth Rock Kitchens,(508) 927-1074
K Patterson Paving Company,(800) 498-8277
M A Thenen & Co,(781) 863-1939
S & S Services,(857) 529-6121
A&O Danner Companies,(508) 209-4598
New England Aquatic Landscaping,(774) 437-1160
General Residential Services,(508) 989-6267
Cechinel Siding & Windows,(617) 623-1100
Suffolk Construction Company,(617) 442-0119
Mavros Construction Inc.,(781) 844-8133
McFarland Air conditioning  Heating services,(617) 792-3350
C M Allaire & Sons Log Homes,(800) 634-4838
Randy Archibald General Contractor,(617) 784-5184
Artios Architects,(617) 472-4772
Cole Cabinet,(401) 467-4343
The Green Cocoon Inc,(978) 462-0082
Construction978,(978) 998-4185
Michael Humphries Woodworking,(413) 498-0018
M&B Distinctive Remodeling,(617) 454-1435
Bigelow Fleming Construction Managers,(508) 230-7050
FBN Construction LLC,(617) 333-6800
Dream Work Carpentry,(617) 222-0003
Contract Framing Builders Inc,(781) 874-2032
Greater Boston Green,(617) 418-1444
Top Notch Contractors,(617) 997-1051
DOC General Contracting,(781) 376-9100
J. DiChiara & Sons Inc.,(781) 233-9105
Healthy Home,(781) 665-3006
Prestige Kitchen & Bath,(781) 670-3909
J M Construction Inc,(781) 552-9147
Level & Plumb Construction,(800) 443-3310
E. Jefferson & Sons Oil Company,(617) 361-4466
Terra Landscape & Construction,(978) 212-5434
Dangs The Builder,(617) 771-3658
Quality Design,(781) 686-4804
Back River Builders,(617) 286-6555
Causeway Contracting,(781) 826-6990
Peckham Associates,(508) 367-6389
LB Special Projects,(857) 301-8521
Pro-line Fencing Residential Design,(508) 326-3821
Girardi Construction,(508) 757-5126
Montrond Company,(617) 571-2254
Lou Guarino Construction,(781) 341-8736
Santino TrimWork,(508) 858-7069
Remodeling by Chris,(978) 372-3907
Gloucester Builders,(617) 241-5513
B&D Building and Remodeling,(617) 628-6890
Davis Painting Company,(781) 245-2628
Johns Sewer & Pipe Cleaning,(781) 569-6695
Janetes Cleaners Inc.,(781) 392-4246
Boston Chimney Company,(617) 418-3338
Feinmann Inc.,(781) 860-9800
The Principal Construction Group Inc,(617) 955-6622
Kenneth Vona Construction,(781) 890-5599
Commander Painting & Contracting,(781) 729-2435
Melos Construction,(978) 531-0811
Core Environmental,(781) 721-4540
Open Doors Construction,(617) 955-1778
Precision Trade Works,(860) 458-9361
Dotty Wyman Designs,(508) 577-5482
Northshore Window & Siding,(617) 628-7204
Robbins Remodeling,(781) 690-5315
C2IT Seal Coating,(508) 237-5521
MyCraftsmen,(781) 866-9255
C & A Engineering Services llc,(508) 510-6100
Next Gen Welding,(603) 674-1327
Plymouth Rock Dustless Blasting,(781) 489-8171
Paul E Dutelle And Co.,(617) 527-7282
Royal Contracting,(781) 326-5500
Gil Michetti Construction,(617) 803-1297
J & Co. Contracting,(617) 458-3026
Ciciotti Construction,(781) 595-6311
Final Pick Services,(508) 588-0007
Construction Solutions,(978) 388-7900
ShelfGenie,(978) 254-1747
Adelphia Construction,(781) 632-2585
Igos Welding Supply Co,(617) 926-2030
Scalzi Construction,(617) 924-8581
J Derenzo Company,(617) 427-4255
Bostons Best Chimney,(781) 893-6611
Abbot Building Restoration Co Inc,(617) 445-0274
Regatta Construction Inc,(781) 631-9200
Ninos Iron Works Inc.,(617) 389-6603
Paul Flaherty Plumbing & Heating,(508) 653-1775
Barry Marquis Masonry,(617) 347-9490
Best Painting 123 LLC,(860) 455-8888
Woodworks Construction,(508) 395-8138
New England Cabinet Doors & Kitchen Designs,(617) 469-5445
Ok 2 Age At Home,(617) 590-2144
Abbott Construction,(978) 767-5545
Aardvark Plumbing Service,(508) 946-0508
J. Santillo Carpentry,(617) 272-0410
TNT Remodeling,(857) 264-7990
MLB Construction,(617) 851-3958
Eastern Shed Company,(888) 347-4337
D.T. Hill Construction,(617) 293-8400
Boston Contractors & Developers,(617) 524-0999
Sam Karam & Sons,(508) 997-4746
Millennium Granite,(207) 646-8368
Cedar Property Maintenance,(339) 224-2227
Artizan General Construction,(617) 269-9800
Payne-Bouchier,(617) 445-4323
R S Painting & Carpentry,(781) 366-1392
VIP Home Remodeling,(617) 828-5308
Jenalzoco LLC,(508) 400-0862
MF Reynolds,(781) 393-4800
Universal Abatement Services,(978) 655-1684
Premier Fence,(781) 821-5900
Linden & Malden Cement Block Co.,(781) 324-7777
Viera Artesian Well Co,(978) 352-8434
Frank M. Prall Electric,(781) 801-8602
Ultimate Chimney Sweep,(800) 499-2726
MacLellan Plumbing & Heating,(781) 340-1221
Berg Building & Remodeling,(617) 462-6233
Shanahan Construction,(781) 843-0609
Professional Residential Remodeling & Service Inc.,(866) 518-2125
Out of the Woods Construction & Cabinetry Inc.,(781) 641-3332
Longleaf Construction Company,(617) 580-8252
City Pump & Motor Service,(617) 491-7111
BRC Renovations,(800) 272-0676
Hallmark Homes Remodeling,(781) 838-0789
Dutra Construction,(508) 561-4304
M&M Landscaping,(617) 686-0468
Gilman Guidelli & Bellow,(617) 776-7763
Stillwater Building & Renovation LLC,(508) 713-9754
Betel Interior Demolition & Recycling,(617) 230-7070
Downtown Surveillance Inc,(857) 523-0925
Jurado Construction,(617) 792-6999
Cleaning4BusyBody LLC,(857) 615-3910
Artistic Stoneworks,(781) 307-8916
Adams Construction,(617) 738-0085
The Wiese Company,(508) 655-4013
LC Painting and Construction,(617) 460-9893
JD Contracting,(617) 333-6700
Urban Sheds,(857) 888-1146
Boston Granite Countertops,(781) 899-0068
Encore Construction,(978) 443-4700
Skye Construction,(617) 491-8144
P&V Home & Garden,(781) 269-2337
Pauls Sealcoating,(617) 963-4693
Benson Builders,(508) 759-9615
Kitchen Tune-Up,(617) 209-8112
Northside Land Construction,(774) 400-9959
Mass Roof & Siding Company,(617) 230-7070
All American Contracting,(508) 314-9692
U.H.I. Contractors,(617) 955-4737
JRS Construction,(857) 540-3473
ReSharp Sharpening Service,(508) 697-8484
Charlie Allen Restorations,(617) 661-7411
Hands-On Construction,(978) 369-4605
Best Home Improvement,(781) 324-1295
Excel Granite,(781) 321-0045
Murray Construction,(781) 608-8142
AJR Wallboard and Plastering,(978) 392-9669
Total Access of New England,(508) 329-1031
A N Painting and Remodeling,(508) 297-1550
American Dry Basement Systems of Massachusetts,(888) 748-2002
Tara Construction,(617) 524-6450
Talon Reglaze,(888) 808-2566
P.A. Landscaping & Home Improvement,(508) 718-7467
Halloran Construction,(781) 279-4200
Cwc Builders,(617) 262-0681
White J F Contracting,(617) 241-5086
Venuti Real Estate Development,(781) 281-9453
First Class Carpentry Inc,(617) 650-4432
Kaplan Construction,(617) 232-3300
Westwood Building & Construction,(617) 922-3435
The Building Collaborative,(978) 987-0475
Make It Safe,(617) 678-2087
Finish Master Construction And Remodeling,(617) 970-3781
On the Spot Residential Services,(908) 462-4193
Brown Bros Roofing,(617) 524-1644
James Erb Construction,(617) 623-2515
C McGue Landscape Design & Construction,(617) 778-8775
Macs Contracting Company,(617) 389-0842
Ventmaster,(781) 643-7501
Galley Painting & Carpentry,(617) 293-5745
Star Contracting Company,(617) 287-0943
Wachusett Painting Co.,(508) 479-6760
A D Builders,(781) 789-6220
Boston Stone & Cabinets,(617) 606-5840
Burke & Company,(617) 437-0886
Kelleher & Co Landscape Design,(781) 545-6749
Sousa and Sons Painting and Remodeling Inc.,(617) 642-4193
Powers Generator Service,(800) 853-7202
Cape Cod Custom Flower Boxes,(508) 566-0716
Construction Managers & Developers,(617) 628-4900
GT Granite & Marble,(617) 212-1358
JMV Construction Inc,(617) 590-8260
Keith & David Home Improvements,(508) 207-0497
International Elders,(617) 469-4640
Giancarlo Zambrano Contracting,(617) 610-0646
Burke Property Services,(781) 369-1351
Cicconi & Sons,(888) 620-1845
Clark Construction Co,(617) 566-7343
Joe Marmai Building Remodeling & Restoration,(781) 254-3884
Woodman Floor Sanding,(781) 838-0580
Supremus Construction,(617) 771-7071
Art Stonework Construction,(508) 998-2762
Beantown Builders & Properties,(617) 291-8501
Essex Construction Services,(617) 566-3020
MA Construction,(781) 573-3259
Top Line Granite Design,(978) 251-8087
Mento Landscaping & Paving Inc,(617) 804-7661
Greene G & Company,(617) 734-0132
Affordable Cleaning Services,(508) 404-3920
Morgan Awning,(781) 569-6311
Brown Jas J & Sons,(617) 566-4082
Gunite Finish Supply,(800) 947-7807
Patriot Home & Carpet Cleaning,(508) 361-0050
Birchwood Building & Development,(617) 306-9586
Lopez & Lopez Contractors Inc,(508) 305-2055
Brian Js Construction,(617) 435-9047
Creative Home Improvements,(781) 316-4436
McDougall Bros Enterprises,(781) 733-2641
Ripano Stoneworks Ltd,(603) 886-6655
New England Sunrooms and Conservatories Inc,(508) 653-2700
Jackson Construction Company,(781) 355-5000
Bay State Property Maintenance,(617) 719-9132
Alternative Energy Solutions,(978) 897-8888
Melrose Painting Services,(781) 462-1528
Frankll Fix It,(781) 816-8258
Wanderson Plastering,(857) 869-8620
Williams Cleaning Solutions Enterprises,(617) 212-9467
BRC Remodeling,(781) 363-1185
The Best Brazilian Cleaning Company,(857) 302-2345
Don Foote Contracting,(781) 438-2994
Aguiar General Construction,(617) 593-4629
CBF Quality Construction,(617) 510-0550
Gf Home Improvement,(781) 975-0053
Safe Home Construction,(781) 492-0933
Nardone Electrical Corporation,(781) 935-2727
Golden Gates Landscaping and Construction,(508) 360-4729
LBC Construction Company,(774) 213-5728
Unique Contracting,(857) 251-4047
H & H Builders,(617) 282-1082
Affordable Constructions,(781) 727-3730
Servicemaster Charles River,(617) 426-4220
All Pro Paving,(617) 254-7800
Spartan Construction,(617) 491-3865
Millbrook Construction Corp / Yorkville Homes,(781) 426-1276
Spaulding & Slye,(617) 588-2021
Choice Roofing,(617) 471-5888
Artisan Kitchens,(508) 428-8828
Orchard Builders Inc,(508) 509-3371
Clearview Sunroom & Windows,(603) 750-7577
Billy Sweet Chimney Sweep,(781) 593-2333
Waldron Engineering & Construction,(617) 269-1265
Nationwide Services,(781) 731-9344
Holmes Construction,(617) 442-6290
Top Quality Remodeling,(617) 337-3606
Jf White Contracting,(617) 547-7787
Technical Construction Services,(617) 825-9339
Consolidated Plumbing & Heating,(781) 444-2508
TMK Remodeling,(978) 852-4491
SPS Maintenance Co,(800) 832-0074
Apj Equipment Corporation,(617) 427-0030
Umbro & Sons Construction,(617) 427-0030
Lori Meg Design,(617) 201-3711
Pretty House Construction,(617) 888-6455
Contracting Builders,(617) 293-6072
Siena Construction Corporation,(617) 876-7894
Cleanex Housecleaning Service,(508) 528-7500
OBrien Construction Service,(810) 938-3302
Atlas Fire Equipment,(954) 579-4029
Harrison Door & Window Company,(617) 442-6881
Brooksdale Construction,(617) 562-5781
Premier Pavers & Hardscape Co,(781) 257-2242
Joule Biotechnologies,(617) 354-6100
Giugliano Construction Company,(617) 541-8999
Moore Contracting Company,(508) 962-0032
Pinck & Company,(617) 445-3555
Wells and Company Builders,(617) 308-2230
Rescon Basement Solutions,(877) 949-2938
Ramos Iron Works,(617) 387-7858
Webster Engineering,(617) 445-2025
Tr Construction,(617) 427-2666
Canton Corporation,(617) 445-6927
Bilt-Rite Contruction,(617) 541-9777
Pertra Construction Cambridge,(617) 577-0174
Oc Stone Marble & Granite,(781) 689-0059
Conley Construction,(781) 246-9458
Sunnyside Services,(714) 365-5454
Mouras Cleaning Service,(978) 562-1839
Construction by Anderson,(781) 289-9032
R@Dhomeimprovements,(617) 224-7237
R & D Home Improvements,(617) 224-7237
Michaels General Contracting and Landscaping LLC,(781) 874-9504
John B Cruz Construction,(617) 445-6901
Cruz John B Construction,(617) 445-6901
Delaney Construction,(617) 686-1775
Compass Contracting,(617) 628-3080
Northeast Chimney Specialists LLC,(978) 804-8278
Phoenix Bay State Construction,(617) 442-4408
Larovere Design Build,(617) 387-6300
Capital Cleaning Contractors,(617) 494-5401
Adgreene Company General,(617) 287-8551
Silver Lining Construction & Painting,(617) 916-5354
New England Scaffolding,(888) 585-1616
Construction by Design,(617) 427-5352
Levitan Construction,(617) 566-6400
Precision Tile Works,(781) 603-5863
Nova Restorations,(617) 442-5588
Carnazzo Construction,(781) 439-5581
Colonial Marble Company,(617) 389-1130
Boston Emergency Service,(617) 436-9111
Railing Solutions,(800) 897-2800
Nec Construction,(617) 282-0585
Ner Construction,(617) 288-2892
Modern Continental Construction,(617) 492-1068
Geotek Engineering,(617) 822-9241
Renovations,(617) 492-8600
Siena Construction Corporation,(617) 547-4546
Custom Construction,(781) 956-2268
Your Home Solutions Inc.,(781) 434-8438
Modern Continental Construction Co,(617) 864-6300
Modern Continental Enterprises,(617) 864-6300
M Darcy Home Improvement,(617) 438-0291
American Minority Construction Company,(617) 868-2622
Concept 21,(603) 365-9729
Patriot Property Maintenance,(617) 417-7478
Premium Painting,(617) 901-6960
Destin Decourcey Construction,(617) 522-3855
Laundry Unlimited Mystic Valley Parkway,(781) 395-9429
Farias Remodeling,(617) 901-7057
Sondrini Awnings,(781) 395-0924
Archway Construction,(617) 442-0861
HubTubs,(617) 401-7771
Kirkland Constr Company,(617) 354-3110
SBA Contractors,(617) 783-4400
Marc Truant & Associates,(617) 868-8630
Deterding Construction,(978) 866-1923
Next Level Exteriors,(781) 209-6006
