JL Contractor Services,(773) 717-5522
Urban Power,(773) 793-1308
MrDids Custom Touch,(708) 267-0603
Artistic Construction,(312) 523-6609
Archetype Design and Construction,(773) 541-1522
4th Generation Construction,(773) 908-6311
MWW Painting,(773) 655-7738
Chicago Custom Remodeling,(708) 299-9187
North Side Renovations,(773) 744-5734
Irpino Construction,(773) 525-7345
Skilled Contracting,(312) 834-4663
2nd City Craftsmen and Construction,(224) 592-0689
Stratagem Construction,(312) 274-2480
Creative Closets & Storage,(312) 388-8420
Arc Academy - Midwest Metal Works,(312) 912-8622
Soundproof Chicago,(708) 307-5857
Crain Development,(773) 818-8858
Midtown Remodeling,(773) 588-3566
Punch List,(773) 935-7727
Granite Design of Midwest,(773) 772-5300
Polski Remodeling & Flooring,(708) 302-4645
Garys Handyman and Bathroom Remodeling,(847) 800-4279
JC Granite,(773) 844-2815
Norpro Services Ltd,(773) 588-6604
The Building Doctor Esquire,(773) 528-1671
JAK Built,(312) 961-0911
Brothers Home Improvement,(773) 859-1802
Divot Contracting Company,(773) 495-2486
Dads Handyman Service,(773) 372-3973
Ponce Builders,(312) 823-0155
K & K Construction Inc.,(773) 895-6213
Flax Art & Frame,(312) 431-9588
House MD,(847) 774-4566
Rollin Contracting,(312) 654-9173
Andrews Construction,(773) 951-4523
Maya Construction Group,(773) 305-5789
Chicago Handy,(773) 503-0500
McFarland Remodeling,(773) 262-5777
BC Construction & Development,(773) 851-1431
AIK Restoration & Repair,(312) 952-5953
Illinois Home Improvement Corporation,(773) 794-1400
Tigele Tile & Mosaics Inc,(773) 936-2515
LG Construction + Development,(773) 227-2850
311 S Wacker Dr,(312) 692-8200
123 Remodeling,(773) 685-6095
Joseph & Associates Real Estate & Construction Inc,(773) 971-7031
Bucktown Painting & Remodeling,(773) 772-5117
A-1 PAM Home Remodeling,(773) 510-9435
Redstone Builders,(773) 478-2500
Regency Home Remodeling,(773) 930-4465
Pryor Construction,(773) 334-1800
Triston Group LLC,(773) 733-6430
Style Your Home,(773) 531-4673
Eds Remodeling Company,(773) 545-6070
Second City Roofing and Exteriors,(773) 384-6300
KF Contracting,(872) 333-9604
All Quality,(773) 775-2727
Mulligan Stained Glass Studio,(773) 793-2934
Kent Kitchens,(773) 593-0711
CPC Construction,(708) 256-9554
Crystal Overhead Door,(773) 283-6677
I Gotta Guy Services,(312) 450-8880
CO2 Construction,(773) 934-9418
Porfi Iron Works,(773) 817-1966
Buckson Construction Company,(773) 888-3162
Pro Done Remodeling,(773) 427-0037
Adon Solutions,(773) 562-0604
Porch Builders,(773) 251-9879
Archway Home Remodeling,(773) 665-4444
Soma Tile,(312) 296-5586
Destiny Development Team Inc,(847) 275-0692
Trivic Remodelers,(773) 227-2255
Northside Locksmith,(773) 458-4330
Marks Tuckpointing & Remodeling Co Inc.,(773) 774-1444
Aztec Stone Design Brick Paving,(708) 942-5883
Masterpiece Kitchens,(312) 608-0179
Eric Construction,(847) 208-1810
General Moisture Solutions,(773) 520-6377
Mahogany Builders,(773) 755-0055
Venetian Designs Painting and Decorating,(708) 415-8677
Nyberg Exteriors,(773) 725-8973
Chi Renovation & Design,(847) 983-4024
Clear Oak Construction,(773) 252-3780
Ak Custom Homes,(773) 463-5428
Stafford Construction Company,(773) 348-5705
City Living Design,(312) 335-0711
Renaissance Restoration,(312) 933-8454
Samanco Construction,(773) 298-0620
Donchris Designs,(773) 307-7562
Yamane Development,(773) 209-1204
All Rooter & Plumbing Sewer Drain services,(708) 669-3570
A Competitive Inc,(773) 404-5024
Q Construction,(312) 255-8400
Master Johnny,(773) 633-4803
Shestani Home Improvement,(773) 343-8373
Cruz Brothers Construction Company Inc,(773) 731-1879
AP Construction,(708) 833-2280
Armitage Welding,(773) 772-1442
Tomcat Construction,(773) 551-7826
The Stripp Joynt,(773) 478-6500
Right Away Plumbing,(844) 242-0070
Aquaman,(773) 824-6702
Delta Star Group,(847) 965-1470
Kolin Group,(312) 605-6194
Ye Olde Chimney Sweep,(773) 237-7070
1-773-PORCHES,(773) 767-2437
Grand Installers,(773) 946-2626
Ronan Construction,(773) 588-9164
Fresh Start Decorating Inc.,(773) 474-8387
DWD Renovation,(847) 322-8848
Restored LLC,(773) 340-1342
Caldero Construction & Development,(773) 284-2900
Magic Colors Inc,(773) 415-2744
Artisan Stoneworks,(773) 544-4666
Mpd Construction Group,(312) 207-0700
James McHugh Construction,(312) 986-8000
Contemporary Concepts,(773) 960-5705
City & Suburban Heating & Cooling,(773) 238-3838
Gralak Tuckpointing Concrete and Waterproofing,(773) 282-2332
Titan Builders Inc.,(773) 777-9600
O&P Copper and Roofing,(773) 931-4899
Eighty-Eight Inc.,(773) 801-0461
Independent Remodeling,(773) 416-8935
Chicago Porch and Remodeling LLC,(708) 769-2255
Power Works,(312) 934-4336
All In Service Group,(312) 255-2171
Chicago Garage Doors & Gates,(773) 888-5314
DeChant Building Performance,(855) 332-4268
Aguilar Construction,(773) 762-6295
J Powell Construction Inc,(773) 457-8835
Granite Dezigns of Illinois,(773) 788-1320
Heneghan Wrecking Company,(773) 902-3078
Lakeview Environmental,(773) 316-1625
Green Power Works,(773) 794-8888
Haggis II,(773) 858-2146
Ambrose Builders,(708) 935-5958
Labor Worker,(877) 939-9675
Blue Sky Roofing Inc.,(773) 237-7730
Ace Sandblast,(773) 777-6654
Grosso Carpentry & General Contracting,(708) 363-8379
LeSueur Properties,(773) 276-0772
Josephs of the North Shore,(847) 475-6599
Restoration Electric Co,(773) 334-9473
Solstice Art Source Inc. / Solstice Stained Glass,(312) 409-6715
Smart Sealed,(773) 283-9000
Chicagoland Custom Closets,(773) 301-9994
Edgebrook Construction,(773) 593-8884
Tri-Star Roofing & Construction,(773) 395-2608
All About Closets Chicago,(866) 637-3603
Lindholm Roofing,(773) 541-8478
Dal Builders,(773) 870-2128
Vita Construction,(773) 951-4523
Wood World,(773) 267-3800
Granite DElegante,(773) 614-9476
KPC Construction,(773) 634-9555
Dali Stone & Tile,(773) 960-3250
Key Exterior,(312) 593-6478
Walton Contractors,(708) 303-8055
Milk Design Company,(312) 563-6455
Will Products,(773) 286-9183
R&B Home Innovating,(773) 408-2625
57th Street Bookcase & Cabinet,(312) 243-3166
Perri-Aire Heating and Air Conditioning,(773) 777-4888
Arete Renovators,(773) 610-4551
Synergy Construction Group,(312) 243-3700
Andelich Construction,(773) 931-5515
Midtown Mechanical Corporation,(773) 722-8145
Remodeling Consultants,(773) 276-8111
ML Construction,(773) 501-2980
SH Electrical Contractors Inc,(312) 404-6948
Foster Design Build,(312) 445-9564
Power Plumbing & Sewer,(773) 248-9574
Anne Roberts Gardens,(773) 777-7064
Harmonious Decorating & Remodeling Inc,(773) 339-4938
Stone City Kitchen and Bath Design Center,(773) 533-9806
Nuzzo Sewer & Plumbing,(773) 625-6280
Avondale Custom Building and Fabrication,(773) 680-4631
Disaster Restoration Services,(773) 934-2670
Chicago Roofing Services,(773) 241-7500
Daniel Henry Builders Inc,(773) 229-9400
Punch Construction,(773) 742-4204
DM Design Solutions,(773) 398-6393
Pilsen Little Village,(312) 829-6189
G & H Interior Remodeling,(224) 470-1018
TML Remodeling Artistry,(847) 913-2986
New City Remodeling,(312) 772-6522
Mueller Painting & Construction Co.,(847) 452-4669
R-Deco Painting & Home Improvements,(773) 842-0975
Seans Construction,(773) 767-4749
Kask Home Design & Remodeling,(847) 331-2849
United Remodeling Corp,(312) 890-6903
Ninos Tile & Marble,(847) 696-9293
D Wexler & Sons,(773) 927-0440
Alex Custom Builders Inc.,(224) 619-5798
Stepstone Home Services,(312) 305-0906
MN Masonry,(773) 772-9722
Steele and Loeber Garage Builders,(773) 483-7373
The Masonry Experts Inc,(773) 205-5555
Handy Squad,(312) 757-5910
Modern House Remodeling,(773) 744-4897
Titan V Porches,(773) 526-0523
Renovation Brothers,(847) 361-9722
Don Van Cura Construction,(773) 282-6360
Chicago Roofing,(773) 216-7663
Apex Construction,(312) 498-6564
Chicagoland Renovations,(773) 561-9018
BJ Construction Group,(312) 278-3232
Homewise Remodelers,(773) 777-9800
Great Lakes Builders Inc,(773) 631-7676
Chicago Bar Shop,(312) 473-2277
Serenity Construction,(773) 551-2159
Zechman Supply,(312) 733-6600
Estes Builders & Remodeling,(773) 251-9879
MV Construction LLC,(773) 301-9125
Geokat Granite,(872) 225-3753
Christy Webber,(773) 533-0477
M 3 Architectural Consulting,(773) 289-4670
Quality Remodeling,(773) 509-0200
Macon Construction,(773) 665-9252
My Mac Nerd,(773) 492-0564
American Rehabber,(312) 850-1549
Esparza Landscape Inc.,(773) 843-0681
Pch Construction Company,(708) 458-1724
AJs Windows & Gutters Inc,(773) 973-0492
Proven Crown Builders,(773) 490-8442
Carpentry by Michael,(847) 533-0942
Home Squad,(773) 868-4663
Daltile Tile & Stone Gallery,(312) 467-0642
Premier Exterior Home Improvements,(847) 293-4980
Vanity Consulting Contractors,(773) 457-2033
The Real Seal LLC,(331) 481-6880
Leopardo Construction INC,(312) 332-7570
Micor Development Corporation,(773) 477-1411
Ulrich & Associates Construction,(312) 520-4466
OSullivan Construction,(847) 274-3881
Donaly Roofing & Construction,(630) 810-1887
R.M. Concrete Specialist Inc.,(708) 267-9281
Apex Floor Coverings,(312) 733-1415
Lumber 1 Construction,(773) 290-1111
XL Sandblasting,(773) 627-3570
Final Touch Painting,(312) 492-6219
The Fence Doctors,(312) 404-4911
Pepper Construction Company,(312) 266-4700
Sipes Quality Enterprises,(312) 767-4527
Pay Less Home Improvement,(312) 877-8585
Peoples Choice Home Improvement,(847) 361-8008
AdvantaClean of Southwest Chicagoland,(708) 942-1616
A B Edward Enterprises,(847) 827-1605
The Great Window Wizard Co.,(773) 467-0861
Curtis Roofing & Construction,(773) 994-0034
BH Woodworking,(800) 675-5133
Butchko & Company,(312) 399-7109
Pro Granite Works,(773) 979-1800
Chicago Porch Authority,(773) 370-3325
F&G Remodeling Co. Inc.,(773) 777-7470
ID Omega Construction,(773) 671-9008
Stone Age Innovations,(708) 705-8069
Rapid Board Up,(773) 997-8770
JCA Wood Refinishing,(773) 540-4667
Alternative Home Improvement,(773) 972-9459
L & M Welding Corporation,(773) 237-8500
Premier Construction of Illinois,(773) 385-8357
Equity-Plus Construction,(773) 667-5899
Utopio Custom Workroom,(312) 337-4198
Becker Works,(773) 395-0532
Flexible Services,(773) 661-6389
Beltek Construction Inc,(773) 656-7704
Peter Flooring,(773) 481-2244
Chicago Harbor Lock,(312) 787-4795
Neely Construction,(630) 802-3878
Low Voltage Guys,(773) 413-0088
Lubinski Remodeling,(773) 792-0700
Scalise Construction,(312) 421-8414
Countertop Services,(773) 478-8328
A-Buzy Bee Board-Up Service,(773) 501-7705
Sergion Dardon Roofing,(773) 276-4923
Creative Remodeling,(847) 613-5801
E Leals,(224) 381-9593
Aspire Construction Inc,(224) 518-1151
Accurate Painting and Remodeling,(312) 296-6915
NAMCA Contractors,(773) 598-5310
Budget Construction Company,(773) 283-9200
Sungloss Marble Co.,(773) 685-2500
Transitional Living Company,(312) 265-6566
My Super Handyman,(872) 228-4666
Granite Heroes,(312) 800-1659
Drehobl Art Glass Co,(773) 286-2566
Burnham Nationwide,(312) 407-7990
Get Color,(773) 973-2946
Tandem Architecture & Construction,(312) 255-1153
The Workshop Design Studio,(773) 412-3626
Chris Aumiller Chimney Services,(312) 981-1409
Lifetime Remodelers Inc,(773) 901-7663
A Plus Roofing & Tuckpointing,(773) 453-7248
Barts Remodeling,(312) 714-5454
Chara Construction,(773) 726-0322
Paradise Home Remodelers,(773) 385-8317
Follyn Builders & Developers LLC,(773) 457-0291
The Porch People,(773) 325-0000
Sweet Home Improvements,(847) 998-6011
DSM Contractors Construction Services,(773) 617-3838
Ruff House Remodeling,(773) 337-9931
Design Seed,(773) 444-9849
Absolute Realty Solutions,(888) 393-4321
Gschwind Cabinet and Design Company,(773) 235-3770
Yellow Square Construction,(312) 735-4979
Bobs Refrigeration,(773) 465-8400
Environs Development,(773) 665-8170
V & T Marble Co,(312) 656-8012
A-Emergency Services & Restoration Inc,(773) 570-5106
Enes Remodeling,(847) 558-9082
Green Pro Home,(773) 442-2001
Chicago Tank Removal,(312) 214-6144
EB Chicago Masonry and General Construction,(773) 293-3755
Chicago Builders & Contractors,(773) 486-5300
Gaminos Painting & Decorating,(773) 851-8453
Artistic Flair Inc.,(773) 403-5870
Hilman Construction,(847) 580-6000
Paul Schulman Design Ltd.,(773) 989-9074
Jpg Construction Co,(773) 774-6976
Lee Lumbers Spaces and Views,(773) 866-2310
The Discovery Builders,(773) 777-1600
Centaur Construction,(312) 644-4470
Windy City Painters,(773) 942-6712
Brad Edwards,(773) 628-3775
JK Goldberg Construction,(312) 326-7426
Ugly Tub Inc,(773) 202-0603
Edward Flooring,(773) 745-0727
Synergy Development & Construction LLC,(312) 445-0878
Concrete Age Artworks,(312) 226-3542
BGD&C Corporation,(312) 255-8300
Kiney Refinishing,(312) 292-0416
Interior Quarters,(773) 365-0511
Osceola Fence Corporation,(773) 278-4762
Eberson Roofing & Sheet Metal Corp,(773) 493-3264
Thatch Masonry & Tuckpointing,(773) 777-6750
Doms Concrete,(773) 908-5072
Taj Development Company Inc,(773) 846-9858
Custom Marble Design,(847) 673-2156
Top Line Fence,(872) 212-6196
Parkside Window Company,(773) 252-5300
Frye Richard H Remodeling Contractor Inc,(773) 718-0151
Custom Maid For You,(773) 935-4569
Artistic Home Remodeling,(708) 917-0565
Windward Roofing & Construction,(773) 638-6580
HW Partners,(773) 930-4386
Dehne Construction,(847) 675-5585
Scott Mcnaughton Development Group,(773) 687-8657
Brian Allendorfer Company,(773) 292-0600
Integro Rehab,(773) 295-1827
Paul Borg Construction Company,(773) 523-1111
Fair Shake Plumbing Sewer & Drain,(224) 717-4445
Tonys Roofing & Construction,(773) 286-6652
Roof Guard Chicago,(888) 857-7663
Triangel Remodeling and Construction,(773) 467-9972
United Emergency Services,(800) 403-3887
Ally Remodeling and Flooring,(773) 633-0634
Siding & Windows Group,(708) 572-0476
Moore Construction,(708) 788-9283
MLV Construction,(847) 497-0658
Kitchen Tune-Up,(773) 489-0876
A Custom Heating and Air Conditioning,(773) 539-8175
Julians Roofing & Remodeling,(773) 622-3550
GP Stone & Cabinets,(312) 432-1122
Studio OMD,(312) 898-4376
Best Cabinets & Refacing,(312) 492-9600
Century Bay Builders,(847) 549-8800
Interlock Metal Roofing - Chicago,(312) 809-6979
VK Kontrakting Inc.,(773) 370-7300
Perfection Closets,(847) 647-6461
Acorn Electric,(773) 384-7718
Interior Alterations,(312) 454-1599
Euro Paving,(773) 988-2353
nuHaus,(312) 595-1330
Fernandez Sewer & Plumbing,(773) 932-6359
McVan Development General Contractor,(312) 388-7050
Glenbrook Remodeling,(847) 729-4278
Dynamic Remodel Solutions,(312) 375-7947
Revolution Home Remodeling,(773) 441-3674
Windy City Maintenance,(773) 245-4080
PZ Carpentry Company,(312) 446-9163
Michael Construction Company,(773) 725-7753
Tml Construction,(773) 205-0038
Beacon Home Builders,(312) 377-3406
Su Primera Lavanderia,(773) 927-9575
Tradesmen Remodeling,(773) 431-5705
United Mattress Warehouse,(708) 983-4986
Awr Builders,(773) 594-0011
Star Roofing and Construction,(773) 588-6550
Maxwell Batiste Construction,(773) 690-7770
Handyman Remodeling,(773) 430-0802
Taty Construction Inc,(773) 771-6415
Ossys Home Improvements,(773) 588-0866
Ultra Lux Construction,(860) 373-7777
Pinpoint,(773) 645-1060
MPO Builders,(773) 414-3864
Studio H Construction,(708) 925-7039
Exterior Renovation Experts,(773) 987-2255
Home Watch Chicago,(312) 282-7728
ABA Remodeling. Inc,(630) 672-5370
Proyors Maintenance Inc.,(773) 551-8563
Ideal Stone Inc.,(773) 656-9575
Universal Construction Services,(847) 668-4165
Frpbuilders,(312) 929-9044
DanO Home Services,(708) 582-5119
Haus Evolution,(773) 349-6919
Planet Cabinets,(773) 304-4065
4Ever Remodeling,(847) 809-3355
WW Designs,(773) 517-4988
Custom Fit Contractors,(773) 654-4438
Sameer Construction,(312) 778-4548
Prime Roofing Group,(312) 973-0404
Industrial Instrument Service Corp,(773) 581-3355
Bald Eagle Construction,(312) 642-2770
Envy Home Services,(815) 552-0815
George Pappas General Contracting,(773) 991-3847
Envy Residential Improvement Inc,(773) 676-5791
Creative Designs,(773) 327-8400
ROMA,(773) 348-0065
Riteway Home Remodeling,(773) 278-1123
Alco Construction Company,(773) 282-9090
Ramos Construction,(773) 276-0886
Andres Roofing & Construction Inc,(773) 508-1723
J and L Roofing & Construction,(312) 909-6770
JoGenz,(800) 915-6643
Overhaul Home Maintenance,(773) 492-0516
Robles Home Repair,(773) 595-2787
Countertop City,(773) 230-9048
Atelier Jouvence Custom Stoneworks,(312) 492-7922
Home Furniture Design,(773) 230-9048
Innovation Painting & Drywall Repair,(773) 727-1779
LISTO Maintenance & Remodeling,(773) 941-7747
Beverly Kitchen & Bath Construction Design Center,(773) 445-8000
Windy City Roof Solutions,(773) 433-8208
Lugbill Designs,(773) 572-9049
Big City Construction,(312) 421-4447
Leka Decorating,(312) 259-9126
Construction Service Associates,(312) 364-9098
Independent Living Solutions,(773) 478-8450
JHR Colors Your World,(773) 544-4441
Michael Construction & Remodeling,(773) 396-9638
Sparkle Painting Company,(773) 761-7979
Chicagoland Construction and Property Services,(773) 226-5255
GS Masonry And Construction Inc,(708) 370-2129
James Hardie Chicago Siding by Innovative,(888) 356-9020
Campbell Gray Design,(773) 729-2080
Blueprint Builders,(312) 834-4811
Active Chicago Roofing,(773) 440-5608
All Pro Roofing,(312) 730-2373
Chicago Insulation Pros,(773) 355-4664
Artisan Stone & Mosaic,(630) 709-0906
King Iron Works,(773) 558-3277
Cornerstone Property Rehab,(773) 870-9499
Progress Service Unlimited Inc,(773) 631-4465
Chicago Kitchen Remodeling,(773) 465-0573
TMC Builders,(773) 255-1964
Green Construction Holmes Builders,(888) 987-1849
Great Lakes Total Basement Finishing,(312) 624-8204
Chicago Star Building,(773) 704-2062
Chicagohandyguys,(773) 696-5888
Ideal Remodeling,(773) 809-4373
Already Home Inspections,(773) 851-4770
The Huron Group,(312) 260-9822
Quinlan Construction,(773) 374-4507
Alpha TC,(773) 414-5248
ServiceMaster DCS,(773) 327-4400
Chicago Specialty Gardens Inc,(773) 697-9897
Certified Heating & Cooling,(773) 355-5511
KPW Plumbing,(708) 516-5610
Juarez Granite,(708) 539-5148
Catalyst Construction,(312) 502-4468
HS Renovate,(773) 868-4663
Chicagoland Remodeling,(708) 583-9904
General Contractors Solutions,(866) 613-7776
Citywide Board Up Co.,(800) 229-7117
AllTrades Remodeling Company,(773) 800-0174
Redeco,(312) 421-5151
MB Remodeling and Flooring,(708) 581-6742
Acme Home Preservation,(312) 613-3943
Matias Construction Chicago,(847) 999-0691
Construction Associates,(312) 451-7243
Remodeling Chicago,(773) 530-1582
Prime Masonry,(773) 598-8622
MK Constructions & Builders Inc.,(773) 817-1861
Andrade Renovations,(773) 247-9800
Diamond Coring,(773) 978-5000
Over The Top Repairs & Maintenance Services,(773) 946-0623
CCC Floors,(888) 577-0692
Chicago Best Seal Coating,(312) 622-3216
Chicago Common,(312) 874-7700
R&R Construction Inc.,(773) 685-2812
Jensen Group Construction,(773) 318-6515
ONE80 Design + Build,(312) 857-8868
Tc Development,(773) 615-7877
SmartStone & Cabinet,(312) 772-1288
Larry Secor The Bricklayer,(630) 927-2607
ABC Masonry,(847) 652-5335
Georgia and Company Construction Inc.,(773) 654-4023
USA Painting & Remodeling Co.,(773) 727-2739
Golonas Remodeling and Design,(773) 822-2958
Chicagoland Roofing & Tuckpointing,(312) 837-7197
DunRite Services,(773) 853-2823
Watsons Home Improvement,(773) 844-9376
Inland Home Remodeling,(773) 732-5019
Selena Group Corporation,(773) 969-7777
Romady Construction Inc,(773) 744-7718
Perfection Remodeling,(312) 788-0663
AIP Custom Builders LLC,(312) 697-9710
Design Studio D,(773) 340-0011
Dardon Construction,(708) 942-4354
A & I Remodeling,(312) 607-5692
Quicker Contractors - Chicago,(312) 809-8831
Chicago Wine Cellar Expert,(312) 788-8338
Windy City Carpet Service,(773) 683-1357
Artisan Home Solutions,(312) 912-8590
Maintenance 365,(773) 599-6237
Complete Stone Restoration,(773) 235-9737
Mid American Elevator,(773) 486-6900
Prestige Contracting Services,(773) 420-8120
Skor Construction,(312) 719-4377
Midwest Service Professionals Inc,(773) 788-0411
Top K Construction,(872) 215-1056
Shield Roofing & General Contracting,(773) 255-5506
Good Karma Construction,(773) 252-2683
Woodchick Supply Inc.,(773) 720-2819
Millers Eureka,(312) 666-9383
Earth Wind & Solar Energy LLC,(312) 243-9933
Catalyst GC & Development,(773) 489-6470
Midland Masonry,(630) 849-1156
Hansen Brothers Exteriors,(773) 960-7628
Ranquist Home Builders,(773) 486-3292
Splash Design & Carpentry,(773) 931-6559
Next Level Construction and Development Inc.,(773) 677-8965
Iron Castle,(773) 890-0575
Lakeshore Carpentry,(773) 226-5434
Design Concepts Expert Contractors,(708) 293-1700
Monroe Western Builders,(773) 342-0304
Davpol Construction,(773) 704-8626
Apollo Concrete Construction,(773) 619-1257
Josephs Painting and Remodeling,(708) 271-2721
American Union Construction,(773) 431-5118
Prime Builders LLC,(773) 704-5414
Spiros Home Construction,(773) 552-7472
American Highland Roofing + Construction,(773) 387-8810
Hube Construction Inc,(312) 854-0530
Clarke Construction,(312) 491-0600
Builder,(773) 698-7259
Elite Home Builders Inc,(312) 243-3800
National Awning and Canopies,(773) 235-9700
Chicago Quality Roofing And Tuckpointing Solutions,(773) 358-8809
Costello Construction,(312) 877-8585
Benchmark General Contracting,(847) 983-4132
Exemplary Builders,(312) 275-5750
KMS Development,(847) 219-3388
Robys Unique Services,(773) 486-0592
Kohlman Chutes,(773) 227-5370
Bigane Paving,(312) 738-0600
Masonry Solution,(773) 980-8030
G.D Painting & Decorating,(773) 879-2294
Pressure Washing Chicago,(312) 384-0044
Reliant Construction,(773) 715-9150
McNamara Builders,(773) 489-4070
Aim High Contracting,(630) 800-8762
Pretorya,(773) 459-4579
Bulley & Andrews,(773) 235-2434
Wine Cellar Specialists,(972) 454-0480
Alexander Jr Building Services,(773) 265-0501
Cleaning Service Experts Deep Cleaning - Home Cleaning Service,(773) 916-1104
Almaraz Home Remodeling,(773) 559-7233
Xenos & Associates,(312) 421-6118
Arts Painting & Decorating,(630) 479-4097
Design Kitchen,(312) 275-8880
Tools,(773) 409-4677
Bristol Design Group,(312) 266-2341
Wordlaw Construction & Design,(312) 375-5648
Core Maintenance Concepts,(773) 447-4848
Reliant Construction Inc,(773) 688-4629
123 Porches,(312) 593-4657
Sumit Construction,(773) 276-4600
Van Pelt Construction Company,(312) 559-9890
Chicago Iron Works,(312) 829-1062
White Way Sign & Maintenance,(312) 642-6580
Big City Construction,(312) 421-4447
Contempo Marble & Granite Inc,(312) 455-0022
Metro Construction and Remodeling Inc,(773) 255-8801
Hewitt Horn Inc,(312) 850-8000
RJM Remodeling Contractors,(847) 867-3329
Mod Construction,(312) 265-0613
Essential Elevator Service,(312) 927-7056
Cornerstone Kitchens And Baths,(773) 573-3742
Celso Remodeling,(773) 600-3082
Atlas Restoration,(312) 763-8016
Any Which Way Granite,(312) 988-9119
Newgrange Development,(773) 677-1783
GSJ Design & Construction,(773) 615-0635
Colfax Corporation,(773) 489-4170
Proformance Plus Roofing & Construction,(773) 395-9090
1-800 Water Damage,(773) 474-7055
Otis-Oakley Iron,(773) 638-2222
All Temperature Heating & Cooling,(773) 276-1175
Friedler Construction,(773) 489-1818
Dara Construction Group,(773) 818-7608
Fence Builders of Chicago,(773) 336-2321
Midwest Fence Corporation,(708) 794-6650
McKinley Design,(312) 624-8860
Chi City Painting,(312) 375-0873
Slager Walter E,(773) 489-1090
Harder Brothers Construction & Design,(708) 717-5123
snow removal il,(630) 452-1028
Home Remodeling Ace,(224) 565-1521
Fulton Market 1,(312) 829-2673
M and Sons Remodeling,(773) 387-6541
HomePro Experts,(800) 496-4060
Greenland Remodeling Inc.,(773) 426-7396
The Walsh Group,(513) 985-0991
La Vivienda Housing Development Corporation,(773) 489-6150
Top Quality Remodeling,(312) 719-0123
Jenna Wedemeyer Design INC.,(773) 814-6169
Construction Systems Inc,(312) 337-1200
Spathies Construction Company,(312) 243-2800
Nayer Construction,(312) 243-3335
W.E. ONeil,(773) 755-1611
Gerald Jones,(773) 486-8990
Affordable Experts Home Solutions,(773) 698-6698
Cano Brothers Construction,(773) 512-1660
B-3 Asphalt Inc,(708) 691-8640
Chicago Solar Systems,(888) 590-0555
All Star Home Improvements and Renovations,(847) 681-0430
Smithfield Properties Xxvii,(312) 587-1023
Blend/Build Inc,(312) 479-8537
Renovations With Panache,(312) 329-9992
My Contractor Inc,(773) 450-6045
Automatic Gates and Access Control of Chicago,(773) 312-4436
Cenco Construction,(773) 474-8806
Culinablu Kitchens,(312) 867-7040
Weiss B B Construction Company,(773) 248-8420
C-Roc Construction Contracting,(312) 924-1829
Steelskin,(312) 738-1544
Impressionist Homes,(312) 621-9035
Stevens Painting & Remodeler,(773) 216-7774
Quality Excavation,(773) 248-0963
Emerge Development,(773) 509-0828
Moldman Chicago,(312) 878-6444
Busy Bee Board Up Services,(773) 501-7705
General Contractors Illinois,(312) 533-6033
Dream Town Builders,(866) 277-5284
Jm Construction & Remodeling Inc,(847) 668-7640
Triad Building and Development,(312) 285-3673
PLD Homes,(312) 239-6549
Fino Creative Enterprises,(847) 875-7013
Flood Specialists,(773) 248-8200
Xced Builders,(773) 216-8469
Campbell Truss Company Inc,(773) 486-2020
Bichi Concepts & Designs,(312) 288-8636
Film Exchange Lofts,(312) 583-1300
Energy Men,(312) 255-8187
Kelly Construction & Design,(773) 533-1110
Buzy Bee Board Up & Glass,(773) 501-7705
Shepp Construction,(773) 248-9014
Majestic Construction and Remodeling,(773) 313-6237
Diversey Plumbing & Sewer,(773) 252-8688
Jon Hansen - Kitchen Bath Home Remodeling,(773) 671-8041
Goldberg General Contracting,(773) 279-9600
Seth Jensen Painting,(773) 818-7939
Donald Gray Carpentry & General Construction,(773) 230-7067
Hibernian Development,(773) 486-4674
Modern Millwork Innovations,(815) 519-6976
Bain Environmental,(773) 296-0301
Continental Style Tuckpointing,(773) 975-4000
Bichi Concepts,(312) 767-4402
River Center,(312) 899-0990
LuxeHome,(312) 527-7939
Blue Print Construction,(773) 459-4089
Rye Builders Inc,(312) 719-5960
RMC Development,(312) 788-9974
Branico Construction,(708) 268-5405
Casillas Construction,(773) 317-2383
Glaze Tub of Chicago,(708) 458-1399
The Boldt Company,(312) 283-3200
A Work of Art Home Remodeling Services,(773) 440-7903
J K Renders,(312) 275-5859
Contractor Connection,(312) 285-0841
General Contractors Illinois,(312) 533-6033
Buzy Bee Companies,(773) 501-7705
Hagglund Masonry Tuckpointing,(773) 594-9366
Best Home Design and Construction,(708) 351-3334
Trinacorp,(773) 572-0300
Brother home renovation,(773) 209-0421
CertaPro Painters of Evanston,(224) 520-9219
Sap Design,(847) 682-8732
Moments Notice Services,(773) 770-0500
Service Master RCS,(773) 992-9122
J & J Roofing & Construction,(773) 582-8461
Vinces Tile,(773) 745-3779
Gerhardt Construction,(773) 325-1600
Servicemaster Clean,(773) 279-8000
Sipes Quality Enterprises,(312) 944-7630
Cornerstone Design Build,(312) 282-9928
New Haven Homes,(773) 348-4782
Royal Construction Company,(773) 267-5900
HOF Equipment Company,(888) 990-1150
DTC Remodel,(888) 736-4073
Lakeside Exteriors,(224) 723-6636
Alliance Builders & Construction Co.,(773) 235-8765
Promar Exteriors,(773) 236-8076
Midwest Properties & Construction Group,(312) 768-6609
Power Management Group,(312) 768-6600
Chicago Fence Builders Inc.,(773) 336-2379
RDM Consultants,(877) 708-5550
Nu Way Tuckpointing,(773) 507-7799
Leader Builders Corp,(847) 965-0200
Greenleaf General Contractor,(773) 490-3346
G&B Roofing and Blacktopping,(773) 490-5494
Sidewalk Company,(312) 618-9797
Icon Home Improvements,(954) 483-3456
Chicago Tile Company,(773) 562-0396
RJF kitchen & Bath renovations,(312) 774-5870
Priority Energy,(800) 737-2299
Fabians Cabinets,(773) 313-8000
Hytek General Contracting,(773) 628-7841
HomeWorks,(773) 251-6836
Modern Development & Restoration,(773) 964-8905
Bespoke Design and Construction Inc,(312) 841-1675
Barto Enterprises,(847) 732-0132
Maxima Kitchen & Bath,(773) 657-2753
ServicesJoes,(888) 844-5705
Virginia Home Repairs,(773) 807-8744
City & Suburbs Construction Inc.,(773) 407-7631
Nicholas Moriarty Interiors,(312) 702-0903
Studio Nigro Architecture + Design,(773) 817-4527
Mangan Builders,(773) 883-1200
Target Construction,(312) 214-3277
John J. Cahill Inc.,(847) 864-5225
Flooring Contractor Chicago,(888) 752-4234
First World Builders Construction Co,(773) 995-7011
Hollender House Inc,(773) 301-9125
Residences At Joffrey Tower Condominium Association,(312) 263-0283
Environmental Systems Design Inc.,(312) 372-1200
Delmer,(312) 330-1365
Smith Park Maintenance,(815) 483-1897
Skyline Equities Realty Design and Construction,(312) 379-4070
Creative Combined Construction,(312) 804-0265
UMG Steel,(773) 905-3536
Provident Restoration,(773) 503-5222
Allendorfer Roofing,(773) 463-7808
Chimney Master & Fireplace Inc,(773) 744-3666
Chicago Snow Plowers,(773) 800-0430
Augustyn Construction Corporation,(773) 840-0174
Ls Contracting Group,(773) 279-1122
Dolyva Development,(773) 639-1041
Lowe & Associates General Contractors Inc.,(773) 234-4112
Custom Colou,(773) 744-6000
Reglazing Chicago,(773) 816-6163
Norwood Builders,(773) 775-5400
ISI Remodeling,(773) 370-1567
Wisat Construction Inc,(872) 210-0664
PMK Construction,(773) 852-2127
European Quality Tuckpointing,(773) 244-1314
R & S Construction Inc,(773) 256-8348
Your Choice Granite And Marble,(773) 614-6000
A Cleaning and Maid Service Inc.,(708) 973-3983
Progressive Home Improvement,(773) 277-7500
Marczak Tile Instaler,(708) 253-5294
Inter City Maintenance Service,(888) 480-4895
Casmon Inc,(773) 961-9893
Property Management Experts Inc.,(773) 386-6290
Ur Environment,(877) 937-2626
King of Glory of Chicago,(312) 925-2201
Milhouse Engineering & Construction,(312) 987-0061
Grama Construction Corp,(773) 849-9634
Raul Construction,(773) 712-1590
Arden,(773) 384-0101
Westward Development Company,(773) 267-2800
Maftei Construction LLC,(708) 979-5148
Santoy Construction,(312) 829-3832
Erex Inc,(708) 863-2500
Cera Construction,(773) 443-2151
Window and Door Concepts,(877) 584-2999
Lakefront Developers,(630) 638-1489
Maintenance Made Easy,(847) 344-2369
M. DiFoggio Plumbing & Sewer Contractors Inc.,(312) 791-0097
Murphy Tuckpointing,(312) 217-1500
A-Aberdeen Heating and Air Conditioning,(773) 890-1786
Pave Chicago,(312) 203-3285
Design Studio K & B,(773) 340-0011
Ds Air & Heating,(708) 948-7308
Ted Margaris Chicago Construction,(630) 247-9503
Johnson & Lee,(312) 663-0225
Khan Construction Company,(312) 772-8020
Lopez Concrete & Brick Paving,(773) 648-1823
Perdomo Construction,(773) 580-0925
Redesign,(773) 293-4847
Maris Construction,(312) 600-9366
Csc Glass,(773) 254-6001
Best Home in Chicago,(312) 450-3776
Jack Of All Trades,(312) 725-3391
R.R. Roofing & Construction Company,(773) 342-2300
The Art of Construction Company,(773) 334-8740
AMG Builders,(847) 962-0504
Builders On Demand,(773) 696-5785
Riis-Borg Construction Company,(312) 733-7553
Advance Steel Services & Construction,(773) 619-2977
Five Star Development and Design,(708) 352-2353
Old Chicago Construction,(773) 539-0890
Windy City Roofing Inc,(773) 242-6470
American Custom Homes Inc,(773) 593-2323
Heineman Bar Company,(773) 293-6572
Lee Redmond Restorations,(708) 524-9286
All Drains Sewer and Camera Service Inc,(224) 541-0708
Rabine Paving,(773) 283-1454
Color Display Interiors,(773) 632-9146
DiCosola Group,(312) 846-6012
Garcias Remodeling,(773) 656-9590
US Heritage Group,(773) 286-2100
Twinco Construction,(773) 596-0736
Nettys Multiservices,(708) 504-9894
Exemplary Builders,(312) 275-5750
Re Make / Re Model,(312) 213-6906
Webb Masonry Restoration,(773) 989-7389
Lucky29 Design / Bulid,(773) 386-0023
Andy M Anthony & Associates,(773) 372-5109
Peak Construction,(312) 243-4098
Chicago Xtreme Remodeling,(224) 595-4362
MC Construction,(773) 570-4300
ServiceMaster of Lincoln Park,(773) 346-6767
Simmons Home Construction,(773) 829-5096
Builders Experts of America,(773) 275-0885
Gill & Gill Engineering,(773) 282-2882
Tempus Construction Services,(312) 942-1575
Dta Development,(773) 287-4710
Diaz Renovations,(708) 866-0280
D & D Concrete,(773) 383-3538
Grand IronWork,(773) 237-0731
Tracy Construction,(773) 632-6493
Matthew Stern Carpentry,(773) 769-4837
Syntek Global,(773) 818-3687
41 North Builders,(773) 750-9356
Music Evolution,(773) 297-1473
Nickolas John Interiors,(773) 312-5800
Dons Total Remodeling,(773) 531-6268
Cunningham Custom Carpentry,(630) 272-1800
Professional Installations II,(312) 933-8404
Take Two Data and Video,(708) 589-4557
Chicago Service Group,(773) 254-6500
Chiquis General Remodeling,(773) 710-4731
Quizhpis General Carpentry Services,(312) 818-9950
R & J Tuck Pointing,(773) 376-2575
Chris Tuckpointing,(773) 202-0866
Art Granite Countertops Inc.,(847) 923-1323
Abriza,(800) 588-9350
AJ Remodeling,(773) 370-1664
21st Century Masonry & Tuckpointing,(312) 772-4782
Titan Stone,(773) 286-8500
Design Station,(773) 637-1800
Great Expectations Remodeling,(312) 806-1983
Tapia Construction and Maintenance,(312) 459-8379
Dry FX Restoration,(815) 277-5989
BBR Exteriors & Contractor,(773) 545-0598
Renovators Outlet,(872) 302-4170
Kat Construction,(773) 491-3011
Xtreme Remodeling,(312) 719-8326
Abc Deco Inc.,(773) 701-1143
Mike Plowman Contracting,(773) 668-2611
All Weather Construction,(773) 282-4786
AAA Masonry Renovation Inc,(773) 807-3927
Luis Venegas Plastering,(773) 706-6171
Chicago Kitchen Bathroom Basement Remodeling Company Services,(773) 661-3147
Work Source Center,(312) 492-4996
Barto Enterprises,(847) 281-5498
Affordable Construction,(779) 234-7448
Scirenco Remodeling,(773) 957-6392
3639 N Pine Grove,(773) 327-1772
1 Vision Construction,(312) 256-4251
Nabor Construction,(773) 591-5636
Modern Home Remodeling,(312) 619-7163
J I D General Contracting,(773) 643-6428
NuSpace Remodeling,(312) 898-4922
Studio Finesse Decorating Inc,(773) 960-1267
Serrano Construction,(773) 918-9401
Revolution Construction,(773) 480-5453
JS Home Improvement & Professional Painting,(773) 968-4847
Active Roofing Co Inc,(773) 905-5024
Triumph Remodeling & Construction,(773) 401-2702
Lswork,(773) 669-5031
Pyramid General Construction,(773) 804-9999
Brayview Construction Inc,(773) 574-1144
KZ Construction,(773) 502-3936
360 Construction,(773) 203-0856
AVM Construction Inc,(773) 510-8662
Chicago Water and Fire Damage Repair,(773) 326-4090
One Stop Construction Inc,(773) 614-4827
McHugh Construction,(312) 566-0153
Vermex Restoration,(773) 521-4899
Thomas Builders & Construction,(773) 237-2200
J. Sitko Construction,(773) 293-3755
Parliament Builders Inc.,(773) 471-4116
Accurate Radon,(630) 876-0800
Time Renovation & Construction,(773) 202-0379
Walsh Construction,(312) 431-9011
David Brothers Heating and Cooling Inc,(773) 784-8200
Property Cleanout Services,(630) 273-1867
Pre Service,(773) 540-8761
Patrick & Sons Plumbing & Sewers,(773) 699-1819
Team-Mark Construction & Restoration Company,(773) 661-4449
Chicago Board Up Services,(773) 338-2500
Mickmurray Const,(708) 996-0433
AVM Construction,(757) 685-9102
Marinos Roofing Co,(773) 382-8169
Difoggio James & Sons Plumbing,(312) 842-1102
International Kennel Club of Chicago,(773) 237-5100
Martin & Parra General Construction Inc,(847) 529-3340
President Builders,(773) 283-1700
Eds Quality Construction,(224) 578-1689
RV Services,(773) 595-9864
Lewis & Williams Construction,(773) 251-2316
Earthgroup Construction and Remodeling,(773) 703-6030
D and M Millennium Construction,(773) 416-9002
WM Roofing & Masonry,(773) 485-1718
Ja Zion Management,(773) 295-5166
Unique Carpentry Services,(312) 823-2324
Trejos Fence & Welding Inc,(773) 915-8265
Relative Space Studios,(312) 623-8677
Service Master,(312) 967-7741
Network Home Remodeling Inc,(773) 895-8156
American Catastrophe Restoration,(773) 231-6281
Trimline Custom Designs,(312) 593-3253
Double V Concrete,(773) 890-0575
Done Demolition and Disposal,(855) 432-1366
Trio Granite & Marble,(773) 744-0092
J&B Home renovations,(773) 968-1331
Gonzalo G Painting,(773) 456-2237
A1 United Roofing,(708) 858-1007
Super Star Construction,(773) 282-9913
Final Touch Refinishing,(708) 613-4247
BMGN Construction,(773) 501-5987
lynx,(312) 804-4591
Galway Construction,(708) 383-8600
Fattore Construction Company,(773) 736-3232
American Homeworks,(224) 254-5416
Diamond Windows,(866) 985-8223
Robustcom Windows and Doors,(773) 580-2600
Dolki Painting & Remodeling,(773) 592-8832
V & V Corp,(779) 800-5978
Nick Remodeling Company,(773) 322-8022
Gryf General Construction Company,(773) 862-9610
Oflaherty Builders,(773) 252-6459
Krumwiede Roofing & Construction,(630) 295-8644
A & B Construction,(773) 276-9897
Dhd Enterprises,(773) 486-3818
North 18 Condominums,(773) 394-6908
Dhk,(773) 645-3052
Ekko Construction,(773) 252-5533
Orban Builders,(847) 638-1750
Vuk Builders,(773) 486-8204
Green Pro Commercial,(773) 442-2001
Pro Kitchen Remodeling,(312) 883-9295
United Builders Enterprises,(773) 252-1422
Jaw Construction,(773) 252-7998
Spiewak Consulting,(773) 853-2672
Vixen Construction,(773) 395-3970
Decapri Construction,(773) 395-3830
Algin Construction & Development,(773) 252-9100
Rmj Construction Development,(773) 342-2515
A 1 Class Construction,(773) 384-8833
Carey Trim,(773) 486-3491
Edison Place Condo Association,(773) 862-3284
Walco Construction,(773) 698-6155
Thomas Development,(773) 486-0535
M B Builders,(773) 292-0622
Saluki Developments,(773) 342-1570
M B Builders & Developers,(773) 292-0622
Walters Masonry,(331) 457-8862
Cae Builders,(773) 489-3686
Celadon Flats Condo Association,(773) 276-2570
Mikes Construction,(773) 905-5652
Drake Construction,(773) 772-7444
Bob Seaton & Son Sewerage and Drainage Inc,(773) 836-1846
Gurhy & Keaney Home Builders,(773) 772-5220
Hanrahan Home Improvement Ltd,(773) 764-7118
Mancini Tile,(708) 670-9534
Third Dimension Design & Construction,(312) 997-1956
Jake Ross Remodeling,(630) 890-2139
Pn Group,(773) 227-4044
Humboldt Construction,(773) 278-8838
Rcr Realty,(312) 948-9700
Ranquist Home Builders,(312) 492-1400
Aster Remodeling,(312) 226-9696
Phoenix Builders and Construction,(773) 486-7053
Eco Handyman Builders,(773) 307-1211
Exquisite Glass Work,(773) 837-8403
Great Lakes Construction Company,(773) 276-5255
The Meyne Company,(312) 207-2100
Bulley & Andrews LLC,(773) 235-2433
O Group,(773) 252-0213
Great Lakes Construction,(773) 235-2424
Tropic Construction,(773) 235-2596
M & N Construction,(773) 772-9722
