Jay the Builder,(972) 845-7220
Leon Hodgson,(214) 994-4084
Aarons Touch Up & Restoration,(214) 647-1604
Innovative Renovations,(214) 901-5062
Construction Concepts,(469) 471-2724
The Kitchen Source,(214) 741-1912
Manning Snelling & Mcilyar General Contractors Inc.,(214) 357-2110
Hatcher Building and Construction Dallas,(214) 380-4613
Groutsmith Dallas,(214) 304-5611
WaterMark Design Build Remodel,(469) 706-0511
Dallas Foundation Repair,(214) 238-5383
Moore Construction Co.,(469) 629-9796
Barbosa Plumbing & Air Conditioning,(214) 351-7030
Home Platinum Services,(972) 863-2117
Lone Star Remodeling & Roofing,(972) 571-0770
Fence Family,(972) 863-1777
Dallas Endoscopy Center,(214) 520-8235
Payless Home Repair,(214) 295-5543
Lawrence Built LLC,(214) 382-0748
Stratum Foundation Repair,(214) 683-2956
Sample House and Candle Shop,(214) 365-8085
Brian Gream Renovations,(214) 542-6214
Texas Remodelers & Builders,(972) 304-1800
CP&Y,(214) 638-0500
Design By Kimberly Vaughan,(214) 458-5057
Leatherneck General Contractors LLC,(214) 586-0385
Eric Cantu Construction,(972) 754-9988
Spearman Custom Builders Inc.,(972) 392-0913
Blue Diamond Roofing & Construction,(469) 360-1578
Kindred Tom,(214) 526-5115
Top Quality Fence,(214) 352-8066
Integrity Remodeling,(972) 922-5089
HomePro Services,(214) 989-4350
Higgins Construction,(469) 243-7279
Omni Contractors,(214) 769-7252
Hightower Engineering & Construction,(214) 327-4496
James Bond Complete Foundation Repair,(469) 610-2721
Daltex General Contractors,(214) 628-4466
Jsk Glass Inc,(214) 718-6204
CANAS Handyman Services,(214) 412-7099
Cowboy Fence & Iron,(214) 692-1991
Sample House and Candle Shop,(214) 327-0486
C & C Slab Leaks And Plumbing,(972) 287-2354
Levantina,(972) 488-2800
ABCY Stone & More,(214) 350-9123
Premier Foundation Repair,(972) 417-0823
G&G General Contractors,(888) 584-3069
AJ Pools,(469) 964-4555
Beazer Homes,(817) 393-1082
Advanced Foundation Repair LLP,(800) 405-8880
Olshan Foundation Repair,(972) 238-1600
Custom Stone Granite & Marble,(214) 351-2688
J National,(972) 776-0010
Aqua Cut,(972) 247-6288
Bob Thompson Homes,(972) 931-9595
Brown Foundation Repair,(972) 271-2621
Longhorn Foundation Repair,(214) 340-3700
SR Exteriors,(972) 729-9932
Dallas Area Habitat for Humanity,(214) 678-2388
Fox Foundation Repair,(214) 352-9427
Mbrgfr Foundation Repairs,(817) 469-1090
Medrano Construction,(214) 604-4348
Brown Foundation Repair & Consulting,(972) 869-1707
Efficient Attic Systems,(214) 414-0502
Tile Fast,(972) 786-5849
Abeyta Group Remodel,(972) 607-4735
WATERLINE POOLS,(972) 407-9976
Tile Expo,(972) 241-3150
Solid Stone Fabricators,(214) 358-8595
JNT Roofing and Commercial Contractor,(214) 614-8177
Goliath Remodeling,(469) 438-4792
Texas VIP Custom Renovations & Roofing,(214) 718-2436
Mustang Contracting Services,(214) 369-3353
Hard Rock Imports,(972) 713-6135
The Foundation Guys,(214) 997-4897
The Service Lounge,(972) 442-1808
Jennings Construction,(214) 517-7450
Nortex Tile Co,(214) 912-3044
J R Hayden Construction,(972) 991-9000
Dwellings,(214) 736-5624
J R Hayden Construction,(972) 991-9000
Dwellings,(214) 736-5624
DFW Granite,(972) 671-9324
Christian Brothers Pier Systems,(469) 607-7413
Perfect Choice Roofing & Construction,(214) 945-2628
All American Home Renovators,(972) 757-3888
Renowned Renovation,(972) 232-7122
Edict,(214) 865-6569
Cornerstone Foundation Repair,(972) 905-9995
Douglas Allen Homes,(469) 688-4412
Lorenz Roofing & Construction,(972) 824-3372
Synthetic Turf Depot,(972) 763-5555
Remodel Solution,(972) 584-7611
Wine Cellar Specialists,(972) 454-0480
Bedrock Contracting Inc.,(972) 704-1307
Alpha Foundation Repair,(214) 357-3475
Borbai Remodeling,(214) 382-0200
Sample House and Candle Shop,(214) 599-0335
Twitter Cleaning Service,(469) 893-0842
Systematic Home Inspections PLLC,(214) 600-4344
A Premium Paint and Remodeling,(214) 749-8067
Integrity Home Remodeling,(469) 767-7931
Vision Enclosure Walls,(972) 432-8300
Colortech Remodeling,(972) 816-5610
NIS Construction,(214) 260-7745
Liquid Design Group,(866) 691-7665
Cinque Residential,(214) 663-1116
Davilas Excavations,(972) 707-0016
HD Foundations,(214) 537-4577
Amnu Remodeling,(214) 277-2509
Straight Up Services,(214) 229-2023
911 Restoration of Dallas,(972) 217-8245
Capital Renovations Group,(214) 495-7200
Dallas Foundation Repair,(214) 615-1250
Wisemans Automotive Construction & Welding Service,(214) 207-9115
Dallas Fort Worth Foundation Repair,(469) 855-3540
All in One Simon and Associates,(214) 870-1722
Get it Installed,(214) 469-5302
Ricky Rubio Restoration,(214) 854-8405
Blackline Renovations,(214) 773-5566
Boss Custom Construction,(972) 366-6090
Greenlows,(214) 864-5422
Woods Wayne Gen Contr,(214) 948-9480
EGC Custom Homes,(888) 868-4390
Victory Manufactured Home Constructions Inc,(214) 407-0904
Deleons Designs,(214) 418-4997
Cy Cozart Companies,(214) 458-9254
B&A Painting DFW,(469) 735-0891
George Lewis Custom Homes,(214) 361-8688
Mr Fixit Fast,(214) 334-2739
Dallas Roofing Today,(972) 905-4388
Legends Roofing,(855) 702-2029
SOS Foundation Repair,(469) 528-7452
New Image Brick & Stone Landscapes,(469) 212-3108
Tommy Ford Construction,(972) 991-1081
Traver Construction,(972) 503-6882
Bates Mobile Home Leveling,(800) 910-9688
Barber Home Design,(214) 874-3140
First Carpentry & Painting,(972) 705-9901
Good Guys General Contractors,(972) 345-5354
Ryerson Roofing Inc.,(972) 537-5007
Coney Construction,(972) 638-7366
TMI Coatings,(214) 646-1966
Wah Home Improvement,(940) 442-7960
SR Construction,(214) 663-3828
Twin Brothers Construction & Remodeling,(469) 726-9290
Affordable Remodelers,(972) 635-5333
A Better Cut Above Construction,(214) 440-9071
Stonexpressions,(214) 366-2216
Ram Of Texas Foundation Repairs,(855) 726-6389
Kasper Custom Remodeling,(972) 239-3733
Hartley Services,(469) 546-5968
The Shading Company Dallas,(972) 218-0970
A Joy of Granite | Quartz Countertops Dallas,(214) 957-8077
iON Roofing,(214) 377-0151
White Rock Contracting & Construction,(214) 615-6565
Wellslake Industries,(214) 718-7222
Opus One Design Build,(972) 584-7192
JLD Custom Homes,(972) 789-1212
Starr Exteriors,(469) 682-2100
Starr Exteriors,(469) 682-2100
Sosa Cabinets & Tile,(469) 251-7292
TradeGroup Construction,(855) 333-6484
NAC2 Contracting,(888) 495-8364
Rigar Solutions,(214) 462-5150
Spinazzola & Co,(214) 321-6607
Knaak Design Group,(214) 960-5678
Key Residential,(972) 755-3045
Absolute Roofing & Exteriors,(817) 914-3101
Dallas Commercial Painting,(214) 838-0036
Plano Elite Remodeling,(972) 802-4944
Oliver Group,(214) 357-7128
Brothers Roofing,(214) 302-7867
Texas Stone Sealers,(214) 935-1452
M&M Custom Trim,(469) 446-6096
Bistrian Construction,(214) 704-6299
Robertson Pools,(469) 351-3346
Assurance Remodeling,(214) 930-8906
Dallas Blinds Shutters and More,(817) 889-1733
Forrest Construction,(214) 350-0108
Forrest Construction,(214) 350-0108
Highland Park Garage Experts,(214) 390-6150
Brentwood Construction,(214) 821-4585
Texas Best Stain,(972) 881-4242
Riviera Pools Of Dallas,(214) 351-2071
All Pro Pool Tech,(214) 517-6121
Ferguson Construction,(817) 771-4776
Able Stabilizing,(972) 263-0351
James Thornell and associates,(214) 729-9521
A2Z Atomic Plumbing of Dallas,(972) 772-8019
Don Wojan Home Improvements,(214) 232-8671
McCaslin Associates,(214) 520-2500
Novo Construction and Development,(817) 366-7572
University Park Plumbing,(214) 432-6259
RPCD,(214) 366-3901
Daltex Fence,(214) 295-5079
Amerimaids USA,(469) 573-0982
UEB Builders,(214) 613-5020
AAA Walkway Concrete Grinding & Raising Inc.,(972) 772-9101
ACS - Automatic Gates & Gate Repair,(972) 897-4709
Storm Dorms,(855) 947-8676
North Dallas Home Repairs,(214) 701-7811
Variant Construction Inc,(214) 799-0158
Fancy Fence,(214) 991-2279
All Family Paving,(469) 416-1069
Trifecta Investment Group,(214) 716-3099
Constructive General Contractors,(214) 624-9855
Jarrett Ed Company,(214) 691-0622
G James Shugrue,(682) 465-0941
AdvantaClean,(469) 518-0123
Pebblestone Construction,(214) 321-4767
Stone Carving Unlimited,(214) 742-4200
Ancon Group,(214) 432-6596
Randy Jones Homes,(214) 762-7954
JRHammel Construction Services,(214) 882-2140
Abacus Foundation Repair,(972) 406-9000
Factory Flooring Liquidators,(469) 583-7053
Zentner Steel Buildings,(888) 826-1799
Superior Services Remodeling,(214) 267-8666
JZ Express Concrete,(469) 616-0531
JZ Express Concrete,(469) 616-0531
Restructure Roofing and General Contracting,(469) 547-2607
Bath Planet of Dallas,(972) 301-2376
Outback Roofing LLC,(972) 930-9990
Dallas Janitorial Services,(214) 789-0505
Hometown Dumpster Rental,(469) 619-0778
Aplus Rubio Foundation & Concrete Repair,(214) 635-4717
Balfour Beatty Construction,(214) 451-1000
STAR-TECH Home Remodeling,(214) 213-7350
KTM Drywall Inc,(214) 599-8777
Classic Urban Homes,(214) 215-1768
Better Home Pros,(877) 672-3082
A Plus Foundation Repair Dallas,(972) 362-1382
King Lawn Sprinkler Co,(214) 637-3490
Bob McDonald Company Inc.,(214) 341-1155
StoneTex,(972) 241-2402
Snappy Kitchens,(214) 827-9436
Creative Construction & Remodeling,(972) 342-7232
Johannesen Construction,(214) 883-4704
Lemmones Remodeling,(214) 684-4641
A/C Service,(972) 896-5705
Old World Stoneworks,(888) 900-7598
Cobalt Commercial Roofing & Construction,(214) 997-6003
Lambert Services,(214) 566-1155
Roundtree Landscaping Inc,(214) 824-7036
Daltile Design Studio,(214) 760-1570
Manhattan Construction,(214) 855-0330
Heritage Construction,(214) 850-4274
Cornerstone Quality Construction & Disaster Relief,(469) 333-1372
Franzen Construction,(214) 810-1526
3rd Generation Builder,(214) 458-2882
Concrete Countertops Dallas Pros,(214) 380-4839
Driveway Experts Asphalt Paving,(214) 301-2633
Starr Construction,(972) 588-8787
Custom Garage Works,(214) 494-9068
FitzBuilders,(972) 758-9400
Efficient Home Solutions,(214) 612-7493
Urban Pioneer Construction & Remodeling,(214) 682-4564
Gallego Creative Design,(214) 516-0215
Bella Vista Company,(214) 823-0033
Decorative Concrete Dallas Contractor,(972) 880-2645
Emmanuel Design Group Enterprise,(469) 828-7438
Powder & Protective Coatings Texas,(214) 879-0001
Vinyl Liner King,(972) 285-6817
I Am Handy,(469) 251-4709
Diane Van Buren,(214) 354-8967
Legacy Lifts,(903) 451-2507
Above All Weatherford Roofing Inc,(214) 631-5770
SRW General Contractor & Construction Dallas,(214) 929-4933
Renovations By Riley,(214) 274-1060
Fashion Glass & Mirror,(214) 742-6500
Stucco Plus,(817) 279-8882
RAD Foundation Repair,(469) 328-0886
Roof Repairs Plus,(214) 669-2884
Gadberry Construction,(214) 935-1696
Access Solutions,(469) 387-5959
Metroplex Home Builders,(972) 514-6173
JP Mortensen Construction Company,(214) 447-7471
Mold Remediation Pros,(972) 992-7907
Boros Design And Construction,(469) 236-3949
