Precise Home Services,(848) 467-7407
Glidden Construction,(215) 792-4108
Mitchell Custom Concepts,(210) 387-9093
Yeager Carpentry,(215) 356-9185
Abs General Contracting LLC,(610) 931-1437
Steven Leuzzi,(215) 339-0298
Sipe Construction,(215) 508-0535
ISC Remodeling,(215) 469-2727
Thunderchild Remodeling,(267) 975-0511
Latitude,(215) 605-5070
Accurate Home Remodeling,(215) 549-0201
Cedar Contracting Company,(267) 225-6717
Personal Plumbing and Drain Cleaning LLC,(215) 806-4501
Lee J Garner Contractor,(215) 222-4375
NWIR Construction,(215) 849-2003
Pascucci Home Improvements,(215) 755-5496
Bonillas Brick Pointing and Concrete Co,(267) 345-6672
Logan Construction,(215) 460-0147
Center City Contractors,(917) 912-9101
Showcase Remodeling,(267) 356-7945
Re Bath,(215) 338-8111
Jeremy Stewart Remodeling,(267) 751-9841
Cromark Contracting,(267) 639-9429
Hong Fai,(215) 922-6999
The Philadelphia Woodworking Company,(215) 260-0361
Pauls Cement Work,(215) 634-0586
Expert Handyman Contractor,(856) 375-7757
Family and Friends Builders LLC,(215) 537-1520
Mr. Contractor Inc,(215) 423-5525
Johns Custom Stairs,(215) 463-1211
Bellweather Construction LLC,(215) 724-1116
Simple Solutions Home Repairs,(215) 920-4659
The Masters Hand,(215) 605-1129
Comfort Cooling & Heating LLC,(267) 505-9552
Surratt Inc Painting and General Contracting,(877) 657-8772
Central Granite Repair,(610) 357-0984
Tannen Louis Carpntr,(215) 726-6641
A.R. Sinclair,(215) 278-9239
Dab Hands Tub & Tile Reglazing,(215) 459-4177
Supreme Siding & Remodeling,(215) 339-4004
Master Countertops Artisans in Marble & Granite Inc,(215) 203-8637
Legacy Restoration,(267) 469-0695
Criniti Construction,(215) 468-7066
A to Z Exotic Hardwoods,(215) 432-5453
Til-Mar Designs,(215) 339-8453
A & P Custom Kitchens,(215) 551-9070
Poggenpohl,(215) 940-3110
The Azteca General Contractor,(215) 609-6292
Detail Exchange,(856) 278-3330
Opari Construction,(267) 243-2596
Hanson General Contracting,(215) 483-8338
H.E. McCook Construction,(215) 840-6557
Morelos Construction,(267) 202-3216
Stretch Construction,(570) 575-0291
Doozer Construction,(267) 639-6522
C&C Plastering,(215) 385-1351
J.THOM Kitchen Cabinetry,(215) 629-0600
Construction Matters,(215) 510-2739
Altobello Giannone Construction,(215) 463-1581
Beazer Homes,(856) 956-1372
ODonnell & Naccarato,(215) 475-5585
U S Construction Inc.,(215) 291-9543
C & A Construction Group Inc,(610) 633-9968
Universal Roofing and Contracting,(215) 425-5737
Betancourt Painting And Home Design,(267) 496-1638
Masada Custom Builders,(215) 574-0666
Corkery Customs & Remodeling,(267) 978-2475
Master Kitchen & Bath Design,(215) 355-4747
Buckminster Green,(484) 432-2692
ORourkeski Roofing & General Contracting,(267) 591-0104
Home Experts LLC,(215) 352-5147
Muldoon Masonry,(267) 249-1795
BBA builders,(215) 882-2448
Aura Construction,(215) 987-3800
Green Tech Construction,(215) 268-6042
ATG Construction,(610) 227-5490
DePiano General Contractors,(610) 308-4378
Arrow Plumbing & Drain Cleaning Service,(215) 739-4343
Wah-Da Construction,(215) 627-0198
Mark Cement Contractors,(215) 389-9979
K & L Construction,(215) 410-9019
Service-Pro Home Solutions,(267) 331-1422
Artisan Wood Floors LLC,(267) 255-6397
Palmer Construction Management,(267) 969-2973
Litton Woodworking,(267) 257-4522
Best Handyman Services,(215) 681-0291
Advanced Custom Cabinets,(267) 888-6680
Lamb General Contractor,(215) 390-8442
Hecht S & Sons,(215) 925-6337
Brandywine Construction Management,(215) 557-9800
Atlas Glass Repair Company,(215) 432-8487
Chandler Home Improvements,(484) 222-0689
Burgese Kitchens,(215) 463-9225
Kall Home Maintenance,(888) 900-3506
Hos Builders & Contractors,(215) 382-1101
NSA Restoration,(215) 904-5933
Demcom Contractors,(215) 227-0315
Lemus Construction,(215) 996-9966
Unkefer Bros Construction,(215) 563-3615
iFixit Handyman Services,(215) 715-3415
Work For You,(215) 485-8601
When In Need General Contractors and Remodeling,(267) 850-2219
One Day Bath,(877) 656-7875
Father and Son Builders,(215) 634-7800
Wolfe Scott Assoc,(215) 545-1272
Absolute Chimney And Masonry Restoration,(215) 450-2825
A E Talley Construction LLC,(215) 716-1302
T K O Construction Co,(610) 863-3318
Var Construction,(215) 425-6182
Marsh Construction and Remodeling Llc,(267) 237-6991
New Era Construction & Mgmt,(267) 439-4855
M3 Builders,(267) 304-2871
AAA Rapid Response,(215) 499-6122
ZBC General Contracting,(267) 688-9024
A-Plus Garage Door Doctor,(267) 290-8857
JG General Contractor Inc,(267) 377-5786
Rouse Property Preservations,(267) 774-7722
Colonial Cava Marble & Granite,(215) 732-7800
DelnicoTotal Home Llc,(215) 860-7606
Index Construction,(215) 796-7777
Al Jamal,(267) 815-8645
Steves Remodeling & Handyman Services,(610) 462-8803
Alexstone Marble & Granite,(215) 336-1400
Deluxe Home Makeovers,(267) 269-7179
Seans Home Remodeling,(267) 331-0452
Chango Inc,(215) 634-0400
Keep The Faith Roofing & Home Improvement,(267) 574-5838
Northeast Philadelphia Contracting Services,(215) 317-8587
All Star Multi-Services,(267) 776-0012
MJ Settelen Construction,(215) 893-0888
Justin Price & Associates,(844) 447-7423
Bleil Plumbing,(215) 289-8863
Ron Hartman Woodwork,(215) 694-5046
Carmen General Contractor,(215) 755-7756
Tony Chima Contracting,(855) 857-3663
Brooks Building & Remodeling,(215) 869-1812
Excalibur Home Remodeling & Restorations,(215) 582-5885
Hickory Building and Remodeling,(215) 768-1902
Tri-State Assembly,(267) 207-8655
Kitchens By Design,(215) 271-2419
CHOATES GENERAL CONTRACTING INC,(267) 978-3040
CP Construction Company,(724) 333-2664
Tool Team Building Service,(610) 991-6209
Minnis-Brown Home Renovations,(267) 348-6635
Basement King LLC,(856) 266-0259
Budget Kitchens,(215) 592-0636
American Building Maintenance,(215) 569-1948
TRK Solutions,(850) 287-5001
Docs Plumbing & Remodeling,(215) 992-9076
Lovin Contractors,(610) 453-4030
Dnlk Home Remodeling,(267) 408-3202
Family And Friends Construction,(267) 773-6383
C-Family,(267) 934-8805
All Surface Pros,(215) 303-8098
Best Around Town Home Improvement Services,(215) 294-0163
Elite Builders Inc.,(215) 253-7174
William Falkenstein,(267) 258-7054
JD Home Construction,(267) 804-4120
OMalley Contracting,(610) 247-6353
Rox Construction,(215) 483-1352
CRD Mold Fire Water,(888) 612-0523
W.C. Buchanan General Contractor,(267) 228-7800
HF Contractor,(267) 648-6659
M.C. Quality Contracting,(610) 680-8747
Center For Planning Design & Construction,(215) 568-7015
Turner Construction,(215) 496-8800
Intech Construction,(215) 735-2194
Frankel Enterprises,(215) 751-0900
LBs Remodeling & Renovations,(215) 455-2778
Phoenix Contractors,(215) 236-5419
Clemens Construction,(215) 567-5757
Main Line Craftsman,(215) 985-4346
Paradigm Builders,(603) 643-2002
P&Y Demolition & Construction,(215) 391-7820
Jensen Development Company,(610) 574-5406
Lavender Remodeling,(267) 773-9516
Pro Subs,(215) 237-7402
B & T Home Builders,(215) 735-0952
Maharam,(215) 564-9966
Sharpline,(610) 906-9885
Phillys Finest Framing & Drywall,(267) 293-7217
A-Z Home Restoration,(772) 320-9101
Glo With Glory LLC,(215) 342-7787
Saint Brick And Stone Pointing,(215) 292-3017
Quest For Excellence,(267) 343-7475
Master Cleaning,(215) 900-5120
Kingbig Inc,(215) 586-3210
Geronimo Construction LLC,(267) 766-5881
Maximum Cleaning Carpet and Janitorial Service,(215) 688-0608
New Edge Builders,(215) 880-8141
Turner Construction Company,(215) 496-9027
The Burns Group,(215) 979-7700
A1 Home Improvers,(215) 888-6134
Ferrarini Kitchens Baths Interiors,(215) 242-3014
Brucker Group LLC,(215) 772-1960
Tonys Glass Works,(215) 483-6388
AAA commercial roofing,(617) 423-7663
Well-Built Remodelers,(215) 275-6051
Albi General Construction,(267) 243-2595
Burns Masonry & Construction,(610) 306-1901
Spano Mike & Sons,(215) 423-3054
Tonis Plumbing,(888) 913-6339
Daltile Sales Service Center 57 - Philadelphia South,(215) 546-8453
Brother Home Improvement,(844) 950-4500
PAVE Contractors,(215) 609-4152
Absolute Spray Foam Insulation,(855) 687-3626
Carmine Varallo Construction Company,(215) 462-7728
IEI Group,(215) 413-3700
Berza Construction,(267) 838-2161
Action Builders and Remodelers,(215) 389-3100
Hestia Construction,(267) 357-1334
Flowtemp Contractors,(215) 235-0360
Marble Works,(215) 330-5160
Exclusive Home Remodeling & Repairs,(267) 338-5796
N&F General Contractors,(267) 335-5148
Rudi Construction Inc,(267) 278-2797
J & G,(267) 258-8873
Grain Builders,(215) 341-1505
Daltile Design Studio,(215) 977-2871
Ricchezza Building Solutions,(267) 971-5242
Servicestar Construction,(570) 972-6303
V 2 R Construction,(215) 240-8641
Home Inspections,(215) 482-5532
Cornerstone Construction & Design,(215) 284-8015
Skrocki Contracting,(267) 879-3338
Ncs Supply,(215) 634-5661
Jpc Group,(215) 243-9660
Angkor Contracting Services,(267) 515-5890
InteriorTech Sign Company,(215) 468-7770
R and B Concrete Company,(484) 459-6350
RTA Cabinet Store,(610) 285-1361
Thompsons Water Proofing,(877) 622-9579
Joseph Mikstas - Kitchen Designer,(215) 271-2419
Paul Plevakas General Contracting,(215) 778-2634
Jibe Design,(215) 834-9872
Ruffenach Construction & Remodeling,(215) 932-1488
Simple Kitchen & Bath LLC,(215) 238-1800
Univ of Penn Oad,(215) 898-7216
Top Gunn Construction,(215) 480-0000
Spencer Home Remodeling,(215) 834-1344
Able Chimney Roofing & Gutter,(888) 702-1959
Excellent Painting,(267) 592-7593
Green Star Exteriors LLC,(800) 625-0021
Turner Construction Company,(215) 563-5691
NF General Contractors,(267) 335-5148
The Temple Group,(215) 545-2105
The Basement Professor,(888) 719-4869
Nolts Renovations,(267) 992-5595
Universal Marble & Granite,(215) 739-3806
Elite Professional Painting & Construction,(215) 416-0113
Stylish FX Designs,(610) 955-2860
Shelly Alfred E Contr,(215) 627-0400
J&J Home Preservation,(631) 882-6319
Demarco General Plastering Contractor,(215) 468-0595
Commair Mechanical Services,(215) 224-4200
Anthony & Sons Wall Covering,(215) 755-3966
American Kitchen & Bath,(215) 424-9000
Philip Congialdi General Contractor,(215) 336-2542
J Toner & Sons,(215) 342-5034
T J Brothers Construction,(215) 235-8888
U S Facilities,(215) 629-3714
Universal Builders & Remodelers Unlimited,(215) 545-0820
Frank Fars Construction,(215) 783-8415
Dimatteo and Son Concrete,(267) 333-9541
Brooks Range Contract Services,(215) 629-8323
JP Construction Services,(877) 846-9566
Doors Unlimited,(215) 455-2100
ChromaDecora,(215) 941-9209
Broad Street Contracting,(215) 873-6678
A1 Sams Cleaning Service,(215) 850-0761
J W Home Improvements,(267) 970-6029
Alb Granite,(215) 288-8062
Fifteen Hundred Networks Assoc,(215) 557-9499
MJR Enterprise LLC,(610) 316-5049
Aboriginal Builders Association Aba,(215) 921-4905
Hk Long & Company,(215) 496-9045
Mankin General Contracting,(215) 626-4072
FH Demolition,(215) 225-0456
Cobra Construction,(215) 463-4004
Eagle Construction Services,(215) 386-1715
American Supply,(215) 423-5101
Action Remodeling,(215) 429-4888
Mikes Furniture Refinishing,(215) 289-0503
Balks Supply,(215) 627-5726
Mohammed A Young-EL and Associates LLC,(267) 304-7641
Stud Builders,(856) 986-7936
Higgins Cement Work Contractor,(215) 739-4347
European Design Contractors,(215) 600-2801
Artistic Kitchen & Bath Renovations,(215) 668-9164
Cabinet Makers Custom Built-In Bookcases,(215) 279-9029
Dignity Community Constructioin,(267) 886-9544
Bullnose Template,(215) 588-3667
Best Home Solutions,(866) 247-0330
Batista and Chaves Construction,(215) 779-2901
Da Nolt,(215) 465-3260
Steel Door Repair Compny and Supplier,(215) 809-3970
ECI Comfort Solutions Inc,(215) 245-3200
Solution People,(800) 353-1620
Pareto Principal Construction,(888) 885-0354
FX Remodeling & Exterior,(267) 318-4550
Jayco Renovations,(267) 234-1300
Marianna Thomas Architects,(215) 386-0200
Paul Vincent Interiors,(215) 527-8466
Imperial Construction,(215) 665-5717
Agc,(215) 569-9909
Turner Construction Trl,(215) 627-1484
Turner Construction,(215) 295-8639
Motions Construction,(215) 989-0898
C Erickson & Sons,(215) 568-3120
Gilbane Bldg,(215) 568-2943
Clemens Construction Co,(215) 567-5157
Caledonian Kitchen & Bath,(215) 836-5150
Keating Building Corporation,(610) 668-4100
Contractors Assn of Eastern Penna,(215) 546-4555
Newport Contractors At Marriott,(215) 665-1792
Kowalchick M & Associates,(215) 670-2120
Oxford Construction Advisors,(215) 546-1825
Clemens Construction,(215) 567-0714
D & Z Utility Services,(215) 299-1511
Rimsa Plus Usa,(267) 207-3530
Tishman Construction,(215) 496-9647
Tishman Construction,(215) 561-0690
Tishman Construction,(215) 568-3701
Creative Remodeling,(215) 732-2339
Campenella Construction,(215) 923-9327
Kreitzberg Obrien,(215) 587-0267
Hispanic Ventures,(215) 988-0555
Archway Builders,(215) 567-2660
Vpro Construction,(215) 317-9886
Andrew Gardner Plumbing,(215) 483-6150
Brooks Range Contract Services,(215) 627-4161
Mediastream,(215) 587-4100
AB Davis Landscaping & Concrete,(215) 500-5824
Anthony Coughlan Contracting,(215) 710-0437
Newport Contractors,(215) 625-0788
Twyman Edward Contractor,(215) 476-7107
Rolen Building Assocs,(215) 829-1826
Shoemaker Construction,(215) 925-8310
Arch Partners,(215) 928-0357
Archway Associates,(215) 496-9010
Brandywine Construction,(215) 592-0745
Waber Alfred Builder,(215) 561-9064
Kwok Ming Construction,(215) 765-3300
Amr Construction,(215) 735-1422
Ltd Construction,(215) 925-0488
A A&A Public Adjusters,(215) 915-8709
American Builders & Remodelers,(215) 722-6800
Driscoll Construction,(215) 665-8512
Keystone Custom Builders,(215) 732-1510
Intech Construction,(215) 893-8672
3 Pratts,(215) 995-5585
Elite Elevator Services,(215) 928-8844
VICL Construction,(215) 268-8442
Vick Bs Painters Plus,(215) 485-3550
U S R A Construction,(215) 232-5053
Top This Contractors,(267) 739-1571
Robert Petralia Land Surveyors,(215) 928-0299
Mausoleums By Forever Legacy.,(215) 392-2461
Intech Construction,(215) 592-0760
Pepe L Contractors,(215) 545-5510
Ford Construction and Contacting Corp,(215) 651-2766
Saleems Construction,(215) 235-0881
1-844-HVAC-TODAY,(844) 482-2863
Marazzo Electric,(267) 407-1338
Construction Mall,(866) 916-6186
Turner Construction,(215) 923-0683
Doung San,(267) 622-0806
Just Around the Corner,(267) 514-5896
Fine Line Construction,(215) 545-4660
Lang Construction,(215) 925-1550
Brandywine Construction & Mangement,(215) 923-9921
Oxford Environmental Construction,(215) 922-4255
Universal Straight Lines,(215) 390-6200
Nicole & Michael Construction,(609) 375-7296
Image Design Assocs,(215) 763-2090
Keystone State Construction Co,(215) 463-8709
Anderson Wm F Refrigerators,(215) 625-8500
Halsey W Taylor Water Coolers,(215) 625-8500
Leuzzi Brothers,(215) 271-9006
Kaiserman Ronald Atty,(215) 546-2665
US Facilities,(215) 922-4245
Hope Remodeling,(267) 266-9598
Kyrees General Contracting Company,(888) 901-7565
Next Level Exteriors,(215) 302-9888
Ishaan Construction Co,(215) 271-3659
Tripodi Domenic Builder,(215) 467-4541
JMS Property Services,(267) 639-4182
Purchasing Interiors & Contracting Associates,(215) 336-0547
Rodriguez Construction Services,(215) 662-0645
Electro-Rooter Sewer Service,(215) 324-2100
Lamarra Frank R,(215) 763-5600
Robinson Andrew Contractor,(215) 334-8143
Kenny Construction,(215) 462-6200
Intech Construction,(215) 243-2000
M Kowalchick Construction,(215) 629-4827
Usra Construction,(215) 625-0138
Koh Engineers,(267) 639-9782
Precision Steel Construction,(215) 465-2502
Chuck Pukanecz Center City Contracting,(215) 237-6705
Hannah & Sons Construction,(215) 389-4664
Hannah Kevin,(215) 389-5922
Ready 2 Sell,(215) 382-1030
B Varallo Construction,(215) 551-4343
Graveley Roofing,(215) 763-5350
Phila Home Repair,(267) 255-1536
Rock-A-Fellas,(215) 509-1916
Rising Star Enterprises,(215) 222-4586
Zenarius General Contracting,(215) 769-8556
GHR Services,(215) 876-3197
Dickinson Street Cleaning Service,(267) 687-7814
Oxford Construction,(215) 923-0250
Acorn Iron & Supply,(215) 922-7070
Ace of Painting & Home Improvements,(609) 969-8680
Desimone Contracting llc,(267) 978-7837
Nesmith Co Inc,(215) 755-4570
Design Builders Assoc,(215) 952-1901
Izzys Handyman Service,(215) 336-3030
DiDonato Mechanical,(484) 645-7076
Landmar Enterprises,(215) 551-6000
Intech Construction,(215) 382-2370
Bedrock PA Development Corp,(215) 954-1223
Clearspan Building Services,(215) 291-9007
Stuart-Dean Co,(215) 755-3870
Fresh Start,(267) 861-5700
Jpc Group,(215) 243-9660
South America General Construction,(267) 317-5362
Nolan Painting,(610) 789-3156
W H Construction,(215) 334-2331
Elliott Building Group,(267) 852-4500
Double A Builders,(215) 463-6868
Universal Roofing and Contracting Inc.,(856) 303-0945
Sensible Developments,(215) 525-1052
Urban Renewal Builders,(267) 773-7136
Mid-City Bldg Service,(215) 339-0280
Cavella Contracting,(267) 777-1414
D & Js Moving Home Repair & Clean Outs,(484) 498-8335
Corso Brothers Construction,(215) 755-0975
Robinson Andrew Contrctr,(215) 334-8143
Cash Construction,(215) 467-1886
Cascio Sal Electrcl Contrctr,(215) 468-7852
Tymes Cleaning Services,(215) 468-3978
R W Welding,(215) 763-7890
New Development Group,(215) 426-8038
Tripodi Construction,(215) 468-7269
Mae & Company Productions,(215) 896-9062
Agnes P Bldr,(215) 755-6900
United American Builders,(215) 551-5530
Men-Pro General Contractor,(215) 852-3222
S & T Art-A-Tectural,(610) 842-2414
Richards Paving,(302) 328-5828
Morreale Charles,(215) 465-8500
Azo Corporation,(215) 387-2786
Grays Ferry Construction Services,(215) 271-8486
Fortuna Roofing & Construction,(215) 334-9891
DryMaster,(856) 336-8588
Madison Construction,(215) 468-8051
Historical Restoration Contracting,(267) 650-2430
Accessibility Modification Specialist,(267) 255-6001
Scollon James A Sons,(215) 739-8038
Project Homes,(215) 235-2969
D-pasholli,(215) 778-8495
Pio Construction,(215) 423-0759
Gensis Group Construction,(215) 482-4400
US Facilities,(215) 564-6413
Bittenbender Construction,(215) 925-8900
Fagan Roofing And Construction,(267) 444-4447
Intech Construction,(215) 587-2760
Lotico General Contractors,(855) 349-7883
Hessert Construction,(215) 222-2193
Gem Builders,(215) 467-4474
Marino General Construction,(215) 438-1251
Laur-Moor Construction,(267) 971-2728
T&D Home Improvement,(267) 918-9183
Absolute Home Remodeling & Woodworking,(215) 288-4000
G&H Tile,(215) 565-6895
Falcon Construction Purvis Builders,(215) 765-3370
Trisone Contracting Group,(215) 465-5404
Cro Construction,(215) 952-8740
Fisichella Jos Electrcl Contractr,(215) 336-3955
C & C Cleaning Services,(215) 778-4833
Custom Home Renovations,(888) 973-6088
Buckley & Co Inc Contrs,(215) 334-7500
Buckley & Co,(215) 389-7395
Buckley & Co,(215) 465-4400
Green and Sons Home Improvement,(267) 687-5141
Sutton Contracting LLC,(610) 202-4460
Grant Patk,(215) 236-6226
T & G Construction,(215) 236-6226
Campanella Construction,(215) 389-3300
Dellavecchia Nicholas Builder,(215) 236-5362
Facelift Remodelers,(215) 329-4841
A List Services,(267) 616-2113
Brink L Construction,(215) 726-7010
Tonino Construction,(215) 873-7716
Uptown Entertainment and Development,(215) 232-3897
Stepnowski Bros Inc,(215) 427-0800
Florkowski Builders,(215) 423-2888
Remond Remodling,(215) 387-2451
C and W Trading,(215) 203-0729
Philip Pio Construction,(215) 751-1040
Unique Custom Closets,(267) 449-0096
Cabinet Makers Custom Built-In Bookcases,(215) 279-9029
I C M G,(215) 336-2088
Ltb General Contractors,(215) 232-5154
Cornell J S & Son,(215) 563-3157
Jc Construction Corporation,(215) 427-1940
Pba Construction,(215) 729-1107
Equal Construction & Management,(215) 221-5700
E Logan Contracting,(215) 236-1305
Construction Masters,(215) 704-8896
Phoenix Renovation,(215) 206-8919
Spartan Drywall,(267) 987-5724
Swerp,(215) 482-4540
KLW Construction,(215) 914-5265
Joe Smolarski & Son,(609) 893-2784
Pandolfi S Richard,(215) 922-2000
Philly Wide Construction,(267) 528-3889
Wilson Contractors,(888) 906-8089
International Construction Specialist,(215) 382-2712
Preston General Contracting,(215) 413-2688
Capozzoli Stairworks,(609) 635-1265
Soiree Design Services,(267) 292-5502
D. Sheerin Construction,(610) 449-1801
TGIW Renovations,(215) 850-8881
Sharp Edge Construction,(215) 921-6371
Micela Antonino,(215) 922-6542
Elta Cleaning Service,(215) 228-5649
Sager Damage Restoration,(800) 691-7972
Shegda Construction,(215) 423-7999
Myers Constructs,(215) 438-6696
Joseph Mateja Tile,(215) 901-1877
Calvitti John Co Contrctr,(215) 438-1822
Finally Free Enterprises,(215) 634-7121
Powers & Co,(215) 236-9006
B & T Home Builders,(215) 877-7733
Diamond Huntbach Construction Corp,(215) 739-8166
Solanos Restoration,(215) 291-9242
Brilliant Construction Services,(267) 519-0477
Rockport Construction Co,(215) 225-2086
Rightway Waterproofing,(866) 741-6190
Petrongolo Contractors,(215) 551-8990
Palmer Construction,(215) 634-2806
Exception Cleaning Services,(215) 476-7130
Glenview Construction,(215) 228-1630
Yeagers Kitchens & Bathrooms,(215) 364-4726
Dck Construction & Iron Works,(215) 425-2965
Kevin Anthony Contractors,(215) 729-0777
Philadelphia Community Care,(215) 291-4550
Richard Hammond Contractors,(215) 423-9663
Keystone Conservation Service,(215) 229-6436
Barge Construction,(215) 226-2375
Leon E Sowisdral Jr Cabinet Maker & General Contractor,(215) 432-4463
Turner Construction,(215) 218-1000
H & B Driveway Resealing,(610) 649-1385
W & W Contractors,(215) 724-0270
Cardiovascular Institute of Philadelphia,(215) 389-2300
Innovate Stones,(908) 718-5616
Revise Studio,(215) 837-5060
Apple Construction,(215) 425-0700
Djk Contractors,(215) 425-0700
The House Doctor Plumbing LLC,(267) 322-9918
Allen Redevelopment LLC,(267) 774-0112
Jbd Contractors,(215) 223-6860
Goodman Renovation,(844) 304-0402
Simiano Const Co,(215) 229-2122
Fine Homes Design,(484) 306-0190
The Renaissance Company,(267) 625-3466
Dewit Construction,(215) 474-4038
Manhattan Pressurized Walls,(646) 854-1976
Preston Construction,(215) 724-7681
Tacconelli Anthony Paint,(215) 739-0635
Skilled Builders Plus,(215) 278-3939
Philly Concrete and Asphalt Paving Inc.,(215) 594-6325
Prime Building,(215) 879-3372
Delta Global Construction,(215) 452-5541
Forever Marble,(215) 203-8666
Patterson Enterprise,(215) 229-7683
Ivory Towers Contracting,(215) 474-8560
Papiro Jerry,(215) 483-7557
Ferrick Construction Co,(215) 224-5409
Olde Kensington Design,(267) 265-1399
Hill Construction,(215) 225-2124
121 Pt Breeze Terminal,(215) 365-5791
Alber Service Co,(856) 317-1750
A & B Unique Construction,(215) 843-0190
Elevator Construction & Repair Co,(215) 223-2727
Ameen General Contractors Inc,(267) 259-0342
Villas Del Caribe,(215) 423-3070
Philadelphia Roofer,(215) 990-7107
Donovan Wm J,(215) 225-3677
Vogt Construction,(215) 739-9876
Curran Bros,(215) 739-7565
S & S Contracting,(215) 828-7713
Bender Contracting,(267) 505-6046
Sable Construction,(215) 427-1462
Lopez Construction,(215) 739-2022
Cornerstone Construction,(215) 472-5786
Bonk Ronald Carpntr,(215) 425-5694
Young & Brothers Construction,(215) 852-5398
A Boswell and Company,(215) 729-1274
Republic Services,(610) 265-6337
Basil Home Improvement,(215) 877-0800
Torrado Construction,(215) 426-6600
James J Anderson Construction Co,(215) 427-9266
Jci General Contractors,(267) 861-3810
McCourbrey-Overholser,(215) 844-9060
Jay Dee Contractors,(215) 844-4424
Cipriano Contracting,(267) 938-8805
Torcon,(215) 271-1449
General Roofing & Contracting Co,(215) 482-3444
Tri-State Home Central Inc,(215) 970-7221
City Construction,(215) 739-4959
BQ Basement Systems,(800) 645-0223
Bucks County Soapstone,(215) 249-8181
Progressive Construction,(215) 455-4951
Point Development & Const Co,(215) 492-1959
T and R Contracting,(856) 281-2492
Freedom Remodelers,(215) 837-0088
Nelsons Property Management LLC,(267) 627-4747
Wildonger Joseph Jr Construction Company,(215) 423-1274
Sheen Builders,(267) 766-2866
McGowan John Inc Contractors,(215) 739-6211
Walts Roofing,(215) 224-3990
Whiting-Turner Contracting Company,(215) 218-1094
Phillips Home Improvements,(215) 913-9662
Green Tech Construction,(215) 268-6042
Dib Construction,(215) 871-7720
Walker C Remodeling,(215) 474-4929
Refrigeration Service Associates,(215) 365-1296
Merion Construction,(215) 365-6037
T N Ward,(215) 473-2575
Dougherty Construction,(215) 338-4339
Williams Richard,(215) 471-0417
Altomare Construction,(215) 225-8800
Kaufman M Family Contractors,(215) 744-2800
Urban Builders,(215) 843-4300
Johnny Comoara Construction,(267) 918-3537
Minor Adjustments Maintenance,(215) 878-3440
LeafGuard of Tri State,(856) 283-4883
Davidson & Son,(267) 574-2560
Edwards Fire Protection,(215) 774-1510
Don Mac,(215) 748-7481
Triton Marine Construction,(215) 462-1212
Depaul Tony & Sons Contrctr,(215) 225-7975
Kurtz Construction Co,(215) 247-8020
Nason Construction,(215) 334-6548
Tom & Sons Roofing,(267) 597-8296
Summit Construction,(908) 642-0336
ServiceWhale,(866) 977-3897
Design Build Pros,(800) 451-2066
Designing Xpressions,(267) 333-5078
Giannini &amp; Sons Roofing,(215) 288-5176
C R Mason General Contractors,(215) 533-1266
Exodus Contracting Inc.,(267) 816-4865
Keith Jones Woodworking,(202) 253-8545
Travaglini Bros,(215) 471-7560
ECC Roofing and Siding,(609) 561-4355
Contractors r us,(215) 848-2495
Clearview Windows & Doors,(215) 533-4694
Barrington Renovation & Repair,(888) 307-8259
Sylvester Cheatham Home Remodeling,(267) 973-4878
ShayPa Construction,(267) 388-1689
Affordable Mold Service & Restoration,(215) 400-0647
Cameo General Contractor,(215) 473-2985
Green Diamond Philadelphia,(215) 941-1572
Elite Homes,(844) 255-3548
Mitchell & Sons Construction,(267) 597-7880
Wilsons General Contractor,(215) 879-5530
Pkf Mark,(215) 474-4672
Denofa Construction Co,(215) 535-4994
Henkel & Son LLC,(610) 941-5363
Global Building Inspections LLC,(610) 727-0555
Parisse Thos Plumbing,(215) 728-1000
Swift Siding & Carpentry Remodeling,(215) 482-5150
Molly Construction,(215) 535-2877
Di Giacomo Construction,(215) 423-0300
See R Homes,(215) 743-1162
Unique Custom Builders,(215) 457-3037
Driscoll Construction Company,(215) 423-5818
Adcon Engineering & Construction,(215) 877-8210
Nello Construction Co,(215) 426-9494
Kada T & Sons,(215) 329-1989
Philadelphia Elevator Repair,(215) 423-5602
Garden State Soapstone,(732) 828-7000
ACE General Contractors Inc,(215) 969-8360
Tucker Builders & Remodelers,(215) 423-6407
Universal Mount Airy Builders,(267) 385-7659
A and E Construction,(215) 220-1440
Non-Toland Germantown Devlopment,(215) 849-3069
AMC General Contracting,(215) 289-8900
Carusone Construction,(215) 492-8070
Sharkeys Home Improvements,(215) 535-6114
J D V Enterprise,(215) 457-2823
NII Art,(267) 258-6152
Wyatt,(215) 492-5800
Di Mattia Pio Cement Contractor,(215) 533-5496
D & E All In One,(215) 510-7354
E.B.E. Service Group,(267) 579-3313
Dry Guys Basement Systems,(856) 769-9533
Atticus Painting & Home Repair,(610) 213-3867
Hadco Aluminum & Metal of PA,(215) 427-0100
A L Heilman,(215) 438-8870
New Wave Auto Sales,(215) 492-1550
Alexander Painting & General Contractor,(215) 744-3573
United Construction Management & Solutions,(215) 437-1701
Hagenbach Contractors,(215) 423-9253
Forever Marble,(215) 203-8666
Hope Industries Home Remodeling & Renovation,(215) 613-4225
American Home Concepts,(610) 667-7775
CMT General Contractors,(484) 401-1115
G N General Contractors,(215) 879-9118
Am Construction,(215) 941-7487
Hasa Construction,(631) 501-0413
Phillip King,(215) 843-8241
Keating Building,(215) 289-9840
Quality Home Remodeling LLC,(856) 318-9801
DIG M INSTALLERS INC,(410) 256-0999
Coates Bros Clothing,(215) 457-1710
Rich Bennett Contracting,(215) 330-3439
Viking Building Group,(267) 625-3341
Spogue Kitchens & Bath,(610) 902-9860
Loftus Construction,(267) 323-2834
Universal Construction,(215) 548-9000
Flatiron Building,(215) 508-5100
Kitchen Bath Studio,(484) 868-9818
Venetian Tops,(610) 470-5571
Philadelphia Brick and Stone Pointing Inc.,(610) 930-3040
Level Best Construction,(267) 980-2525
Patriot Construction,(215) 365-1679
Ppa Consruction Trailer,(215) 365-0584
Healy John F Mechanical Contractor,(215) 879-6100
J & J Construction,(215) 288-2224
J & M Hardwood Floor,(215) 743-6121
Reasonable Contracting Solutions,(267) 339-4990
Vassallo Construction,(215) 843-2233
Burkholder Brothers Inc.,(610) 558-2678
Clark Construction Company,(215) 848-4025
Gemmi Construction,(215) 794-0591
Keller Gerald Plumbing Contractor,(215) 483-6827
Gerald M Rose General Contracting,(610) 449-5039
Reico Kitchen & Bath,(610) 382-1137
Four Winds Construction Services,(215) 289-7000
Murray Renovations,(617) 803-9381
Quigley Contracting,(215) 487-7716
Collingswood Carpentry and Woodworking,(609) 553-9700
Cornell Homes,(610) 891-1700
Greater Germantown Construction,(215) 843-1717
American Assets Investment Property Contractors,(215) 365-3000
Bath Pal Group,(610) 924-4801
N and F General Contractors,(267) 341-9509
P & S Construction,(215) 455-0872
National Industrial Builders,(215) 563-4917
Dale Corporation,(215) 613-6375
James Anderson Construction Company,(215) 365-5320
Design Builders Associates,(215) 744-9800
Urban Development,(215) 848-7518
Marino Building Contractors,(215) 849-9773
Martin Tile and Remodeling,(856) 397-7212
New Vision Construction Corp Of Princeton,(609) 638-5040
100% Carpentry,(215) 987-3385
Fardella Mario,(215) 289-7296
Armond Aquatech Pools,(610) 279-3800
A One Asphalt Paving,(215) 658-1616
Palmer Construction,(267) 322-7965
Hometech Construction,(215) 487-0609
Cutting Edge Construction Services,(609) 518-1500
Myers W H Construction,(215) 329-1550
Tartaglione Anthony Concrete Contractor,(215) 455-7210
DB Construction Management LLC,(877) 760-6537
Kilt Bilt,(610) 457-1277
Wickes Works,(484) 686-4437
S & P Family Contr,(215) 743-7433
S & P Contractors,(215) 533-2800
Red Brick Construction,(215) 498-4928
Better Home & Garages,(610) 724-7442
Platinum Inc. - Tim Rocco & Daughters General Contracting,(215) 335-0445
Drainex,(267) 231-8004
Hammer & Nail General Contractors,(215) 927-6245
Artis T Ore,(215) 848-6544
Smith Sustainable Design,(215) 260-7905
Howard Bud Roofing & Siding,(215) 482-0753
A T Chadwick Co,(215) 222-1728
Phillip Johnson Construction,(215) 744-4455
Solutions,(267) 683-7024
Stubbs Developers Lcc,(215) 438-7827
Men-Pro General Contractors,(215) 852-3222
Raymond Shoemaker,(215) 457-0101
Laura Mar,(215) 289-2300
Wrightway Flooring Contractors,(215) 537-4778
Mancini Brothers Construction,(267) 269-9708
Not Just Kitchen and Baths,(215) 251-9734
Maysons Piping Contractors,(215) 289-5656
Modern Construction Group,(215) 634-2879
Dover Development,(215) 483-5853
Housing Solutions Inc.,(215) 843-3623
Vandom Productions & Construction,(610) 329-2020
Archfriends,(215) 843-0202
Mascaro Construction,(215) 247-6111
Russell and Son Home Improvement,(267) 585-2895
Community Builders,(215) 381-2602
Philip Aiello,(610) 755-2573
Kevon Construction,(215) 546-2665
Bath Fitter,(800) 594-8776
The Kitchen Studio at Pine Street,(610) 430-3333
Pannulla Construction,(215) 508-4324
Home Smart,(610) 459-5808
Mi Terra Custom Tile,(215) 681-4045
O`Kane Construction LLC,(610) 636-5517
Sullivan,(215) 533-7683
Elia Joseph Contr,(215) 535-4492
Crossing Construction Company,(267) 335-3941
Rannellucci Construction Company,(215) 483-8982
Schlear Chimney & Masonry Service,(215) 332-3611
The Closet Works,(215) 675-6430
Great Home Painting,(215) 295-9300
Jameson Roofing,(800) 210-6988
Murphy Home Remodeling,(856) 546-3032
Gts Cleaning Service,(267) 331-9090
Kobithen Mike Roofing Contractor,(215) 533-3118
Leon E Sowisdral Jr Cabinet Maker & General Contractor,(215) 432-4463
K Kitchens and Granite,(609) 241-0031
Tarlton Building Group,(888) 588-4009
Senate Builders and Construction Mtg,(215) 744-4742
White Renovations,(610) 384-8421
Premier Home Renovations,(609) 931-9330
Domus,(215) 849-4444
Johnson Masonry Construction,(215) 924-7476
Midway,(215) 739-7309
W Gaskins & Sons General Contractors,(215) 248-2066
Discount Fence Co,(856) 662-3465
Atlantic Interior Systems,(609) 927-1200
LaBella Contracting LLC,(610) 732-7842
Only The Best Builder,(609) 654-1698
Nova Surfaces LLC,(856) 617-1721
McNulty Roofing & Siding,(856) 667-4545
Squeeky Clean Services,(215) 836-9274
Racz Construction,(215) 224-2299
Home Works Design & Renovations,(484) 620-4796
Pmh Enterprise,(215) 438-4020
Touch of Class by Mp,(215) 438-9819
J A Home Repairs,(267) 694-0065
Accurate Reconstruction Inc,(908) 231-1234
Al Muhsinun Construction,(215) 455-4414
First Class Builders,(215) 535-8838
Douglass Art Contrctr,(215) 548-5100
M F S General Contractors,(215) 743-6650
Coppersense,(609) 352-9840
William & Son Remodeling,(856) 625-2997
Ting Design,(610) 864-5715
Crossing Construction,(215) 533-7947
Mac & Son,(267) 471-8519
C & W Contractors,(215) 533-0838
DK Builder,(484) 722-4187
A & S Drain Cleaning,(267) 575-1236
Philadelphia Flood & Sewage Cleanup,(215) 297-6046
Dorsey Cleaning Service,(215) 549-6700
Curren Environmental Inc,(888) 301-1050
White J J Incorporated Bldr,(215) 722-1000
J J White,(215) 722-1000
Simkins General Contracting,(856) 694-4346
Shawmont Construction,(215) 487-0255
Robinson Community,(215) 437-1330
Ameriblasts,(215) 946-3762
The Marble Restoration Company,(215) 233-0150
Amish Backyard Structures,(717) 875-4412
C Chandler Co,(215) 728-6069
American Builders & Remodelers,(215) 424-2500
Mathews Home Service,(215) 371-4402
Deshayes Dream Courts,(856) 429-5445
Water Damage Royal Cleaning,(215) 657-2208
Total Design Builders LLC,(856) 885-6036
Cella Roofing & Remodeling,(856) 429-4088
Hazeez & Associates,(215) 424-5830
Tillman Construction,(267) 385-5651
Investment Sales & Management Company,(215) 479-6073
A & B Full Pool Service,(215) 460-9858
Homewurks Construction Company,(215) 927-7727
Cannon Landscaping & Handyman Services,(610) 789-3233
Well-Built Remodelers,(215) 275-6051
ION Construction,(267) 600-5600
Bruckner Construction,(484) 354-8825
Rink Pointing,(215) 288-1533
APCO Pool Specialties Inc,(215) 428-9300
RJ Home Improvement Contractors,(609) 369-7541
R T Environmental Services,(610) 927-3300
Horizon Contracting,(215) 742-1430
Transitional Interiors,(215) 901-0459
Productive Construction Services,(267) 397-6559
Naimoli Construction,(267) 225-0527
The Iron Shop - Stair Manufacturing,(800) 523-7427
Nu Look Home Design,(800) 279-5300
GenCarp Construction LLC,(484) 487-2145
Reliable Drywall. LLC,(267) 628-6251
ServiceMaster Clean,(215) 860-1099
1-800-GOT-MOLD?,(201) 735-5717
My Electrician LLC,(888) 654-4911
J&M Plumbing & Drain Cleaning,(215) 943-5363
PHR Contractors,(267) 343-9188
Forsyth Construction,(215) 872-3195
R & R Glass,(215) 443-7010
Certitude Home Improvements,(610) 924-7270
Antczak Arthur Roofing Contractor,(215) 533-2719
Spencer Builders,(732) 202-6649
TermiGuard & Fenwick,(856) 322-8311
Bachmans Roofing Building & Remodeling Inc,(610) 678-8004
Penn Industrial Installations,(215) 708-8709
DCK Home Remodeling,(215) 609-7299
Investment Sales & Management,(215) 609-4550
Johnson Pools & Restorations,(610) 353-1131
Philadelphia Overhead Door Co,(215) 333-3333
Robaire Home Services,(215) 458-8961
Revo Industries Inc,(856) 863-8000
Cherokee Construction,(215) 248-1800
Hi Tech Cleaning Services,(267) 297-7346
Superseal Construction,(610) 583-7325
Cams Contracting,(267) 912-5522
Legacy Construction,(267) 679-9669
Building Memories Custom Contractors,(267) 626-3537
D W Doughty Landscape & Hilltown Nursery,(215) 453-9999
Pacetti Tile,(215) 207-3223
Evironmental Testing Services,(866) 226-2114
J & M Air,(908) 707-4040
Fante Flooring & Window Treatments,(610) 232-7080
Stable Hollow Construction,(717) 665-0580
JLA Remodeling,(215) 805-1588
Basements Foundations,(717) 229-5015
CKH Industries Inc,(888) 641-2127
Hardrock Pavements,(888) 280-6595
Long Construction,(856) 466-6370
VBM Construction & General Contracting LLC,(267) 386-5085
Ricks Construction Services,(302) 898-0366
ACI-Tech,(844) 386-0330
HT Renovations,(215) 646-7477
Santech Construction Corp,(215) 510-0515
Blacked Out Sealcoating,(856) 330-7325
Architectural Concrete Design,(215) 946-5039
Ponente Design Co.,(267) 566-4325
Rosengarten Construction,(215) 750-1024
Granite Transformations,(267) 579-4465
Williamson Square by W B Homes,(267) 638-8500
Sgt. Sealcoat,(855) 748-7325
Universal Wrecking Corp,(866) 585-3198
Independent Home Living LLC,(609) 652-6681
Joseph Dipalantino & Sons,(267) 722-8205
Twin Modular Services,(856) 227-0057
Start 2 Finish Restoration & Building Services,(856) 270-2664
Dos Hardwood Floor Sanding,(856) 558-8865
Clestra Hauserman,(267) 880-3700
Hauser Contractors,(610) 428-7842
Boss Crete,(610) 241-6308
Dicarlo Construction Services,(610) 930-3199
Air Consulting Services,(609) 371-2489
Carosella Design Build Ltd.,(215) 465-2700
Burgese Co,(856) 282-7883
Forge Construction,(610) 558-4705
Sherman & Gosweiler,(610) 270-0825
First Choice Renovation,(215) 604-1578
Above and Beyond Home Cleaning Specialists,(856) 424-0007
Simple Floor Covering & Design,(267) 934-4867
F T Young Associates Inc,(215) 357-4300
Modular Nation,(443) 743-2717
S & R Pools LLC,(267) 714-8297
Regan Masonry,(215) 416-3289
ALL OUT Sealcoat,(484) 454-3555
FS Landscaping Contractors,(215) 491-1116
Energy Savings Plus,(484) 707-1879
Marzilli Construction,(609) 567-4804
Aaron Enterprises Inc,(717) 854-2641
AB-Con Construction,(856) 662-6195
Delaware Valley Concrete Coatings,(484) 727-8462
Fred P Michel Jr Glass Block,(609) 646-5056
Willow Grove Royal Water Damage,(215) 657-2244
Under Construction Builders,(856) 354-0831
Weather Tight Roofing,(215) 805-4748
Feldor & Feldor,(215) 482-6200
CM Flooring & Carpet,(267) 408-1395
PA Contractor LLC,(215) 290-1475
Dj Cross Inc Chim Chimney Sweeps,(610) 494-2293
Gregory John B & Sons,(610) 623-4675
Wallace & Sons Elevator Service,(609) 660-2212
Burnside Plumbing and Heating,(484) 612-2664
G & G Construction,(267) 707-4379
Merman Construction,(610) 489-4132
C.A.B. Group,(732) 788-0404
Graham Thos J Genl Contrctr,(215) 744-1400
That Grab Bar Guy,(609) 451-0225
Yorktowne Kitchens,(609) 871-4200
SGT Handy,(484) 362-7905
Zaprala Remodel,(856) 981-7569
Padilla Home Improvement,(484) 490-2780
Hamilton Lightning Rods,(609) 772-1917
AMDG Exterior Contracting,(610) 636-2095
D. Mallozzi Landscaping & Concrete,(215) 343-1187
Aqua Bello Designs,(215) 353-0657
Moving with the Jones,(856) 745-3453
Swingset Brothers Installation,(732) 513-4855
Indoor Air Services LLC,(609) 351-1362
BDry - Pennsylvania,(610) 543-2379
