Details Remodeling & Home Services,(480) 628-7282
Granite Dude,(602) 513-6886
Homework Remodels,(602) 478-5102
Brown Roofing LLC,(602) 626-5559
Toro Construction Company,(602) 789-6929
Cornerstone General Contracting,(480) 262-1578
Kmi Contracting,(602) 818-2373
Superior Stone and Cabinet Inc.,(602) 437-0088
James Wagner Construction,(602) 410-5750
Dieterich Lee Construction Inc.,(623) 640-5326
Allodile Construction,(480) 789-3016
Envision3 Group Inc.,(480) 388-4576
Diamond Granite & Remodeling,(480) 900-7302
Day & Night Air Conditioning Heating & Plumbing,(602) 956-9404
Makana Home Remodeling,(480) 788-2829
Choice Property Construction & Remodel,(480) 414-4001
Luxe Outdoor Environments,(480) 376-7754
Top Hatter Inc. Air Duct Cleaning Company,(602) 955-6078
White Sands Electric Co,(602) 467-9599
Granite Solutions,(602) 999-0996
The Skylight Guy,(602) 485-4995
Qualtire Plumbing & Construction,(602) 246-0656
Bunger Steel Inc,(623) 936-7181
Titan Home Improvements,(602) 999-0308
Ever-Klear Pool Supply Inc,(623) 846-2154
Kachina Dry Cleaners,(602) 955-5540
Rondo Pool & Spas,(602) 246-6202
Chiminey Cricket Chimney Sweep,(602) 944-5011
CKBR,(602) 438-6638
Rem A D Window Repair,(602) 628-1042
Garage Floor Coating,(602) 579-2628
Phoenix Sliding Doors,(602) 486-4469
Legendary Home Services,(602) 428-6143
Desert Outdoor Landscaping + Remodeling,(602) 783-0569
The Countertop Center,(602) 412-6153
Red Wood Remodeling,(602) 770-6379
Healthy Pool Care,(602) 421-7751
Pinnacle Fencing Solutions,(602) 451-0035
Marks A/C and Heating,(602) 367-9947
VETSBuilt Contracting,(480) 748-0684
Integrity Water Solutions,(480) 699-9078
JVR Contracting,(480) 998-9075
Lincoln Air,(623) 587-9957
DRM Excavating,(602) 803-8384
G & G Specialty Contractors,(480) 921-4079
Built By Grace LLC,(480) 726-0011
Roadrunner Custom Remodeling,(480) 816-0788
Kirk Development Company,(602) 944-3658
Bill Combs Pool Repair,(480) 270-1492
Ram Wallcoverings,(602) 277-9254
A to Z Welding,(480) 330-9542
Aquavida Pool Remodeling,(602) 354-8147
Arizona Chimney Sweep,(602) 439-3218
Red Ram Remodeling & Construction,(602) 867-1253
EHS Restoration,(480) 900-7067
CMK Pools,(602) 730-8280
Sierra Hardwood Floors,(602) 271-9081
Pool Tile Cleaning AZ,(623) 322-7850
Vawters Custom Woodworking,(602) 268-3445
Villagio Tile & Stone,(480) 422-6700
Apache Tile Outlet,(602) 889-0889
JDM Countertops,(602) 695-2215
Pool Maestro,(623) 208-7936
McLintock Builders,(602) 493-1064
Phoenix Hardwood Floors,(602) 319-9510
Garage Door Solutions LLC,(623) 249-4141
DMS Roofing,(602) 278-6500
One Source Flooring & Interiors,(602) 903-2545
Sav On Home Improvement,(480) 838-3565
Walker Plumbing,(623) 242-9450
Dry Now Services,(602) 280-9000
House Doctors,(480) 940-9606
Intents Construction,(602) 368-9009
SRO Restoration,(602) 399-1126
Integrated Metal Structures,(602) 249-2148
2nd Ave Design Kitchen & Bath Remodeling,(602) 795-8126
Handyman Services Complete Home Repair,(480) 326-8427
MDs Cooling and Heating LLC.,(623) 748-3115
Sunvek,(602) 374-8289
JM Contracting,(623) 242-4329
NorthStar Cleaning & Property Services,(480) 488-3489
A Family Swimming Pool Service,(623) 937-0709
Pryors Better Yards,(602) 692-6222
Creataspace,(602) 510-4481
Hackney Air Conditioning Inc,(480) 940-9814
Inca Roofing,(602) 544-0998
Scott Roofing Company - Phoenix,(602) 442-7663
DISCOUNT GRANITE - Kitchen Countertops,(480) 842-2301
C & H Roofing,(602) 254-8248
Prestige Construction,(602) 469-3874
Broadhead Contracting,(480) 855-4555
Holtzman Home Improvement,(602) 323-6574
G & D Construction,(602) 787-1011
Cavco Home Center,(303) 484-2700
Quality First Cabinets,(602) 278-0568
Ky-Ko Roofing,(602) 944-4600
Granite Karma,(602) 354-9262
Home Improvemants By RMS,(623) 210-4899
Arizona Chimney & Vent Specialist,(602) 688-2247
Max The Handyman 7,(602) 348-7038
Granite Countertops By Superior Stoneworks,(480) 363-9391
Crowley Construction Company,(602) 437-0224
Cresleigh Homes,(602) 231-8536
Alternative Portable Buildings,(602) 242-5142
White Cap Home Improvements,(602) 329-3782
Arties Master Plumbing,(602) 571-2535
Border Construction Specialties,(602) 426-1469
Trade Management,(480) 625-4118
Patriot Contracting Solutions Inc,(602) 926-0586
Overheadracks.Com,(602) 305-7500
Tbrs Incorporated,(602) 265-1382
Clear Connection,(602) 470-8607
Andy 4 Floors,(602) 380-2585
RMC Granite,(602) 710-6806
Tahoe Garage Designs,(866) 387-1888
Saguaro Moulding Inc.,(602) 275-5476
Deer Valley Plumbing Contractors Inc,(623) 582-1740
JDR Contracting Inc,(602) 565-8317
Great Spaces,(602) 350-9105
Martinovich Construction,(602) 885-0284
Able Tile & Stone,(602) 434-2896
Drywall Perfection,(623) 680-6484
Arizona Pool Fence,(602) 971-8000
EmpireWorks Reconstruction and Painting,(888) 278-8200
Optimum Home Solutions,(866) 399-4663
The Wilderness Tactical Products,(602) 242-4945
Flatline Concrete Grinding,(623) 879-9203
Laszlos Plumbing,(602) 291-6500
Davis & Davis Consulting Group,(800) 961-9419
Greenwood Contracting,(602) 410-3580
Kb Home Studio,(480) 758-3015
Bakers Travertine Power Clean,(480) 491-7639
Shepherds Construction,(623) 570-5552
Sunset Fence,(480) 838-2870
AZ BuildPro,(480) 284-4467
Desert Doggie Doors,(480) 335-4305
AZ Concrete Works LLC,(602) 527-2323
Skinny Dipping Pools,(623) 465-7600
Desert Sun Pools,(602) 795-6224
Davesco Construction,(602) 978-1322
Klondyke,(623) 869-6969
Pool Innovations,(602) 714-6387
Louis Contracting,(602) 505-5403
Masters Restoration & Construction,(602) 788-0322
Accel Electric,(602) 861-9559
Phoenix Sheet Metal & A C Supply,(602) 997-6236
CHA,(602) 920-6661
Greencraft Interiors,(480) 222-2958
Celtic Construction,(602) 276-4222
Mahalo Company,(602) 651-1443
Parkpro,(602) 254-0770
Creative Carpentry,(623) 826-5177
Johnson Roofing LLC.,(480) 467-4580
New Valley Remodeling,(602) 722-5013
Ressurected Residentials,(602) 540-4863
Specialty Concrete Construction,(480) 941-2812
EcoSystems America,(623) 313-3194
Camelot Granite,(480) 789-2237
Boss Insulation,(480) 580-6151
Klozit-Roltec Services,(623) 584-2366
ROI Improvements,(855) 806-6644
ASAP RESTORATION LLC,(602) 515-7918
Wild West Playgrounds,(602) 315-0417
Az Interior Connection,(623) 587-1200
A & A Manufacturing,(602) 256-6935
Daltile Sales Service Center,(602) 258-9390
Arizona Grout Restoration,(623) 570-4030
Hugo Hernandez,(602) 697-9620
Miracle Method,(480) 775-3707
European Design Flooring,(623) 444-5503
William T Jenkins,(602) 957-1410
Amigo Plumbing & Rooter of Phoenix Arizona,(602) 446-6576
IronDrive Garage Floors,(480) 726-1891
Mountain West Contracting LLC,(602) 403-4461
Republic West Home,(480) 359-3943
Macumbers Home Maintenance Services,(602) 810-0015
Kowalski Construction,(602) 944-2645
Sharp Pool Creations Inc,(602) 373-6288
American Technologies Inc,(623) 434-9445
Interiorworx,(888) 787-9679
Going Green Solar,(602) 507-6525
Dolphin Pools & Spas,(602) 569-6336
Anytime Garage Doors,(480) 507-3945
Camelback Contractors,(602) 257-1484
Pump It Up Pump Service,(623) 582-5069
Seablu Pool & Spa Services,(602) 614-3418
AllCoat Surfacing Technologies,(602) 639-2672
G & T Remodeling,(480) 677-1483
1st Choice Surfaces,(602) 472-3300
Spas Of Arizona,(602) 266-7727
New Image Landscape and Pools LLC,(480) 654-4422
RetroFoam of Arizona,(602) 899-9252
SunBright Pool Services,(602) 330-3490
Arcadia Design Build,(602) 577-5005
Allure Baths & Kitchens,(602) 741-4745
Window Depot,(623) 873-4443
Design & Stone International,(480) 784-2983
Arizona Storage Works,(602) 232-2293
Daltile Natural Stone Showroom & Slab Yard,(602) 243-2772
Dynamite Paving,(602) 258-9588
Diversified Roofing,(602) 870-8322
Champion Plumbing & Rooter,(602) 269-6323
Thrower Home Improvements LLC,(623) 810-5844
OneGuard Home Warranties,(888) 896-0014
Miko,(480) 535-0687
Modern Group,(480) 596-1100
Empire Services West,(480) 634-6446
Arizona Environmental Group,(602) 246-2483
Just In Time Refrigeration and Air Conditioning,(602) 349-1100
Pelleco Home Design,(480) 659-0254
Jared Water Fountain Repair,(602) 284-5295
Mist Air,(602) 253-6200
We Do It Pools,(480) 784-7650
Phoenix Paver Manufacturing,(602) 268-5908
Immediate Pool Builders,(623) 869-7777
Acuity Builders And Construction Inc.,(480) 430-9978
Wendler Construction,(602) 329-3143
RCB LANDSCAPE,(623) 688-5864
Crystal Creek Pools LLC,(480) 392-6001
Screens Unlimited,(623) 399-4942
Cook Bros Cleaning & Restoration,(602) 246-7999
Atchison Construction,(602) 478-9870
Impact Remodeling,(602) 451-9049
Dunne Roofing Services,(602) 944-2104
Duncan Pump,(602) 254-6154
Brower Remodeling Group,(480) 430-1697
Townley Remodeling,(602) 373-3047
Acumen Builders,(480) 717-9570
JPs Homescapes & Remodeling,(602) 705-7529
Total Home Repair and Remodeling,(480) 521-9329
AZ Enclosures and Sunrooms,(602) 791-3228
P G Contracting,(602) 405-5307
Urban Customs,(480) 747-1515
valleywidehomeimprovements,(602) 920-9982
AVHB Commercial Contractors,(602) 833-1980
Multivista Construction Documentation,(888) 811-8477
Handcrafted Builders,(602) 492-7545
Discount Granite,(602) 405-9839
O&S Building & Remodeling,(480) 420-4439
Phoenix Window and Glass Repair,(602) 341-5990
Clines Natural Stone,(623) 516-1516
Steves Shelves,(602) 486-5544
Republic West Remodeling,(480) 428-2695
Pink Hammer,(602) 554-8307
Innovated Cabinetry LLC,(602) 320-7489
Paradise Water Systems,(602) 481-9754
Phoenix Roofing Team,(602) 753-7008
San Isidro Tops,(480) 650-6156
Bright Stone Marble & Granite,(602) 321-5028
Arizona Superior Awning,(623) 205-0573
Roltec Services Klozit Inc,(623) 584-2366
American Custom Contracting,(480) 779-7304
Automatic Gates and Access Control,(480) 359-3838
Emergency Restoration Experts,(480) 507-9082
Beazer Homes,(623) 399-4788
Floored AZ,(480) 447-3274
New Breed Construction,(866) 908-9804
Hernandez Ironworks Llc,(602) 621-2198
Arrow Remodeling,(602) 390-0404
Heavy Duty Handymans,(602) 794-7520
Chavez & Associates,(602) 992-8600
Grace By Design Kitchen & Bath,(623) 551-8776
Go Pro Interiors,(480) 219-7503
Munoz Complete Drafting Services,(602) 400-6568
RJ Russo,(623) 328-5196
Aspen Contracting,(877) 784-7663
PS Steel,(602) 741-3743
R&J ironwork,(602) 703-9562
Trademasters Quality Remodeling and Repair,(480) 650-8242
East Valley Construction,(408) 895-5006
Exteriors By Chad Robert,(602) 252-6775
All Vees Plumbing Services,(602) 237-5414
A-1 Contracting Arizona,(480) 465-8295
MFC Enterprises,(480) 861-1003
Premier Southwest Remediation,(623) 208-2804
CR Works LLC,(602) 434-2408
BCI Services LLC,(602) 246-1888
Bulldog Ironworks,(602) 295-7432
Albion Contracting Corporation,(602) 535-2242
Drywall America,(602) 527-2592
ServiceJockey,(888) 850-2745
Harpers Machine Repair,(602) 493-2332
Top Rate Builders,(602) 723-1347
Modular Solutions Ltd,(602) 952-9741
We Gotcha Covered,(800) 430-7292
Fast Response Cleanup,(480) 420-9749
Sunrise Mechanical,(602) 714-1009
Circumspect Builders - Affordable Contractor,(480) 359-6825
Artisan Decorative Surfaces Group,(602) 254-5629
Vegas Construction LLC,(480) 231-2400
Franks Roofing Service,(602) 840-5162
Patterson Paving Inc,(602) 722-6735
Artistic Builders and Design,(602) 647-0444
Aarons Mechanical Service,(623) 388-4436
Pride Development & Construction,(602) 493-5980
Silverado Painting Contractors Inc,(623) 581-6212
Stephanie Custom Cabinets,(602) 446-9304
Republic Services Phoenix Transfer Station,(602) 237-2078
Copperstate Glass & Mirror,(602) 275-1232
American Olean Marazzi Sales Service Center,(602) 253-5551
ViaSun Corporation,(480) 268-9669
Regional Pavement Maintenance,(480) 963-3416
Construction Zone,(602) 230-0383
Petra Masonry & Remodeling,(602) 413-5670
Designer Remodeling,(480) 620-6977
Papagnos Marble and Granite,(480) 948-4282
SDA Build or Repair,(602) 495-1407
Better Than New Kitchens,(480) 429-7615
In -Ex Designs,(602) 938-7575
Sun City Awning,(602) 258-9646
Home Repair Contractor,(623) 255-7578
Sl Painting and Remodeling,(602) 434-9057
Indoor-Restore,(602) 396-4940
Stone Evolutions,(602) 765-2820
Cabinet Woodcare,(480) 620-6977
Retro Pro Kitchen and Bathroom Remodeling,(480) 649-1422
Cantera Stone The Masters,(602) 618-3029
Kiwi Carpentry,(602) 614-9183
Home Improvements And Moore,(602) 696-1568
Central Landscaping & Construction,(602) 575-8152
Domar Painting,(602) 427-8880
Baringer Building Services,(623) 255-2239
Laras Custom Finishing - New Century Studio,(602) 828-3543
Dynamite Desert Design,(480) 463-7113
Arizona Energy Management Council,(602) 266-7283
Upright Commercial Janitorial,(602) 415-1121
Clouse Engineering Inc.,(602) 395-9300
Adams Concrete Cutting & Demolition,(623) 444-4195
Tahoe Custom Pools,(602) 818-9166
Tooltime Renovations,(602) 376-1778
Browner Building & Design,(623) 583-1443
Remodeling Contractor,(888) 460-4680
Ferguson Waterworks,(602) 495-8420
Night Art Lighting by Paul Leon,(480) 425-2355
PRSK,(602) 551-6070
Beringer Fine Homes,(480) 614-5535
Big Kahuna Construction,(623) 566-8809
Apartments Resurfacing,(602) 468-0739
Wood Expressions,(623) 444-7340
Desert Oasis Commercial Cleaners,(480) 720-0907
Premier Underground,(623) 748-9650
Felton-Antrim Construction,(602) 258-6028
American Asphalt Paving and Sealcoating Inc,(877) 619-6981
City Square,(602) 285-1971
Steel IQ,(602) 618-9401
Associated General Contractors of America-Ariz Chapter,(602) 252-3926
Phoenix Restoration Pros,(602) 759-7920
AZ Professional Cleaners LLC,(602) 350-3285
Hurricane Fence Co,(602) 484-7076
Phoenix Plumbing,(623) 565-8048
Benchmark Construction,(602) 254-1498
Ace Sandblasting,(480) 967-4250
Hoffman Weber Construction,(602) 396-5663
Petrus Granite & Tile Services,(602) 529-8900
Shutter Technology,(602) 268-3938
Ironwood Metal Works,(602) 284-9378
Arizona Tile Flagstone LLC,(602) 361-3129
George Construction Inc.,(602) 501-9244
Skillset,(602) 486-4206
AAA Southwest Sweeping,(623) 975-1697
Aldo Contracting of Phoenix Az,(855) 969-5232
Natural Diamond Stone,(602) 459-5680
Jennifer Stoller,(602) 570-4099
EMS Constructors & Design,(602) 992-4141
Fulcrum Built,(602) 899-7178
ServiceMaster by Disaster Professionals,(480) 447-9631
Cheuvront Construction,(602) 340-0301
DeMiguel Plumbing,(602) 576-2146
ATL - CMT,(602) 241-1097
Bealls Plumbing Heating & Air Conditioning,(602) 957-2056
Family Maids,(602) 268-8744
Gosnell Builders,(602) 956-4300
Tip Maintenance,(602) 272-6601
JST CONSTRUCTION & HANDY MAN,(602) 892-4997
Silverton Contractors Inc,(602) 973-1899
Pulice Construction,(602) 233-3340
McBride,(623) 516-2400
Breinholt Contracting,(602) 322-1100
Dehorty Contracting and Management Services,(602) 272-4977
ABS Floor Covering,(480) 861-2040
Spa-World by the Water Specialists,(602) 275-3036
Rainmaker Construction,(602) 451-2383
S & S Demoltion and Development,(602) 722-6479
AZ Fire & Ice Cooling & Heating,(623) 594-5015
Republic Services Paradise Transfer Station,(602) 237-2078
H&E,(602) 232-0600
Tom Nichols Excavating,(602) 992-6305
Kims Ornamental Iron,(602) 272-0338
All American Remodeling LLC,(480) 621-2544
City Wide Plumbing & Service Company,(480) 966-8795
Phoenix Kitchen Remodeling,(602) 714-9370
Phoenix Bath Kitchen Remodeling,(480) 409-0414
Sunset Tile & Bath,(602) 789-8700
Arizona Royalty Construction,(602) 456-2064
XO Windows,(602) 455-6615
Camelback Paving,(602) 264-2408
Ngh Power Systems,(602) 437-2150
East Coast Custom Faux Finishing,(602) 296-4551
Phoenix Artistic Alloys & Design,(480) 999-6791
Superior Concrete Services,(602) 294-0306
KB Drywall,(602) 503-1090
Superior Home Remodeling,(602) 881-8838
Steve Fowler Remodeling & Handyman Services,(480) 822-0995
Indigo Paint and Contracting,(602) 304-0800
Miraggio Stone,(602) 703-6204
Quality Block Co. Inc.,(602) 269-7691
Sunland Coatings,(602) 437-2639
Bar Bandaid,(602) 367-1173
I Crown Homes,(520) 413-2820
Arbor Crest Builders,(866) 237-1742
Angel Construction,(602) 299-5377
Paul the Christian Handyman,(602) 777-3343
True Value Pools,(480) 238-1530
Todd Luckey Construction,(602) 292-4866
BG Mobile Forklift Repair,(602) 488-0089
Restoration Green Team,(602) 454-6468
MMI Tank and Industrial Services,(602) 272-6000
D L Withers Construction,(602) 438-9500
Frank Development Group,(602) 266-2660
Aboval Wood Concepts,(602) 299-7729
New Age Cabinet Coatings,(602) 373-4054
Arizonas Cabinet Refacing Company,(602) 264-1600
The Landscape Guy,(623) 570-5700
All Star Contracting,(602) 702-9653
Exotic Scapes,(480) 440-0259
Have Welder Will Travel,(949) 496-9252
WCG White Construction,(480) 250-9992
Palo Verde Cabinet Company,(623) 581-6100
Camelback Arboleda,(602) 230-9411
Lusardi Construction,(602) 437-3331
S & S Paving & Construction,(602) 437-0818
Layne Christensen Water Technologies Division,(602) 345-8600
Javic,(602) 957-2432
Classic Shades Painting Water Damage & Restoration,(480) 900-7059
Canyon State Electric Co. Inc.,(602) 437-3088
Suncoast Post Tension,(602) 268-6200
Universal Water Service Inc.,(623) 465-0400
Arcadia New Home Pros,(602) 790-0075
B-B Sandblasting & Painting,(602) 437-3240
Optima Pools,(602) 772-9734
David Weekley Homes,(602) 267-7782
Paul Davis Restoration,(602) 278-8837
Highland Home Remodeling,(480) 862-9354
Stratis Construction,(602) 246-1757
Younger Brothers Door & Trim,(602) 304-1000
Graceland by Az Park It,(602) 380-5444
Graycor Construction Company,(602) 273-6633
J M S Construction Company,(602) 470-8442
OandS Remodeling,(480) 420-4439
Associated Construction Enterprises,(602) 272-7055
Vintage Plastering Company,(602) 305-7988
Silver Fern Companies,(480) 820-8590
Keegan Builders,(602) 553-2290
Star Demolition,(602) 628-2933
Delas Classic Cleaning Service,(623) 792-3176
Edgemont 12,(602) 368-8245
All About Pools,(602) 518-4986
Delta Bap,(602) 795-6014
Southwest Granite & Stone,(602) 228-3913
Ames Construction,(602) 269-7713
MBrace Construction,(602) 881-1118
AP Construction,(602) 438-9636
AZ Royal Granite & Remodeling,(602) 405-5558
Rodriguez Remodeling,(602) 269-6902
Michael Moss Contracting,(602) 272-1800
Construction Product Marketing,(480) 206-2309
Creative Renovation Group,(602) 954-8274
Pool Remodel Phoenix,(602) 833-1300
Rhino Shield,(602) 421-0634
EcoBuilt Contractors,(480) 442-3268
Jaramillo Plumbing,(602) 487-6806
Creative Concrete & Masonry,(602) 334-1055
Ty Hill dba Ty The Handy Guy LLC,(602) 789-4759
Hole Shot Home Repair and Remodeling,(602) 451-2628
The Groutsmith,(602) 688-4970
Jokake Construction,(602) 224-4500
Cabinet Granite and Floor Store LLC,(602) 841-7443
Arizona Proclean Empire,(602) 348-5204
Ashworth Construction,(480) 966-4976
Ak Sar Ben Companies,(602) 953-1600
Engle Homes,(480) 303-5400
Executive Services,(602) 625-4190
Brick & Mortar Development,(480) 382-1640
Oldcastle Precast Enclosure Solutions-Phoenix,(602) 272-1369
Karstetters Electric Inc,(602) 686-1622
The Other Brothers,(602) 403-0562
Mcgough,(602) 522-9897
Aztec Marble & Granite,(602) 244-9091
Jal Granite,(602) 471-2857
Sierra Construction Management & Development,(602) 952-7337
Paver Mason,(480) 823-8063
AFS Building Group,(602) 841-2613
Nagel Paul Custom Woodworking,(602) 437-5144
In Builders,(602) 954-4809
Arizona Kitchens and Refacing,(602) 768-0274
Marshall Insulation,(480) 392-9094
Pavers Phoenix,(602) 633-9393
Art King Roofing,(623) 581-1559
Diamond Kitchen & Bath Inc,(480) 464-5565
Rick the Handyman,(602) 200-4521
A Complete Home Repair Service,(623) 251-4499
Anns Wallpapering,(602) 906-1816
Dont Buy Solar Yet,(623) 434-7336
Ancient Stone,(602) 861-0601
O&S Building Remodeling,(480) 420-4439
C P R & R,(602) 518-7121
Jaguars Landscaping,(602) 770-5445
Troyer Kitchen and Bath,(480) 695-2717
Cyclone General Contractor of AZ,(928) 679-3386
Krants Door and Windows LLC,(602) 622-1813
Wild West Roof Coatings,(480) 250-8900
DVS Development Co LLC,(602) 769-4355
Amerigranite,(602) 561-9539
Dynamic Remodeling & Repairs,(602) 908-4660
PH Drywall,(602) 365-0404
Bath Pro,(602) 441-3467
Arrowhead Custom Woodworks,(602) 371-1841
Toolbelt Designs,(602) 790-8216
Sonoran Desert Ridge Development,(480) 861-5480
Awning Care Professionals,(602) 493-9274
Am Construction,(602) 265-6583
Vbs Construction,(602) 271-9697
Concept Builders,(623) 587-7595
Next Level Remodeling,(602) 469-5673
CLW Construction Inc,(480) 428-0764
CLW Construction,(602) 885-3333
AFM Construction,(623) 326-7934
Commercial Builders Alliance,(602) 618-2095
Facelift construction,(602) 919-4002
Nu Systems Contracting Services,(602) 978-6084
Mills Engineering,(480) 235-5052
Shanes Tint and Clear Bra,(623) 933-1547
Precision Aquascapes,(602) 680-7616
Water Mold & Fire Phoenix,(623) 201-3386
Outside Living Concepts,(602) 369-4198
Air Conditioning Contractors of America,(602) 298-5454
Roosa Family Remodeling,(602) 413-1982
Door Tech Garage Doors Phoenix,(602) 885-0415
Leali Construction,(623) 582-5881
Aquatic Systems,(602) 499-8868
Special Projects LLC,(602) 439-7904
Redco Construction Company,(602) 547-1112
Damage Pro Inc. Est 1982,(602) 688-7429
Desert Premier Builders Llc,(480) 717-7522
Imperial Excavating,(602) 368-6475
Home Resort Living Inc - Tucson,(800) 827-2416
Kitchen & Bath Solutions,(602) 494-0541
Metro Cleaning Company,(623) 516-7771
Hackney Heating & Cooling Inc.,(480) 940-9814
Yard Maintenance & Clean-Up,(623) 242-4236
Virtual Assistants1,(623) 258-6122
Todd Whittaker Drywall,(623) 544-1211
Senor Mist,(480) 202-0859
VITech Mechanical,(480) 452-5790
Ken Bradley,(602) 499-1851
Creative Pool Plastering,(623) 979-8602
Gary And Son Roofing Inc.,(602) 843-5858
Chris Mellon & Company,(480) 575-6977
Ridge Martin Construction,(480) 794-1436
Southwest Patio Door Repair,(602) 404-7549
Budget Bathrooms,(602) 332-9564
Blue Pools Arizona,(602) 842-3663
Wood Renewal of AZ,(602) 315-1279
Innovative Pool and Spa Systems,(602) 290-2483
Amaya Construction & Remodeling,(602) 369-7034
HR Contracting,(623) 866-2967
Armstrong Remodeling and Repair,(602) 882-0609
Cholla Custom Cabinets,(623) 322-9949
The Little Plant Co,(623) 465-4567
Dreamstyle Remodeling,(480) 706-1314
Pride Development & Construction,(602) 493-5980
Arid Zone Misting,(602) 686-0000
Maids n More,(602) 493-8559
Third Rock Home Improvements,(480) 223-2910
Reliant Builders,(602) 689-0465
Excel Construction Services Inc,(602) 971-8858
Wier Michael,(602) 789-0337
Ashco,(602) 763-6546
Creta Universal Construction LLC,(480) 526-5214
Furcini Construction Corporation,(602) 279-0200
CNS Contracting Inc,(602) 788-2487
Erik Tile,(480) 246-2019
Sharp Air Conditioning and Heating,(480) 695-7834
Cool Blue Pool Service LLC,(602) 315-8550
D&M Advanced Framing,(602) 327-5451
T and C Remodeling,(602) 931-1209
Homes By Dwight,(480) 570-8526
Moneys Worth Pool Construction,(623) 582-2455
Midwest Hardwood Floors,(602) 788-0116
Bathroom Transformations,(623) 979-2284
MVAN Enterprises Inc,(602) 595-9225
Monument Homes,(602) 493-0700
Presidential Pools Spas and Patio,(623) 505-2800
BMS Management,(602) 399-5025
Pegasus Construction Inc,(602) 285-9339
Tile Removal Crew LLC,(602) 374-7693
Terry D McCarty Enterprises,(602) 906-1918
Alarms For Less Inc,(602) 971-5328
Phoenix Kitchen And Bath,(602) 795-2873
Sybrant Candelaria,(623) 435-6651
Father & Son Home Improvement,(602) 380-2089
Affordable Roofing,(623) 428-1962
Mastertouch Contracting,(480) 695-0788
Redline Windows,(602) 695-8080
CLW Construction,(602) 714-1856
ASAP Phoenix Water Damage Cleanup,(623) 738-0441
Phoenix Remodeling,(480) 630-4014
Ryan Companies US,(602) 322-6100
Opus West Construction,(602) 340-0617
American West Construction Corporation,(480) 888-0511
R & R Steel Fabrication,(623) 335-9268
Sunset Gates,(480) 656-4610
Arizona Built Rite Construction,(602) 528-3821
At Your At Service Companies,(602) 523-0122
Carlson Design Construct,(602) 258-3444
Universal Restoration,(602) 290-2651
Hunt Construction Group,(602) 528-9000
Howard S Wright Construction Company,(602) 258-5670
Gibson Custom Homes,(602) 258-1037
Artistic Alloys & Design,(480) 339-0990
Salt River Project,(602) 236-8888
Dpr Construction,(602) 252-9950
Interstate Construction Services,(602) 257-8000
Contractors Abatement Services,(602) 257-8000
Registrar of Contractors,(602) 542-1525
Ullman R C Custom Homes,(623) 853-0180
Michael Industries,(602) 257-0037
Sun Eagle Corporation,(602) 254-1398
Hayden Brothers Contracting,(602) 340-8856
Vista General,(602) 955-7070
Ace Home Improvement & Custom Design,(480) 722-0484
Beverly Building Company,(602) 272-2922
West Coast Paving,(602) 252-4945
Destiny Contracting,(602) 441-2501
US Construction & Equipment,(602) 437-0164
Marriott Interior Finishes,(602) 381-6374
Western Horizons Contractors,(623) 869-8513
Falcon Contracting,(602) 220-0055
K B K Construction Company,(602) 376-0284
Jireh Construction,(602) 335-1767
D C Nicoll Fine Homes,(480) 629-8400
Petillo Specialist Contracting,(480) 346-7075
Builders Finishing Group,(602) 569-6151
Wadsworth Brothers Construction,(602) 977-0300
Woodstock Kitchens,(763) 226-0348
Goldstein & Luera,(602) 252-1310
Casa De Shanti,(602) 276-7554
Desert Services Inter,(602) 254-5840
Worth Metal Buildings,(602) 273-6575
All Tec Construction,(602) 996-0425
Garage Door AAA Services,(602) 442-4424
Savage Fine Builders,(480) 629-8444
Elliott Homes-Construction,(623) 444-7468
Registrar of Contractors,(602) 542-1525
Brown Construction,(602) 388-4907
Desert Viking Buiders,(480) 659-3841
Quay Homes,(623) 444-8871
Tarantini Custom Homes,(602) 765-0290
Sundown Contractors,(602) 956-5136
Viikam Doag Industries Sheet Metal Division,(602) 252-2162
Robs Contracting Services,(623) 933-5274
Valley Heritage Builders,(480) 460-7455
De Jay Maintenance,(602) 569-6151
D A S Builders,(480) 699-7852
Atlas Development Company,(602) 256-6485
Artisan Homes,(602) 340-0641
Anderson Company,(602) 257-4427
Sun Dome Builders,(602) 840-9303
Grizzly Construction,(602) 466-1326
Cerreta Homes,(623) 398-6804
Srp (Salt River Projet),(602) 236-8888
Ricks Pumping Service,(602) 385-1964
Hyltons Custom Construction,(602) 298-9129
Rons Backhoe & Excavating,(602) 971-8738
Builders Flooring Outlet,(602) 569-6151
Barclay Group,(602) 938-9552
Lange Building & Remodeling,(602) 254-8886
Pioneer Builders,(602) 249-6969
David G Marburger Dba Sand Painter,(602) 252-7745
Toll Brothers Executive Offices,(623) 434-9000
Mountain Skyline Dreambuilders,(602) 283-5784
Four Peaks Builders,(480) 656-2380
Lomax Auto Tech Etc,(602) 953-1909
Rdt Construction,(480) 248-8413
Sun Valley Homes,(602) 431-6100
Cerreta Construction,(623) 398-6804
Bowen Construction,(602) 996-6965
Hurley Contracting,(602) 237-8048
Azcon Concrete Contractors,(623) 247-0027
Model Home Maintenance,(602) 980-4645
Shea Homes,(623) 217-2898
Cal Christiansen & Company,(602) 283-4088
Hunters Home Builders,(602) 978-0635
S M W Contracting,(602) 955-2746
Tennen Construction,(602) 840-8625
Jwc Construction & Consulting,(623) 466-9588
J T Price Development,(602) 996-4771
Superior Pool Plastering,(602) 249-3018
Stevens Linewebber Construction-Cox,(623) 388-4480
Hcz Construction,(602) 237-9230
Here To Help Construction,(623) 266-7244
Dj Maintenance,(602) 569-6151
Bada Construction,(602) 840-0100
Aeon Development,(480) 248-6260
Tw Lewis - Finesterra @ Valencia,(480) 629-4690
The Patry Building Company,(602) 253-3601
Precision Specialty Contractor,(602) 327-2644
National Contractor Service Corporation,(602) 712-1515
All Type Home Improvement,(602) 460-3176
Fine Line Fabricating,(602) 863-3506
Sun Best Builders,(602) 255-0762
Pilgrims Rest-Building Blocks,(602) 256-6048
ASUL,(602) 326-2938
Murray & Sons,(602) 910-5676
Architectural Building Systems,(602) 254-2428
Robert E. Porter Construction,(602) 253-4911
Arizona Custom Millworks & Contracting,(602) 254-6431
Tallus Development Corporation,(602) 256-2565
Opela Worx Structural Engineers,(602) 795-5639
St James Gate,(602) 340-9100
Arizona Builders Alliance,(602) 274-8222
Anderson Company,(602) 257-4427
Construction Metals,(602) 269-7198
Fierro Utility Construction,(602) 262-2947
Brand Scaffold Builders,(602) 253-0860
Cmc Construction Services,(602) 257-0993
Perini Building Company,(602) 256-6777
Brignall Construction Company,(602) 265-8339
Associated Group Remodeling,(602) 482-9097
Fernandos Pumping Service,(602) 252-5455
Interceramic Tile & Stone Gallery,(602) 253-5551
Charger Construction,(602) 271-4190
Lighting Electrical Design Services,(602) 253-2445
Construction Trucks & Equipment,(602) 443-8280
Plasterers & Cement Masons Local No 394 Op&cmia,(602) 258-8148
Construction Repair Service,(602) 437-3850
Advanced Handyman Services,(480) 820-3737
Sun Valley Stone Works,(602) 462-1400
Drexler Companies,(602) 276-2399
Fort Roofing Company,(602) 256-0265
Phillips Roofing,(623) 873-1626
Casa Granite,(602) 828-0347
Action Equipment,(602) 252-3417
Jdh,(602) 257-1656
Alr Construction,(602) 258-4848
Associated Builders & Contractors,(602) 274-8222
Thinker Development,(602) 277-1788
Bridge Builders International Leadership Network,(602) 977-1111
Focus Construction,(602) 305-7178
Mission Linen and Uniform Service,(602) 271-9114
Meram Building + Design Group,(619) 810-8838
Custom Homes Plus by Stephen Francis,(480) 695-4405
Casa Del Rey Development,(602) 439-9800
Rob Rood Remodeling,(602) 390-1166
American Enterprise,(623) 223-3388
Floormations,(480) 593-3051
Iron Designs By Dennis,(602) 615-4238
Subterranean Construction,(602) 305-7333
Sandbox Development,(602) 275-5445
Arizona Detection Team,(866) 251-5741
Daley Roofing,(602) 271-9600
Kitchell Contractors,(602) 264-1733
Architectural Metals,(602) 269-1400
The Shorenstein Company,(602) 351-2200
Abacus Project Management,(602) 265-6870
Prestige Contract Services,(602) 317-4113
Ifcm,(602) 437-3637
Spg Construction,(623) 266-3937
Premier Roofing,(602) 753-1002
Phoenix Corporate Center,(602) 264-1226
Hensel Phelps,(480) 383-8481
C Q Construction,(602) 241-8577
Skylar Parker Construction & Development,(480) 900-3831
Massey Develpoment,(623) 201-3144
Smith Construction Management,(602) 243-7441
Sun Master,(602) 268-1427
Environmental Equipment Services,(602) 268-1776
Ach Plastering,(623) 936-7565
Atlas Construction Supply,(602) 256-0600
Desert Mountain Remodeling,(602) 505-0504
North Hills Construction LLC,(602) 330-2356
Williamsen Remodeling And Custom Craft,(602) 397-8432
Pinnacle Window & Door,(602) 971-0289
M D Construction,(602) 200-9525
Northridge Mech,(602) 268-2100
Femcon,(602) 415-1750
New Canyon Construction,(602) 225-9755
C & N Roofing Inc.,(602) 636-1144
Stonecreek Contracting,(602) 484-0700
Torrent Resources,(602) 268-0785
Chanen Construction Company,(602) 266-3600
Telespectra,(602) 648-5000
Phoenix Moulding,(602) 244-1505
Lura Turner Homes Dta,(602) 269-7853
Riester Bros Contracting,(602) 256-0190
Bricklayers & Allied Craftsmen Union Local #3,(602) 273-7571
Phoenix Bricklaying Apprenticeship,(602) 286-9030
AMW Construction Supply,(602) 243-7104
Amw Construction,(602) 243-7096
Fleetwoods All About Storage,(602) 254-0472
Bison Contracting Company,(602) 269-6022
Sorensen Construction,(602) 229-1001
Arizona Development Affiliates,(602) 265-4900
Ada Construction,(602) 265-4900
R K Sanders,(602) 233-0808
Nighthawk Custom Builders,(602) 298-6191
Contempo Construction,(602) 273-4444
Phoenix Building & Construction Trades Council,(602) 267-1179
Dehaven Investment,(602) 954-3900
Skn Construction,(623) 242-0601
Custom Elegance,(602) 275-1033
Sms Systems Maintenance Services,(602) 392-0570
A Quality HVAC Services,(623) 853-1482
XLT Construction Inc,(480) 900-6751
Brand Scaffold Builders,(602) 253-0140
City Square Partners,(602) 287-6800
Sletten Construction,(602) 273-1474
Mikes Construction,(602) 272-3736
Tei Construction & Engineering 220,(602) 275-3062
Austin Bridge & Road,(602) 267-1967
Ledcor Cmi,(602) 275-8181
Environmental Construction Company,(602) 230-1656
The Muller Company,(602) 279-1587
Datum Design Drafting Inc,(602) 286-6596
Edson Custom Builders,(602) 267-1201
W W Steel,(602) 263-8475
Tiffany Construction Company,(602) 276-2414
Mackos Architecture and Construction,(602) 909-7310
Equity Construction Southwest,(602) 305-7331
M.W. Repair LLC,(623) 328-9084
Baker Avondale-Mohave,(602) 269-2050
J & C Builders,(602) 257-8123
Westward Builders,(602) 277-6886
Dura Strap Enterprises,(602) 381-6330
Abs Arizona Backflow Specialists,(602) 548-1101
The Family Mans Contractor,(602) 404-8008
All Pro Ac & Appliances Valleywide,(602) 745-2700
Rdh Contracting,(602) 285-9400
Longo Custom Homes,(623) 445-2005
Nina Construction Supply Gilbert,(623) 879-6462
H B Construction,(602) 248-8242
Abacus Property Management,(602) 265-6870
Trop Design & Development,(602) 789-7070
Bair Bill,(602) 861-9663
Attic Access,(602) 482-7092
Hilliker & Son Painting,(602) 493-3821
Arizona Plastering Consultants,(602) 548-4900
Choice Contracting,(602) 971-8140
Solar Service Company,(602) 234-1414
Piccione Construction,(602) 482-2800
Cougar Construction,(602) 870-5181
Hardison Downey Const,(602) 277-5565
Regency Builders,(602) 789-0320
Millenium Constructors,(602) 375-9130
Black & Gray Construction,(602) 265-6555
Hbi,(602) 277-1260
Palo Verde Constructors,(602) 274-8376
Cobra Steel & Construction,(602) 485-1701
McClintock Builders,(602) 493-1064
Harlan & Son Construction,(602) 485-0576
Mrm Contsruction Services,(602) 340-0378
Peterson Paul R Construction,(602) 248-7085
Neidhart Enterprises,(602) 277-3363
Aic,(602) 285-9190
Lopez Communications,(602) 442-4348
Phoenix Az Commercial Painting,(602) 753-0401
Old Chicago Builders,(602) 418-5065
Neo Construction,(602) 277-9060
Sci Construction,(602) 243-0332
Ewing Robert N General Contractor,(602) 264-3469
Gold Creek,(602) 374-3150
Local Union 847,(602) 233-0417
Quality,(602) 233-2339
Rc Taylor,(602) 954-1541
Pride First Construction,(602) 667-6060
Centennial Contractors,(602) 230-9987
Chief Construction,(602) 274-7313
Jtd Contracting.,(602) 274-0007
Fox Remodeling LLC,(480) 235-4848
Image Construction,(602) 234-1616
Turner Construction Company,(602) 220-0634
M A Mortenson Company,(602) 392-0108
Pauls Cleaning Service,(602) 273-4669
Lennick Kermit,(602) 274-1822
Precision Development,(602) 276-5998
A1-C Construction,(602) 410-6808
Caliber Construction,(602) 200-9775
Sos Restoration,(602) 266-5855
Rampart General,(602) 889-8170
Swengel-Robbins South Yard,(602) 268-1724
Saturn Concrete Construction,(623) 261-4772
Worth,(602) 273-6575
Patheon Development Partners,(602) 277-0008
Grounds Control,(602) 304-0304
Monroy Construction,(602) 850-5114
Turner Construction,(602) 275-3887
American Subcontractors Association,(602) 274-8979
Homes & Son Contractors,(602) 955-2998
W5 Construction,(602) 272-3200
Avalon Construction,(602) 274-0421
Tm Construction,(602) 265-1010
Signature Kitchen & Bath Remodeling,(602) 272-4588
Sullivan W J Contr,(602) 279-0422
Bill Stacey Construction,(602) 956-4510
Sullivan W J Contr,(602) 279-2509
Kenyon Construction,(602) 484-0080
Cleangreen Solutions,(602) 264-7336
Alliance Residential Builders,(602) 595-2624
Alvord Construction Service,(602) 488-0060
Steve Handy,(602) 252-1917
SuRetroLLC,(866) 623-0371
Burrows Concrete,(602) 278-1270
Az Construction & Maintenance Plus,(602) 279-7042
Express Solar Protection,(480) 565-4609
Stellar Contracting,(602) 268-3417
Best Metal Fabricators,(602) 943-9735
S Rj Construction & Design,(602) 224-9899
Mdp Construction,(602) 272-5353
Quick 2 Fix,(602) 510-2267
Pageantry Communities,(602) 248-9608
Ryan Companies,(602) 453-0151
National Farm Works Service Center,(602) 278-1202
Ames Construction,(602) 431-2111
Madison Square Development,(602) 437-2012
M & M Systems,(602) 258-5775
Haverhill Company,(602) 954-0300
Wespac Construction,(480) 553-5570
Kitchell Contractors,(602) 222-5300
Kitchell Cem,(602) 266-1970
Phoenix Pool Builder,(602) 903-7099
Advance Employment Services,(520) 300-8996
Affordable Home Improvements,(602) 274-1336
Swartz Construction Company,(623) 937-9417
Ashworth Construction,(602) 200-1112
New Home Guide,(602) 285-0200
Mesquite Contracting,(602) 233-0266
All Pro Contracting,(480) 370-3451
Laurel Creek Homes,(602) 272-6700
Jsa Construction,(602) 375-4104
C & A Framing,(602) 636-0448
AZ Kitchen Refacing,(602) 274-1392
Rm Lunt Construction,(602) 861-5272
Ironic Metal Creations,(623) 734-8772
Shop Containers,(602) 718-6838
McCormick Construction Company,(602) 277-6945
Southwest Trucking & Grading,(602) 275-3607
Summit Builders,(602) 248-4418
Gilbane,(602) 553-4700
3 D International,(602) 778-4400
Mac Construction Equipment,(602) 268-4714
Service 1 Restoration,(602) 618-9840
Archer Western Contractors,(602) 246-1485
Pace Pacific Corporation,(602) 437-8729
Hcz Custom Homes,(602) 278-9431
Tri-Chord Builders,(602) 426-8800
C Stark Design Inc,(602) 679-7450
Earlie Homes,(602) 954-9525
Centric Elevator,(602) 470-0208
Arete Construction,(602) 374-4768
Palo Verde Constructors,(602) 274-0347
Paceley Constructors,(602) 273-7400
Bulman Development Corporation,(602) 246-1000
Themetech,(602) 484-9772
Camelback Concrete Company,(602) 267-8999
Arrow Roofing,(602) 437-0227
Camel Nineteen Office Park,(602) 335-1914
C 3 Construction,(602) 222-8866
Shotcrete Professionals,(602) 437-3700
Scuderi Tile Contractors,(602) 955-0440
Life Builders,(602) 285-1885
Courtland Homes,(602) 265-9467
Ricor,(602) 437-0202
Atlas Roofing,(602) 278-1300
Wescor General,(602) 414-0030
D J M Construction,(602) 269-5708
Abet Construction Exchange,(602) 246-4842
Tdm Construction,(480) 753-1100
Tallman Construction,(602) 955-4097
Paul Davis Restoration,(602) 278-8837
Baja Construction,(602) 392-1161
Hunt Construction Group,(602) 437-3448
Cresleigh Homes Arizona,(602) 231-0999
Mandalay Homes,(602) 864-3800
Wrights Excavating,(480) 237-9965
Twc Construction,(602) 266-9300
Dick Pacific,(602) 234-4700
Five Star Maintenance Services,(602) 281-6069
Hensel Phelps Construction,(602) 275-1953
Affordable Restoration and Repair,(602) 502-5148
A & L Contractors,(602) 955-7490
Poolside Pool Service & Repair,(602) 298-0344
Haworth Corporation,(602) 861-1080
Sj Louis Construction,(602) 454-2949
Phoenician Builders LLC,(602) 754-6420
Patent Construction Systems-Harsco Corporation,(602) 437-3216
Biltmore Financial Center Office,(602) 224-8650
Burton Construction SW,(602) 273-4755
