Aaron Gordon Construction Inc.,(415) 742-4900
M & L Construction,(415) 505-6093
Paul Fanta,(415) 209-3399
Benjamin Shaw,(415) 452-4262
John Hanford,(415) 668-1716
Dragon Werks,(415) 425-7667
The Urban Builder,(415) 269-4916
Fahan Construction,(415) 424-0693
Jeffrey Goffo Construction,(415) 821-0407
ABC Maintenance & Handyman Services,(415) 606-8281
Christopher Gate Construction,(415) 608-3015
Pegasus Builders,(415) 678-5233
Bob Antonelli,(415) 724-4301
Xinhhua Construction,(415) 608-6876
Nelson Contracting,(503) 819-2209
O Shaughnessy Construction,(415) 430-5876
HMM General Contractor Inc.,(650) 255-2148
Sassoon Construction,(415) 987-7313
Dufficy Fine Carpentry And Design,(415) 756-9750
Outerlands Design,(415) 987-4302
Zeus Remodeling,(415) 236-4849
Blackline Construction,(415) 412-2370
Hammerhouse Construction,(415) 516-7399
ONeill & Neville Construction,(415) 359-7343
Mizen Builders,(415) 608-4791
Edenavow Construction & Design,(415) 729-6168
SF Design Build,(415) 503-1571
Essas Construction,(415) 217-9212
R. Hassett Plumbing,(415) 205-1095
Extol Construction,(415) 205-5660
Alexs Custom Tile,(415) 806-4524
Built By Todd,(415) 738-0618
P.O.A.S. Construction,(415) 845-0664
Current Construction,(415) 915-9870
Elisha Mayost General Contractor,(415) 722-0103
Hawke Construction,(415) 505-5933
Fonseca Marble & Tile,(415) 333-5949
Architect Andrew Morrall,(415) 282-0616
Pederson Construction,(415) 310-0080
Cairn Construction,(415) 661-4367
Peters Design-Build,(628) 400-1601
DuGarry Construction,(650) 222-2097
Kevel Home Performance,(415) 213-5545
Valex Construction,(415) 269-8853
Solstice Construction,(415) 742-9018
Indiana Doug,(415) 706-4584
Finn Construction Services,(415) 933-5899
Nathan Cole Construction,(415) 524-5518
Crown Construction,(415) 673-1859
Jon Braham - JB Builders,(415) 342-2234
J Reilly Construction,(415) 317-3735
Carroll Construction Company,(415) 640-8089
Bay Appliance Repair,(628) 400-4074
Streiffer Burnham Construction,(415) 424-0018
Diviney Construction,(415) 568-1047
Michael Heavey ConstructionInc.,(415) 822-4300
Gooder Supply,(415) 731-3688
Tommy Neeson Construction,(415) 279-8860
Firth Construction,(415) 902-4182
HB Building & Design,(650) 954-3634
The Handyman Can,(510) 403-1973
Jill of All Trades,(415) 861-5764
P Langan Construction,(415) 724-3336
Aurora Builders,(415) 819-0714
Abr Handy Home Remodeling & Renovation,(415) 525-0944
Roll Out Shelves,(415) 681-1655
HOUSEworks,(415) 394-9300
AG Construction,(628) 222-7534
Diamond Home Restoration,(415) 722-5034
Tom Can Construction Lic No 548615,(415) 824-4869
Stellar Construction,(415) 420-1090
UpCycle Builders,(415) 826-2873
Beyond the Horizon Construction,(415) 312-4730
BV Electric,(415) 666-9990
San Francisco Green Spaces,(415) 845-3596
SafetyNook,(510) 575-1399
Teets Builders & Construction,(415) 205-4344
Hoffs Woodworks,(415) 308-4421
Cronin Construction and Development,(415) 305-4131
True Line Construction,(415) 468-5133
Vector Construction,(415) 205-7959
Brindmore and Brindmore,(415) 425-9643
McKenna Plastering,(650) 450-2899
SF Construction Services,(415) 359-6859
A J O Group,(415) 758-2085
Kevin Fennelly Construction,(415) 572-5386
Di Luzio,(415) 621-2621
California Happy Homes,(415) 994-4394
Amherst Associates Construction Management,(415) 271-8828
MN Construction Inc.,(415) 422-0258
Maven Maintenance,(415) 829-2207
Phollies,(415) 720-1646
Alternative Remodeling,(415) 420-2534
Littlefield General Contracting,(415) 377-9195
Aidan McCracken Construction Inc.,(650) 533-4813
Bentos Flooring,(415) 505-7857
Smart Remodeling and Design,(855) 899-7255
Arch Plumbing Inc.,(415) 513-1011
RapidRenu LLC,(415) 821-6622
Teevan,(415) 474-8826
McMahon Construction,(415) 716-3331
GAR Construction Management,(415) 683-1019
Doherty Restoration,(415) 695-1494
SF Renovations,(415) 931-5500
Arcon Construction Corp,(415) 759-6228
DryFast,(415) 861-4182
Babaloons Builders,(415) 824-6725
HG Construction,(415) 217-9282
Nayoung Sheet Metal,(415) 822-2259
Ashbury General Contracting & Engineering,(415) 756-4260
ASAP CLEANING SERVICES,(415) 571-3119
Divine Construction,(415) 859-9809
Guidry Concrete Construction Inc.,(415) 285-2275
The Great Ocean,(415) 816-3320
E Mora Construction,(925) 219-7513
hubbardfoss,(415) 828-2233
Pacific Custom Flooring,(866) 415-0440
Pacific Construction Co,(650) 754-3064
Artisanov,(415) 531-2487
EcoSmart Builder,(415) 240-9840
A-1 Electrical Contracting,(415) 961-2016
Sculpt Gardens Inc.,(415) 553-7737
Cole Hardware Home Repair,(415) 200-3430
Value Electrical Construction,(415) 420-0695
Clear & Clean Spa Service & Repair,(650) 355-6061
San Francisco Design and Construction,(415) 602-2008
Miracle Method,(415) 673-4211
Sasso Construction,(415) 320-9106
Greg Mullin Carpenter,(415) 684-2773
GLC Construction,(415) 529-7019
Spryscapes Construction,(415) 242-1196
Extra Care Contractor,(415) 828-3442
SF Town Builders,(510) 681-7684
Primary Painting Company,(415) 281-0999
AMX Plumbing,(415) 688-5358
BEHAN Construction & Home Inspections,(415) 218-9270
Terence McMahon Construction,(415) 385-3304
AVS Electric,(415) 310-9060
Green Planet Construction,(415) 678-8758
Lutz Plumbing Inc.,(415) 621-4292
Leon Construction,(415) 851-3928
G-Max Construction,(415) 285-1764
RP Construction,(650) 550-4598
Crescent Builders Inc.,(415) 454-1313
Grats Decor Interior Design & Build,(415) 593-7323
Thomson Builder Group,(415) 775-5300
Lewis M Merlo,(415) 530-2911
Builder-Max,(415) 425-6715
AC and Company,(415) 626-8877
Dev Electric,(415) 553-3900
JC Woodworks & Design,(415) 385-9893
Tracy Anthony General Contractor,(510) 599-9528
Bay Concrete Construction,(415) 731-2800
Jeff King & Company,(415) 221-5012
REF Corp,(415) 362-0444
DLW Construction,(415) 399-9400
The Shower Pan King,(800) 878-7190
Tom Ray Construction,(415) 584-3015
Diviney Construction,(415) 568-1047
Aaron Ottinger Design,(628) 400-4076
Fay Construction & Restoration,(415) 298-4338
Custom Construction Enterprises,(415) 553-8734
Josmari Builders,(415) 221-2071
Muratore Corporation,(415) 826-1220
Double-D Engineering,(415) 551-5150
Magnolia Electric,(415) 794-2646
Rinaldi Construction,(415) 424-9085
Planart Construction,(415) 508-7522
Daltile Design Studio,(415) 554-1937
Tibs European Quality Construction,(925) 935-3752
Cleary Plastering,(415) 724-0131
Michael C Hargrove Construction,(415) 586-9441
Eignor Construction,(415) 999-3406
Mulhall Construction,(415) 618-9662
American Grout Specialists,(415) 720-3288
A-1 Fence Company,(650) 873-7272
Edwards Construction,(650) 444-4687
Hauer Construction,(415) 725-1036
Gaos Group Inc,(415) 656-2628
JE Brown Co Mechanical Contractors Inc.,(415) 626-4044
Geometrix Surveying Engineering,(415) 422-0527
DArt Painting Services,(415) 689-4884
Seismic Retrofitters,(415) 822-4200
KA Lau Construction,(415) 812-4776
American Builders,(916) 316-1766
David Sobel Home Repairs,(415) 385-6349
Leonardo Construction,(415) 425-0995
Hathaway Dinwiddie Construction Company,(415) 986-2718
MacIron Craftworks LLC,(415) 839-8493
Ron Cohen,(650) 995-6063
Burradell Construction,(415) 418-0815
Robert Yick Company,(415) 282-9707
Victor the Construction Soldier,(415) 624-7736
Eisen Environmental & Construction Services,(925) 270-3770
Lynch Construction,(415) 519-7193
Reichel C R Engineering,(415) 431-7100
Josh Frost Better Wired Electric,(415) 517-0309
Strong Builders Construction Inc.,(415) 504-7877
Tosick Remodels,(415) 317-2786
Dawson & Clinton,(415) 359-9991
Electro-Integrity,(415) 244-9218
Lee Family Corporation,(415) 294-5900
CDR Construction,(415) 261-2093
Citidev Inc,(415) 269-6044
Bay Metro Corporation,(415) 626-4067
Ebrado Construction Company,(415) 264-9782
Superior Carpentry Services - Martin McHale,(415) 678-6808
Hurray Construction,(415) 831-8477
Hugo Handyman Remodeling,(415) 756-4767
West Coast Contractors Services,(415) 861-6124
Wallace Remodeling Inc,(415) 550-1993
Atlas Stair Building Company,(415) 282-6677
Bonn Construction,(415) 307-5152
Triad Painting,(415) 388-1503
I-Beam Reconstruction Management,(877) 423-2673
Landmark Construction Company,(650) 534-5086
Flying Colors,(415) 564-4500
Jeremy Moore Construction,(415) 722-0712
Quinn Plastering,(415) 420-4576
Elements in Design,(650) 400-4900
Vanguard Home Solutions,(415) 745-0833
Joseph Cioni General Contractor,(415) 999-7975
Rise Construction,(415) 305-9965
Pacific Heights Tile & Marble,(415) 681-3327
T Byrne Construction,(415) 370-3432
Fitzgerald Studio,(415) 308-8242
Acacia Glass Company,(415) 661-4591
Plonowski Architects + Builders Inc.,(415) 389-8047
Sunset Concrete,(415) 671-3926
Noe Valley General Contractor,(415) 483-2965
Conor McClorey Wallpaper & Paint,(415) 661-5554
Affordable & Reliable Electric,(415) 240-7108
EB Construction,(415) 760-8062
West Coast Sound Solutions,(888) 927-7496
Pagan Construction,(415) 378-4453
Annuzzi Concrete Service,(415) 468-2795
Iseman Construction,(415) 424-8735
Best Deal Painting,(415) 235-8884
Carpentry Made Easy,(415) 225-8343
David Lopez Jr Concrete,(415) 261-3921
Keaveney Construction,(415) 225-0614
Clearheart Fine Design and Building,(415) 571-5338
SF Bay Construction,(415) 425-1673
Quality Fence,(415) 586-9960
Rhapsody Painting & Environmental Services,(415) 824-5010
Cal Accessibility,(415) 310-3010
WJL Construction Inc.,(415) 215-2338
James Kern Builder,(415) 336-3246
Doyle Electric,(415) 613-5110
RB Precision Builders,(925) 876-9996
Bay City Builder,(415) 822-3772
B Birmingham,(415) 731-4542
OGrady Restoration & Construction,(415) 740-2307
Wall Construction,(415) 284-5337
All Metals Welding,(415) 370-3060
Caffrey Landscapes,(415) 279-8469
JJB Development,(415) 935-7002
Paradigm Painting and Decorating,(415) 725-3681
Cummins Construction,(415) 587-3693
Simmons Home Repair,(415) 751-8690
Bay Area Underpinning,(707) 310-0602
Ace Glass Co.,(415) 395-0806
The Sunset Handyman,(415) 952-7551
Your Best Construction,(415) 572-3932
M Teixeira Soapstone,(415) 401-7778
Ideal Carpentry,(415) 424-7429
San Francisco Gravel Co.,(415) 431-1273
Takoma Carpentry,(415) 573-8943
TC Construction,(415) 672-9189
Joyce Brothers Metal Works,(415) 397-5471
KCL General Contractor,(415) 676-0546
Howard Construction Inc.,(707) 578-6565
Moreno Construction,(650) 588-4831
Titus Construction,(415) 370-4925
Jimenez Construction,(415) 516-5238
Green Logic Construction,(415) 240-9840
Benjamin Construction,(415) 756-7772
Associated Builders,(415) 285-6200
E R Home Improvements,(510) 776-5551
Kozubek Construction,(415) 752-3280
Loza Construction,(510) 714-1444
Morenos Custom Painting,(415) 494-5646
Sirimontri Painting - Remodeling,(415) 337-7580
Ann Sacks Tile & Stone,(415) 252-5889
Andrew Moore Consulting,(415) 987-2959
Performance Plumbing,(415) 831-0348
The Restoration Company,(415) 751-2706
Baseline Homes Inc.,(415) 517-2580
Reliable Construction Inc.,(415) 756-3011
Matt Bailey Construction,(415) 592-8888
Bliss Construction,(650) 712-8984
Crystal Clear Window Cleaning & Pressure Washing Services,(415) 239-2883
Dynamic Construction Group Inc.,(510) 996-8720
Kerley Construction,(415) 661-0335
Appel Tile,(415) 706-0908
Michael D Rudd,(510) 703-1657
E.C.O Fine Painting,(415) 516-1730
MJM Interior Design,(415) 452-2883
Dialogue Design Build,(510) 325-1917
Uniacke Construction,(415) 824-5510
Momentum Builders SF,(415) 722-8475
Salgo Constructions,(415) 734-7634
Custom Stone,(510) 667-0099
Trust Maintenance Company,(415) 312-4150
Maurice Kirwan Stucco & Plastering,(415) 410-4690
Gonzalez Concrete,(415) 822-8384
Marcus Cruz Handyman,(415) 378-1022
CBS Building Supply,(415) 282-1888
Daly City Iron Works,(415) 671-0477
J Flores Construction,(415) 337-2934
Pagco Construction,(415) 740-4012
A.C.S. - All Construction Services,(415) 678-9643
Alejandros Marble and Stone Repairs,(510) 253-7472
Conor Forde Painting,(415) 282-8959
Solher Iron,(415) 822-9900
Woodsmyth Construction Company,(415) 420-6850
Archeon Construction,(415) 722-1145
DJR Builds,(415) 872-9798
Add A Garage,(415) 760-9565
URS,(415) 445-8980
Americas Dream HomeWorks,(916) 739-0996
Ian Fratar Handyman Services,(415) 503-7315
Seastar Construction,(415) 641-5222
California Home Improvement Solutions,(888) 336-1106
P.J. Hegarty Construction,(415) 225-8743
G Family Construction,(415) 444-0573
Varga Woodworking,(415) 359-4859
Diodati Construction,(415) 334-6750
FR James Construction,(415) 888-3392
Acme Roofing Company,(415) 587-5869
Amalfi Tile & Marble,(415) 309-5482
Atlas Plumbing & Rooter,(415) 845-9199
Grace Roofing,(415) 822-8860
Miguel Iraheta,(415) 933-1878
Dieter Kuhnert Restorations,(415) 822-3813
Greig Neilson,(415) 913-9837
Unlimited Building & Plumbing,(408) 528-8577
NASBAD Enterprises,(650) 678-4362
Roman Hunt Restoration & Remodel,(415) 948-7178
Golden Restoration & Construction,(415) 382-8648
North Bay Construction,(415) 341-5199
Genuine Drywall Contractors,(510) 460-0022
Throne Builders Inc.,(415) 341-0075
Montgomery Sansome LP,(650) 689-5622
Paul Silvestrini Construction,(415) 716-9399
Cook Construction,(415) 622-7799
Speedy Construction,(415) 312-9952
J.A. Emmanuel Construction,(628) 400-5702
Sf Chimney Sweep,(415) 928-0884
DPR Construction,(415) 782-3700
Segale Brothers Wood Products Inc,(800) 286-2915
Barber Construction,(209) 221-6623
Billywood Construction,(650) 207-5730
Duncan Woodworks,(415) 710-3844
Go Mex Construction,(415) 559-9419
Rodi Construction,(650) 365-5393
Bespoke Construction,(415) 845-3674
Safe Engineering Construction,(415) 747-1000
McDaniel Construction,(415) 521-8451
Eterne Architectural,(415) 336-8518
Anthony Sanchelli Remodeling,(510) 861-7992
Step By Step Home Improvement,(925) 324-0438
Epic Spaces,(415) 350-8993
J Cleary Construction,(415) 638-9473
Capital Design Builders,(415) 999-5978
CHL Construction,(415) 297-8897
McKee Electric,(415) 828-9168
Arthur Mc Nulty Construction,(415) 637-4231
Robles Construction Company,(408) 929-5684
Tile Doctor - Pete Goldie,(415) 845-1724
Basic Green Cleaning Sevice Inc,(415) 814-3535
Mizen Construction,(415) 317-7187
Bridge City Boiler,(888) 564-3637
The HC Brock Company,(415) 547-0105
K A Lau Construction,(415) 812-4776
Thompson Brooks,(415) 581-2600
Herrero Contractors,(415) 824-7675
Dwell Built,(415) 424-7808
Capomastro Group,(415) 801-5482
Tycon Builders Inc,(415) 786-9082
Darios Home Improvement Contractor,(415) 408-1153
Van General Construction,(415) 699-4631
Everlast Construction,(925) 334-7600
Mez-Con Builders,(415) 821-2800
House to Home Remodeling,(415) 240-6010
Rivera Construction,(415) 716-5784
Len Knyper Cabinetmaker,(415) 665-4596
Associated Welding Company,(415) 621-0685
Balla Construction And Design,(415) 595-7068
Mauricia Gandara,(415) 379-3955
Redbridge Construction,(415) 254-9368
Cal Tech Roofing,(415) 822-5000
Nova Designs Builds,(415) 626-8868
Goodale General Builders,(510) 205-5862
A-1 Drywall,(209) 324-4483
Printer Assist,(650) 323-0913
AAA General Roofing,(415) 822-8000
Cal Preserving,(866) 350-9663
P3 Construction & Remodeling Inc.,(415) 213-5770
American Clover Construction,(415) 239-1343
Vonnegut Thoreau Construction,(415) 314-8415
B & S Crane & Erection Service,(415) 564-7591
Creative Designs Construction,(415) 577-1580
Eliu Zuleta Construction Company,(510) 394-8629
Principal Builders,(415) 434-1500
Pattengill Home Improvement,(415) 517-0287
C.H. Burnham Construction,(415) 407-4036
Amc Builders,(415) 261-8130
Greg Kempton Construction,(415) 516-8064
Expert Design Builders,(415) 656-6100
Russell Hinton,(415) 206-0150
Birmingham Builders,(415) 552-2025
Mission Bay Construction Services,(415) 716-1188
Azzaro Bros Construction,(650) 359-6065
George Catlett Tile Setting,(415) 271-1775
KMC Tile,(415) 573-6258
Oliver Mackin Construction,(415) 320-2169
Dolmen Structural Engineers,(415) 409-9200
Klep Construction,(415) 939-0228
Professional Carpentry Services,(415) 642-9181
Tin Wah Construction & Remodeling,(415) 218-5602
Better Than Trapping,(510) 381-6816
Helmburger Design Construction,(415) 970-1072
BGGC Inc.,(510) 385-4011
West Coast Builders,(650) 743-9014
Podesta Construction,(415) 642-1600
Artcore Construction,(415) 550-1975
Mdc Drilling,(415) 337-9373
Keegan Construction,(415) 285-4050
Dimensions of Tile and Marble,(510) 938-8444
Nicholas Lobuglio Jr,(415) 469-9960
Building by Design Sf,(415) 661-2255
Stonetree Landscape Construction,(415) 386-0170
Nabi Constuction & Engineering,(415) 552-2215
Handy Construction Team,(650) 580-1685
Siddall Construction,(925) 949-8340
Insite Design Build Associates,(415) 356-2612
Skyline Construction,(408) 844-0000
Greenscape Construction Inc.,(650) 333-9916
Benattar Marble & Granite,(415) 821-1500
Master-V,(415) 845-5424
BONE Structure,(415) 666-2388
Far West Millwork,(415) 509-5216
Pacific Star Construction,(415) 271-4021
Hanus Jelinek,(415) 681-6369
The Shed Shop,(510) 791-7433
Columbia Mechanical Contractors,(415) 398-5202
Makita Construction,(415) 699-9046
Halperin Construction Company,(415) 826-1778
R & R Drywall,(415) 656-0662
Neill & Lee Contractors,(415) 475-9029
P. Pastrana Custom Designs,(415) 637-3613
Picazzo Painting Contractor,(415) 226-9627
Martin Masonry,(415) 564-8070
Ganco Industries,(415) 285-5838
Webcor Builders,(415) 978-1000
Barbosa Custom Builders,(415) 745-1993
A-1 Roofing & Maintenance Company,(415) 822-2137
Swinerton Builders,(415) 421-2980
EF Gomez Cement Contractor,(415) 822-4130
SGB Builders,(415) 264-2608
Sunshine Gutters,(510) 525-0880
Pacific Roofing Company,(415) 822-7000
Mesa Construction,(415) 641-7979
Secure Video Solutions,(415) 602-8205
Magic Brush,(415) 641-8622
John Kennaugh Woodworking,(415) 776-4224
Capron Construction,(415) 821-3481
Mighty Mikes Handyman Service,(650) 315-3210
Brushes and Buckets Painting Company,(415) 407-1241
J-1 Painting & Construction,(415) 752-2626
21st Century Home Improvement,(415) 745-7732
First Last & Always,(415) 541-7978
Denning Cabinetry,(415) 285-1311
SFID San Francisco Investment Development,(415) 682-4536
Steel Werx,(408) 849-8590
Baycity Hardwood Floors Co,(415) 730-8168
Plumbworks,(415) 681-1306
Skyland Construction,(415) 990-8803
Cordova Construction,(408) 567-9969
Outa H2O inc,(415) 310-1998
BMF Construction,(415) 699-9124
McCann Construction,(805) 717-8210
FMCS,(650) 444-4654
Bertie Penny,(415) 244-5531
Bay Area Noise Control,(415) 386-3344
Abco Mechanical Contractors Incorporated,(415) 648-7135
JDB Construct SF,(415) 359-4046
Matarozzi Pelsinger Builders,(415) 285-6930
OBrien Construction,(415) 410-4092
Duffy McKenzie Tile Guy,(415) 573-8657
Avila Electric Company,(415) 368-2250
Gus Refrigerator Repair,(415) 637-2553
James Madson Design,(415) 334-2291
Nor Cal Home Improvements,(916) 567-9611
Nash Construction,(415) 812-1302
Castle General Contractors,(415) 300-0324
Master Sheet Metal,(415) 647-8553
Turnbull Contracting,(415) 494-5812
Exterior Remodeling Specialists,(650) 355-5948
Huff Construction,(415) 422-0690
B W H Builder,(415) 812-2487
San Francisco Contractor Handyman,(415) 992-2556
Tuan & Robinson Structural Engineer,(415) 957-2480
ODriscoll Plastering & Stucco,(415) 841-1554
Sprung Instant Structures,(415) 934-9370
Select Pavers,(510) 294-8938
Exactmosaics,(650) 722-2866
CK Electrical and Construction,(415) 672-4389
Youngs Custom Cabinet,(415) 231-3890
Marcos Handyman Services,(415) 756-5434
Marcos da Silva,(925) 565-2040
Conscious Construction,(510) 450-0551
Travis General Contractors,(415) 285-8728
Li Ren Construction,(415) 584-5775
Bayshore Builders,(415) 254-2160
Bayview Roofing & Construction,(415) 759-6683
Golden Gate Plumbing & Rooter,(415) 648-0200
Diamond Pavers,(888) 610-1762
Advanced Design,(415) 759-6962
Creative Builders,(415) 374-1942
Bay Area Fix It,(415) 391-3947
Vision Builders Construction Company,(209) 499-3739
Tassin Terrazzo,(415) 450-8957
JAB Construction Company Ltd,(650) 697-7661
Montclair Construction & Structural Inc,(510) 547-2457
HB Kitchen Bath Inc,(510) 736-2728
Sean Kelly Construction,(415) 664-3000
Beautiful Hardwood Floors,(415) 586-8460
Lushov Construction,(510) 316-3346
Bay Hill Builders,(415) 203-8702
Adam Vanderwaard,(415) 694-2406
Plant Construction Company LP,(415) 285-0500
Golden Gate Tank Removal,(415) 512-1555
Glass Professionals,(415) 552-1878
Geco Construction,(628) 400-5792
Radius Services,(415) 391-4775
Leimer Construction and Handyman Services,(415) 846-1176
RMS Maintenance Services Inc,(510) 531-5011
Object Assembly,(415) 822-8565
Fulcrum Structural Engineering,(415) 543-0161
Access Scaffolding Company,(415) 822-5036
Yao Hui Construction Co,(415) 298-0925
SGK Home Solutions,(844) 330-8269
Allied Teamwork Construction,(415) 606-2060
KMR Restoration,(415) 465-0564
Pro Grout,(800) 513-2236
Cardea Building,(415) 407-6425
Steve The Handyman,(415) 596-2073
Bayward Builders,(510) 847-8890
ABC Roofing,(415) 822-5003
Kemal Custom Woodwork,(415) 822-8258
Nathaniel B Klark,(415) 371-9481
Professional Concrete Service,(415) 577-4577
Lemus Construction,(415) 572-4741
Terry Keenan Construction,(415) 713-2241
AmCal Roofing,(415) 606-6833
Fortitude Construction,(650) 670-5470
Killarney Construction,(415) 934-9733
Build Group,(415) 367-9399
Bay Area Moisture Control,(415) 884-0500
Saarman Construction,(415) 749-2700
Mr Ungers Kitchen & Bathroom Remodeling,(510) 586-2778
Green Street Construction,(415) 531-2315
All Stars Remodeling,(855) 676-9941
KC Custom Builders,(415) 822-8904
Diavolino Hardscapes,(415) 632-7202
Commins Construction,(415) 239-1353
Chris Allmond Wood Flooring,(415) 724-6181
Als Remodeling,(415) 724-1087
Delta Windows,(415) 272-5690
Mitchs Carpentry,(415) 574-7368
Adriyl Construction & Development,(415) 541-9595
Lagomarsino Heating & Sheet Metal,(415) 822-1666
Custom Doors Co.,(415) 822-7811
Magalys Roofing Maintenance,(415) 410-7144
Kobuksan Construction,(415) 317-5224
Pacific Carpentry,(415) 725-3987
Denola Richard,(415) 751-1094
Mexico City Iron Works,(415) 861-2985
Ideal Tile,(415) 260-8967
Euro Construction & Painting,(415) 519-7377
Toms Metal Specialists,(415) 822-7971
North Gate Builders,(415) 586-7841
Payesko Construction,(415) 444-5513
BA Morrison,(510) 962-7993
Bruce Johnson Tile Co,(415) 760-0462
Italian Heritage Tile & Stone,(925) 672-9000
Moroso Construction,(415) 777-1121
W B Jordan Inc,(415) 564-7546
Chongson Construction,(415) 334-3658
Cy Lo Builders,(415) 566-4473
Evergreen Construction & Consulting,(415) 265-2201
Picture Perfect Painting,(415) 207-1775
Siones Concrete Construction,(650) 759-2477
California Castle Builders,(650) 430-6877
City Scaffold,(415) 822-7021
Fastnet Engineering & Construction,(415) 828-5760
Olson and Son,(415) 613-4115
Shanta Design Build,(415) 821-4091
Spediacci Painting & Restoration,(415) 333-0643
Mr Stairs Company,(415) 664-2002
All Star Team Construction,(510) 418-0700
Restoration Timber,(415) 651-4276
South Mayo Construction Gerard Mchugh,(415) 846-8366
Iron Activity,(650) 302-2329
TAF Maintenance & Painting Co.,(707) 545-1675
Novo Construction,(650) 470-1522
Standard Sheet Metal & Marine Plumbing,(415) 392-6463
Gallant Construction,(415) 299-1570
Yerba Buena Builders,(415) 861-4269
Jim Patterson Foundation Contractor,(415) 823-4114
Rossano Tagliaferri - Tile and Stone installation,(415) 272-1185
Fernandez Designs & Builders,(408) 432-1402
Kepper Construction,(415) 937-2799
Tim Lawlor Construction,(925) 852-9199
Navarro Concrete Construction,(415) 822-4546
Handy Andys Handyman Services,(415) 420-1755
K&L Construction,(415) 584-8510
Ntk Construction Inc.,(415) 643-1900
Mediterranean Tile & Stone,(415) 713-3440
Camarina Construction Corporation,(415) 566-0423
Pros Plumbing San Francisco,(415) 364-8933
Mann Excavation,(415) 725-5930
Jesse Ososki Art Inc,(310) 699-8684
The Handyman Can of Marin,(415) 320-2554
Clipper Construction,(415) 621-4733
London Tile,(415) 302-1489
Andro Pinto Flooring,(415) 519-0528
S & I Construction Inc.,(800) 434-1545
BRL Builders,(650) 921-5294
Warner Custom Homes,(707) 579-3288
Fremont Cabinet & Fixture Company,(510) 651-8161
General Contractor,(888) 623-9441
Super Home Painting & Construction,(415) 716-8833
California Construction & Renovations,(877) 214-2243
ESG Construction,(510) 861-6798
S & S Cabinets,(510) 651-8511
Guerra Construction,(415) 652-3641
North Beach Plumbing,(415) 354-5705
Stoneman Fabrications,(650) 630-1883
Ronald Wong Construction,(415) 370-3739
Yiu Wong Construction,(415) 286-3880
Mr. Handrail,(707) 477-6980
Rios Painting,(415) 259-7467
Golden Gate Enterprises,(510) 885-0197
Gona Builders Inc,(650) 513-1332
Dig & Demo,(877) 933-4448
Mediterrasian Landscapes,(415) 424-3774
Eco Friendly Remodeling,(888) 252-3159
Yellow Zone Construction,(415) 652-4747
Nest Building,(415) 812-5767
Valley of the Moon Plumbing LLC,(707) 800-2043
Atlas Glass Company,(415) 513-4135
Classic Glass & Shower Inc.,(510) 714-4297
Anne Hart Design Build,(415) 407-2389
Juan Carlos Handyman,(650) 468-4248
Fuzion Welding,(650) 312-8033
Bath Concepts,(925) 676-6696
Eurowood Cabinetry,(408) 293-9444
Olea Plastering,(415) 822-7177
Diamond Stoneworks,(925) 686-6100
Sonoma-Marin Construction,(707) 763-6981
Collier Warehouse,(415) 920-9720
Brautovich Construction,(415) 286-3785
Design Everest - Consulting Engineers,(650) 793-4151
Don Waters Construction,(510) 558-8629
Fugnai Construction,(415) 816-1165
Ehline Construction,(415) 580-7164
Sir Grout Bay Area,(415) 805-3883
Abba Stone and Tile,(628) 400-5883
Expert Design Builders,(415) 579-2522
Delta Builders Inc,(415) 282-6655
Icon Plumbing,(415) 532-4889
Avatar Hardwood Floors,(415) 200-6535
The Countertop Store,(650) 598-0100
Peter Forrest Kline,(415) 260-3480
All Round Construction,(415) 221-7672
Angotti & Reilly,(415) 575-3700
West Bay Plate Glass Co.,(415) 292-5252
Heartwood Flooring,(510) 432-9401
Wise Builders,(408) 650-2432
Stephen Bass Home Repair & Remodeling,(408) 781-1213
Reliable Appliance & Refrigeration Service,(415) 561-0777
Liske Construction Co.,(415) 990-0070
Color Home Painting,(415) 990-3504
Vanguard Development,(347) 264-5935
Cal-C.A.D.E. Construction Inc.,(415) 206-0550
Madden Construction,(415) 424-8858
Trick Woodworks Inc,(415) 636-0982
247 Fix-It,(888) 683-4948
Remusco Group,(800) 311-7006
Remick Associates Architects + Master Builders,(415) 896-9500
Roebbelen Contracting,(415) 813-1187
Caleb Kinser Construction,(415) 660-0250
Bay Pacific Construction,(415) 243-4143
415 Remodeling,(415) 742-8322
Bay Construction,(415) 568-4900
S.A. Baxter,(415) 681-7634
Majestic Scepter Co,(415) 671-0202
EcoHome Improvement,(510) 644-3500
HTH Construction,(415) 859-1998
Eng T W Construction Company,(415) 387-4555
Level 8 Construction,(415) 606-8697
All Appliance Doctor,(415) 935-0355
Brikcolli Designs LLC,(415) 559-6150
Chris Construction Company,(415) 980-9257
Kelton Ken Construction,(415) 333-1140
Vintage Contractors,(415) 282-1602
Area Environmental,(415) 967-7037
Legacy Concrete,(415) 413-7150
High Performance Energy,(415) 852-5040
M C Metal Inc.,(415) 822-2288
RDG Construction,(415) 971-1794
Pro Countertops,(415) 822-1776
Castro Plastering Inc,(415) 235-9345
San Francisco Cabinets,(415) 320-6200
Organic San Francisco Carpet Cleaning,(415) 861-8003
Kevin Sullivan Construction,(415) 759-9655
Metzler Brothers General Contractors,(415) 846-5355
SeaBee Construction,(650) 302-2532
Adept Construction Solutions,(415) 302-1712
Rock Tile,(415) 505-8918
Oak Leaf Construction,(415) 800-7580
BCCI Construction Company,(415) 817-5100
Northern Elevator Company,(415) 749-1212
International Builders,(415) 429-5902
New Central Roofing Supply,(415) 822-4500
Logan Lane Construction,(415) 503-8751
Sexton Construction,(415) 240-2707
Theisen Glass & Mirror Products,(415) 861-6946
Waters Construction & Plumbing Co,(415) 333-3777
Caruso Construction,(415) 674-3969
A 1 Northgate Construction,(415) 202-4220
CalQuake Construction,(415) 638-7262
A-Taylor Made Window,(415) 861-5664
Bedrock Construction,(415) 934-1325
Ortizlaw Construction,(415) 902-1216
R. Burch Windows and Doors,(415) 224-1187
Cal Bay Craftsmen,(415) 577-6969
Dans Plumbing and Sewer Service,(415) 261-8303
Linscott Builders,(415) 940-8259
S2 / H Construction Group,(415) 525-2306
D R Painting,(415) 729-3767
Amber Glass Company,(415) 756-0148
Modern Craft Construction,(415) 515-1874
McCluskey Construction,(415) 750-1121
Quinlan Construction,(415) 504-7811
Dryfast,(415) 861-8003
A T D Tile,(415) 800-1545
NorthWest Demo Inc,(415) 902-5050
Discovery Doors,(866) 900-3667
Wellington H R Construction,(415) 239-1700
Hammerhead Construction,(415) 345-1600
Hearth,(415) 902-1777
All Access Construction,(510) 701-4400
Tile Tech,(415) 685-8299
Varga Construction,(415) 359-4859
Daaron Builders,(415) 426-0892
Tamura Construction,(415) 915-9361
DBF Construction,(415) 812-8782
Dromhus General Contractors,(415) 353-0770
Lone Mountain Homes,(415) 902-3126
KLZ Construction,(415) 720-0127
Crowworks Design and Construction,(510) 520-7989
Econoquality,(415) 760-1458
Alac Dean Construction,(415) 922-6666
No Limit Concrete Pumping,(925) 580-2574
Tom W Gorman - General Contractor,(415) 564-8444
Krueger Bros Builders,(415) 863-5846
Mr Drain Plumbing,(415) 573-9468
A Green Home,(650) 400-3600
ODonovan Builders,(415) 850-2190
Webbe Jones Joinery,(415) 730-3717
Calgate Home Improvements,(415) 841-3355
Independent Construction Company,(415) 552-0197
Lorissa Kimm Architect,(415) 279-4995
Sunrooms Plus,(408) 682-0947
J E Brown Company,(415) 626-4044
Right Angle Renovations,(415) 264-9165
J S Concrete Construction,(415) 621-5828
West Point Builders Inc.,(415) 285-2510
E3 Construction,(415) 902-2345
Western Painting Company,(415) 567-8007
HANDYMANKONNECTION,(415) 637-2654
Blackwater Construction,(415) 845-4958
Envisage Companies,(415) 597-6124
Black Mountain Construction / Development,(415) 374-7463
Best Euro Floors,(415) 424-3889
Golden Gate Electric,(415) 678-9611
Daniel Kelly Construction,(415) 385-1018
V & Company Fine Builders,(415) 648-8779
Elevation Design & Construction,(415) 515-8042
Penn Construction,(415) 533-2314
Ruben Castillo Construction,(925) 864-2053
Doorman Property Maintenance,(415) 878-1888
Ryan Associates,(415) 861-3085
Mixtlis Environmental Services,(650) 557-6643
Best Construction Company,(415) 770-4988
V Mash Construction,(415) 690-9424
Nibbi Brothers,(415) 863-1820
Mr Build Construction Company,(415) 626-1948
Kensington Garden Rooms,(888) 825-9111
Cill Dara Construction,(415) 756-5633
M8,(415) 992-5022
Rogness Designs,(213) 500-6651
Fine Line Construction,(415) 512-7677
Ganco Construction,(415) 641-0972
Axume Painting,(415) 641-1057
August Murphy General Contractor,(650) 757-0107
Elliottbuild,(415) 377-9009
McCarthy General Building,(415) 643-1930
Design & Develop Construction,(415) 238-7744
Sierra Interior Trim - Kevin Melvin,(925) 818-9200
Bay Area Metro Builder,(415) 970-1072
Hickey Construction,(415) 971-3262
Skycore Construction,(415) 333-4211
Daylight Construction,(415) 452-3157
Peterson-Mullin Construction,(415) 648-6555
JZhangs Construction,(415) 683-8157
Walsh Bill Construction,(415) 564-0995
Acme Home Elevator,(415) 206-1566
Sustainable Roofing Solutions,(415) 710-1324
Jack Thompson,(415) 298-4788
Associated Project Management,(415) 722-1914
Seagren General Contracting,(415) 655-1922
A Ruiz Construction,(415) 647-4010
Bebe Construction,(510) 566-6685
Showplace Stone - Marble & Granite Slab Work,(415) 861-4686
Eco Wood Floors,(415) 487-0992
Studio Fresco,(415) 939-5416
Better Builders and Design,(415) 525-4449
Doozy It,(415) 602-1840
Neals Painting,(415) 515-8629
Marble 2000,(510) 331-3954
T&M Home Services,(707) 557-3176
ConTrech,(415) 379-9200
Ustudiomark,(415) 309-2344
Harold Nelson Concrete Construction,(415) 388-3583
AXSIS Construction Co.,(650) 583-3761
San Fran Home Remodeling,(650) 644-4507
C.G. Adams Construction,(415) 513-5993
Mabuhay Builders,(415) 292-7885
Tom Lewis Restoration & Consulting Co,(415) 734-9030
Trico Construction,(415) 543-2100
BG Construction,(415) 260-5315
Anthony Construction,(415) 871-5825
Bretts Bathtub Resurfacing Co,(916) 397-9412
HD Drywall,(510) 760-6343
Pacific Green Construction,(415) 821-3717
Corinthian Decorative Finishes,(415) 917-2002
Mission Handyman,(415) 912-9275
Corinthian Decorative Finishes,(415) 917-2002
Mission Handyman,(415) 912-9275
Baycity Hardwood Floors Co,(415) 730-8168
Tito Mendoza,(415) 724-6841
AtticPros,(800) 543-0382
CIA Mechanical,(650) 518-2335
E-Z Plumbing & Trenchless Sewer,(510) 728-8588
Delta Glass and Window,(415) 370-7789
EKW Construction,(415) 608-0645
Cline Architects,(415) 706-6953
Painting & More Contractor,(415) 706-4642
R C Construction,(415) 401-8376
CleanSweep Services Inc.,(415) 813-5214
Telamon Engineering Consultants Inc,(415) 837-1336
Morales Plastering Construction,(209) 568-3014
Clough Construction,(415) 444-5554
Julios Landscaping & Construction,(415) 532-6081
American Remodelers Inc,(866) 266-5677
Stone Science,(707) 820-2033
Gogol S J Construction,(415) 333-9733
Davies General Contractors,(415) 506-7444
Jim Patterson,(415) 823-4114
R.C Construction,(415) 401-8376
Harrell Remodeling,(650) 230-2900
R C Construction,(415) 401-8376
Robison Nieri White Construction,(415) 284-6800
Teutonic Construction,(415) 764-1977
Tacktook Construction,(415) 533-0370
Sterling Design,(415) 238-0458
Premiere Builders,(408) 205-0611
AquaTech Pool Systems,(800) 603-6026
BioMaAS,(415) 255-8077
Finbarr Collins Construction,(415) 420-2520
European Brothers Construction,(415) 269-6465
DPR Construction,(415) 241-1454
All Seasons Construction,(510) 652-2221
Benson Hus Construction,(415) 215-9838
PKRemodeling,(510) 333-1566
Richlen Construction,(415) 904-0900
Euro Housekeeping Personnel Service Inc,(415) 441-9600
Pam LoPinto Construction Services,(415) 640-7593
Frenchs Waterscapes,(925) 322-1386
Onsite Construx Remodeling,(650) 269-5560
Twin Pinnacles Construction,(415) 238-9349
Luxor Construction,(415) 202-0610
Doolittle Construction,(415) 595-3648
Michael H Casey Designs,(415) 282-3238
Urban Forest Tree Service Inc.,(415) 647-7115
Bay Area Gates Construction,(415) 424-5103
Home Visionaries,(415) 762-2006
Dun Ros,(415) 424-8352
Pole Construction,(415) 442-0120
A & Outstanding Home Surprise,(415) 282-3368
Trans Bay Tile,(925) 755-6225
Nick Alexander Woodworks,(510) 565-4415
Wisdom Electric & Building Contractors,(415) 810-2808
Busk Bros Tile,(510) 395-6869
A&H Door and Access Control,(650) 271-0291
Golden West Construction Company,(415) 550-7118
PCA Consulting Group,(415) 771-8877
Pioneer Builders,(415) 647-7962
Upscale Construction,(415) 563-7550
Bayside Construction,(415) 310-0169
Christopher Crawford Construction,(831) 297-3331
R M R Construction Company,(415) 647-0884
Howard Robert Builders,(415) 643-5579
Avilas Construction,(408) 883-4299
Thompson Suskind,(415) 673-1100
Constructive Solutions Inc.,(415) 528-7300
Milan Construction Inc,(415) 531-4639
Mariles Construction,(415) 613-0709
Contracting Done Right,(707) 843-9452
Raven Restoration,(415) 271-2195
Remodeling Contractor San Francisco,(888) 316-1099
Abell Services,(415) 730-1385
RRA Construction,(415) 674-1473
Bradford Construction,(415) 725-8269
Euro Design Construction,(510) 575-0669
Design Line Construction,(415) 647-1373
CRC Builders Inc,(415) 326-4671
Peninsula Builders,(415) 337-7233
Trendy Granite and Cabinet,(415) 282-8890
Renovated Square,(408) 605-7672
Joe Diodati Masonry,(415) 334-6750
R.N. Field Construction,(415) 648-8140
P J Construction,(415) 312-2299
Tai Le Hardwood Floors,(415) 999-2198
Mitch Orsaba,(415) 240-6488
The Boldt Company,(415) 762-8300
San Francisco Building,(415) 286-2674
HCG Associates Inc.,(415) 291-9180
All Bay Construction,(415) 839-5292
Egan Agape Construction,(415) 948-9681
Yuri Painting and Remodeling,(415) 632-7390
Vargas & Esquivel Construction,(415) 550-1176
Turner Construction,(415) 705-8900
Contractors San Francisco,(415) 390-5737
Jerry Lombardi Construction,(415) 285-2229
Jerry Lombardi Construction,(415) 285-2229
MGM Construction,(415) 434-0434
CharismaHousePainting,(415) 684-5334
Guideline Biilders,(855) 877-2722
Owl Arts - Iron Working,(415) 690-5444
Travis Kappes Build Design,(628) 400-4707
Ord Custom Construction,(510) 689-3843
Yangs General Construction,(510) 780-9032
Chris Turturici Construction,(650) 787-5399
Self Help House Cleaning Service,(415) 438-4795
Webb Construction,(415) 474-9867
JSE Custom Builders,(650) 270-0006
Ryan Associates,(415) 778-6404
P & J Utility Company,(415) 284-0307
Marinship Construction Services,(415) 282-5160
Pewter By Design,(415) 206-9100
ReBath by Schicker,(925) 676-8422
Strata I Design Builders,(415) 881-7161
Cannon Constructors,(415) 546-5500
All San Francisco Foundation Repair,(415) 223-3136
R W Construction,(415) 370-3739
Peacock Construction Inc,(415) 217-5095
DeMartini Construction,(650) 307-3948
Knockferry Construction,(415) 815-7605
New Theory Management & Design,(916) 807-9235
Marbel Scaffolding,(415) 822-2779
7x7 Construction,(415) 713-1293
T & K Hardwood Floor,(415) 587-8656
Crociani Construction Company,(415) 550-8707
Meridian Surveying Engineering Inc.,(415) 440-4131
Epp Paul,(415) 668-5565
Mike Cahalan Construction,(415) 279-1266
Breuerdesign,(415) 515-2227
Kansai Developement,(415) 394-7555
Mountain Bay Construction,(415) 394-7557
Arch Plumbing,(415) 513-1011
Helping Hands Remodeling,(415) 424-2527
Mircea Ilie Construction,(510) 459-5502
EMS Mold Inspectors,(415) 727-2612
Bruce Construction,(415) 735-6438
