Moriset Construction and Electrical,(619) 944-5439
Lumina Builders Inc.,(866) 858-5251
Steve-O Designs,(619) 723-6561
Kitchen and Bath Beyond,(858) 207-8636
San Diego Drywall Services,(858) 740-4646
D-Mac Restoration,(858) 874-2363
Amazonia Kitchen & Bath,(760) 533-6656
Johnny OBrien,(858) 232-9850
Treeium Inc,(855) 330-8733
Welby Construction Management,(619) 269-6908
Gary Faith Construction Inc.,(619) 200-7254
Tierra Nexus Corporation,(858) 212-5168
Lars Remodeling & Design,(619) 225-5527
Europe Construction,(760) 683-9293
TR Construction Remodeling & Roofing Specialists,(858) 537-6490
C Tan Construction,(619) 733-0720
JK Drywall,(619) 207-9445
Ruckle Construction,(858) 270-0100
InnovaCreate Studio,(858) 925-3180
Nelsonbuilt,(619) 302-0633
Duende Design and Construction,(619) 225-7283
L5 Plus Drywall,(619) 840-5880
Master Hardscapes,(619) 394-0583
Core Plumbing,(858) 538-6025
HomeSmith,(619) 405-3031
Rutherford Painting & Remodeling,(619) 840-0835
Lingol Construction,(619) 818-4080
Steve Clark Home Improvements,(619) 246-8581
Oregon Trail Remodeling,(760) 494-1455
Kosh Construction and Handyman Services,(858) 529-5020
Reliable Remodel Co Inc,(619) 995-0558
Logans Run Construction,(760) 814-9795
Kenco Contracting,(619) 796-9631
Luzaj Tile,(619) 454-4838
INSTALL-IT-DIRECT,(858) 925-3000
Precision Renovations Inc,(858) 272-0000
Primo Concrete,(619) 566-6916
David Lozoya Concrete,(619) 971-4239
Artisan Design And Remodeling,(619) 761-3172
Flamingo Tile Company,(619) 930-5732
Pacific Kitchens Inc,(858) 277-0701
Murray Lampert Design Build Remodel,(619) 285-9222
Allied Contracting,(619) 417-4443
Skilld Build Inc,(619) 454-5000
Modesto Ayala Fence,(619) 890-2641
Action Window & Door,(619) 784-5973
Scott Reid Thompson Construction,(619) 316-2002
Ceiling Specialist,(858) 568-2594
Craftsman Foundation Repair,(619) 295-1230
Tower Hill Masonry,(619) 756-5206
SD Handyman,(619) 246-3164
Craftsman Foundation Repair,(619) 295-1230
Tower Hill Masonry,(619) 756-5206
DM Hultenius,(619) 701-5292
Mark Lyons & Company,(619) 985-5345
Mission Valley Concrete,(858) 717-1846
The Groutsmith,(858) 779-1446
Delphi Construction,(760) 419-5552
Burgener Builders & Associates,(619) 251-8145
Next Level Construction,(619) 450-9438
J & M Keystone,(619) 466-9876
Pro Locksmith San Diego,(619) 892-7269
Air Flex,(619) 663-2207
Carsh Builders,(619) 501-9483
Mahogany Shop Inc.,(619) 281-8211
Kaminskiy Design & Remodeling,(858) 271-1005
Solare Energy Inc,(858) 547-4300
CM Solar Electric,(619) 962-7605
Landscaping AM,(858) 444-6964
Aaction Builders,(619) 275-1493
GW Construction,(858) 260-1575
Banning & Son Construction,(619) 843-6469
Coast To Coast Restoration Inc,(760) 212-5890
Armstrong Builders Inc.,(858) 488-2825
Custom Home Remodeling & Roofing Inc.,(818) 457-9429
Big Ideas Construction,(619) 328-2180
Scott Jennings Construction,(619) 607-3773
Mickeys Electric,(619) 778-0817
Patriot Tile & Remodel,(619) 279-2335
Above and Beyond Drains & Plumbing,(619) 784-1778
Max Synthetic Turf,(619) 366-7126
Miramar Kitchen & Bath,(858) 271-8434
Remodel Works Bath & Kitchen Remodeling,(619) 398-8378
Concrete Creations SD,(619) 250-1117
Baby Home Safety,(619) 287-3765
Brown Dog Renovations,(760) 975-5189
Solartech,(619) 743-9193
Decorative Mouldings,(858) 945-4286
Ritz Design Build,(858) 248-9711
Bill Howe,(619) 286-6348
The Pool Doctor Inc.,(619) 445-4977
Teknik,(858) 775-7628
SD Gutter and Solar Cleaning,(858) 705-6143
J3 Services,(760) 583-1559
San Diego Flood And Plumbing,(888) 349-2564
Garage Door Medics - San Diego,(888) 524-8421
Jim Stafford General Contractor,(619) 296-4544
ProMax Plumbing,(619) 630-9144
Howard Builders,(619) 250-0292
Jacob Dean Construction,(858) 279-8939
Pride Construction of San Diego,(619) 795-0111
Mr Construction,(619) 255-6260
Capri Stone,(619) 988-5556
The Kitchen Doctor,(619) 449-9260
The Closet Works & Orion Woodcraft,(619) 230-1400
The Sliding Door Company,(619) 692-1294
Urbana Design Build,(619) 786-8021
Attic Construction Inc.,(858) 429-5797
Savon Pavers,(951) 972-8720
The Roof Masters,(760) 978-7861
Divine Remodeling,(844) 884-3575
Paul Davis Restoration,(858) 560-0444
Stel Builders,(619) 508-5131
DE Contreras Construction,(619) 464-4064
Dry Out Specialists,(619) 334-0609
TSC Restoration,(619) 596-3888
Zummay Custom Cabinetry,(619) 573-3524
Adlesh Tile,(858) 361-9038
Septembre Studio Paint & Decor,(619) 600-1026
Mch General Construction Inc Windows & Patio Covers,(858) 226-1696
Skyline Sunrooms & Patio Covers,(619) 334-4504
Rockstar Builders,(619) 990-7919
Pellegrino Stonecare,(858) 530-8185
Boyars Kitchen Cabinets,(858) 549-2000
San Diego Garage Doors and More,(858) 220-6865
EcoArtisan Builders,(858) 569-0415
Left Coast Tile & Stone,(619) 850-5260
Workright Plumbing,(858) 751-6312
Burke Remodeling Inc,(858) 717-6794
D Js Construction,(619) 813-2963
Bath Fitter,(858) 215-6994
Remoca General Contractors,(760) 639-8021
Chad of All Trades,(760) 750-1956
Tonys Best Way Cleaning,(858) 459-3201
Landmark Pavers,(800) 219-3906
The Screen Lady,(760) 431-1052
Danos Carpet and Upholstery Cleaning,(858) 751-5790
Nu Garage and Epoxy,(619) 537-8837
EcoDesignSD,(858) 945-4095
PacifiCoastal Design,(858) 405-7880
Imagine Tile Company,(619) 838-9697
California Clean & Seal Inc,(619) 818-0113
Shining Hammer Construction and Remodeling,(760) 716-6847
California Quality Drywall Services,(619) 997-8776
Remcon Design Build,(858) 874-8779
Garage Door R & R Mechanical,(858) 576-2156
So Cal Fence,(619) 229-1918
A-1 Patio & Remodeling Experts,(760) 230-2070
All Access Garage Doors,(619) 900-4111
Balboa Fence,(760) 407-6781
H Cabinet,(619) 627-0627
A-1 Patio & Remodeling Experts,(760) 230-2070
Poolscape Unlimited Inc,(619) 561-0555
Hi-Tech Remodeling Group,(800) 548-7292
Real Vida Remodeling,(619) 325-9124
European Tile Craftsmen,(858) 444-6544
San Diego Abatement Services,(619) 640-8888
Morena Welding Inc.,(619) 275-4829
Chestnut Consultants & Contractors,(619) 795-9021
Independent Restoration Professionals,(858) 774-0772
Advanced Waterscape,(619) 454-7755
Azar Builders Inc,(619) 523-6202
StoneCo Building Group,(619) 894-7704
Adroit Energy,(858) 483-3568
Exp Construction,(858) 761-6501
Thomas Construction,(858) 598-6406
Keith Everett Construction & Handyman Service,(619) 255-3499
Fitzpatrick Construction Corporation,(800) 750-1174
Authentic Designs & Remodeling Inc.,(858) 753-9996
2 Brothers Construction,(619) 701-0393
American Custom Builders,(619) 403-6264
Bell Acoustical Removal Texture & Painting Inc.,(619) 441-0852
Pacific Restoration,(760) 632-7800
RB Painting,(760) 744-0245
RFW Renovation and Design,(619) 203-7669
North Park Woodworks,(619) 855-5206
K O Construction,(760) 994-5129
S H Construction & Remodeling,(858) 633-6034
San Diego Maintenance & Construction Services,(858) 255-0153
Otay Ranch Flooring Design,(619) 852-7189
Eco Minded Solutions,(858) 365-0699
Tony Rotter,(619) 777-8669
Wagner Tile & Plumbing,(858) 272-7303
Cascade Construction,(619) 342-1400
Daltile Sales Service Center,(858) 565-7767
Pure Water Pool & Spa Inc,(619) 669-6736
San Diego Fence Co Inc,(858) 279-8442
Andersons Premium Plumbing,(858) 566-8248
Adrian Woodworks,(858) 831-0371
Avid Construction,(858) 692-4486
Avid Construction,(858) 692-4486
J & W Lumber,(858) 452-0520
Handyman Elite Services Inc,(619) 307-8129
Dream Pools,(619) 957-3427
BMG Contracting,(917) 767-8981
Heller Contracting & Maintenance,(619) 756-4172
Full Circle Design,(619) 888-2027
Padre Pools,(619) 561-7665
4ever Kitchen and Bath,(619) 303-3388
TL Premier Construction Inc.,(619) 736-8080
Life Masonry,(619) 933-2291
Chris Cleaning & Flood Restoration,(619) 251-4171
Real Deal Painting,(619) 788-4557
The Grout Genie,(619) 250-0279
Edgewood Remodeling,(619) 957-5686
The Contents Specialists,(800) 577-5343
Trinity Pacific Construction,(619) 674-8967
MHS Tailor Made Construction Crews,(858) 695-2151
Everything Swimming Pools,(858) 693-3307
The Building Workshop,(619) 255-8001
Leland Construction,(619) 955-8208
Preferred Restoration and Consulting,(858) 779-9266
Current Solar Contracting,(619) 272-0303
Coyote Pavers & Turf,(866) 966-0586
AR Engineering Construction,(858) 752-8349
Complete Builders,(619) 295-3123
Milan M Djokich,(858) 997-4246
Freidin Design and Construction,(760) 730-3100
Hackett Renovation & Construction,(858) 361-2728
Diamond Striping Services,(619) 318-6244
Cornerstone Design & Remodeling,(619) 838-1687
San Diego Eco Floors,(619) 602-7624
Nohr Flooring,(858) 722-1591
SAE Builders,(951) 658-5807
Idel Designs,(858) 775-4259
Jake of All Trades,(619) 850-7619
DAD Pavers,(619) 749-6007
CVB Plumbing,(800) 283-1563
Sliding Door Guru,(760) 586-8981
American Technologies Inc,(858) 530-2400
Anthonys Iron Works Inc.,(619) 241-2413
The Screen Machine,(619) 435-5213
MDS Contracting,(619) 229-0535
Maintenance Magic,(858) 229-6562
Ironstone Tile,(760) 587-7533
McCalmon Construction,(619) 507-4407
SYNLawn of San Diego,(858) 566-7422
New Image Tile,(858) 268-0811
A Access Automation and Gate,(619) 443-4283
Harper Construction Company,(619) 233-7900
Perfect Builders,(866) 794-0022
Stovel Plastering,(858) 571-1044
Thomas Leitner Stone,(760) 546-2431
CGP Maintenance & Construction Services,(858) 454-7326
Eco G Painters,(858) 277-5264
SteamDiego,(619) 295-2780
Specialty Home Improvement,(858) 759-7400
The Tile Shop,(619) 297-0293
Diamond Home Builders Inc,(877) 817-4577
Balestreri Building Group,(619) 599-5684
Visolution TV,(858) 224-3140
Wilkes Electric,(858) 568-4652
Tuscany Pavers,(866) 596-4092
IAN Myles Bobcat And Dump Truck,(858) 518-4042
Jordan Mobile Home Services,(619) 449-1779
Bergen & Brasier,(858) 268-1035
Distinguished Pools,(858) 748-3939
Garage Door Enterprises Inc,(619) 234-8093
Boonstra Construction Inc.,(760) 631-2131
MiltCo,(877) 645-8261
Ledezma Ornamental,(619) 494-6426
Reliable Renovations,(858) 352-8202
A & L Tile,(619) 578-5922
Eagle Fence Company,(619) 448-8568
California Professional Contractors,(619) 921-4141
CairnsCraft,(619) 818-9870
Carini Heating and Air Conditioning,(619) 843-0997
Thielman Properties,(858) 449-9297
Buildtech Unlimited Inc,(619) 890-1039
Tim Lewis Building Maintenance,(858) 637-0415
RW Little Sandblasting Co,(619) 297-3705
C C & R Restoration,(858) 625-0026
Dan Diaz Tile,(858) 254-5640
GEA Custom Builders,(619) 825-6427
Tankless Plumber,(858) 864-2567
Resicom Inc. Building & Restoration,(858) 227-9700
HD,(800) 971-7173
ABCs Tile & Stone,(619) 864-0978
Jackson Design & Remodeling,(619) 442-6125
SteelWorks,(619) 993-8555
Y9 Construction,(800) 801-0290
SD Independent Construction,(858) 344-4866
Surfaces U.S.A.,(858) 457-1352
Juniors Remodels,(619) 779-6674
Eric Scribner Contractor,(619) 987-1759
Pavers 4 Less,(619) 977-7420
Taxco Restoration,(858) 756-2574
Polo Construction,(858) 922-9882
Left Coast Restoration,(760) 519-4323
Nicks Handyman Services,(802) 578-3682
JAK Builders,(619) 229-2000
Sun Coast Remodelers,(858) 633-5633
Thatcher Cabinets,(619) 850-0888
A-Team Residential Management,(619) 578-4459
San Diego General Contracting,(858) 336-4392
Providence Venture Inc,(858) 279-1000
Halpert Construction,(619) 272-6277
Konstrukt Design and Remodel,(858) 453-6555
Stemar Restoration,(619) 460-0044
Complete Flood Restoration,(619) 931-0231
Apex Contracting and Restoration,(619) 255-3022
Four Seasons Landscaping,(858) 688-7486
Mid-Town Renovators,(619) 454-2311
Flood Doctor,(858) 205-8082
Berkley Construction Inc - San Diego Contractor,(619) 981-4582
Edwards Building Repair,(619) 283-7292
Stevenson Design & Construction,(619) 964-3183
Infinity Construction,(760) 600-5557
Gladys Design,(619) 993-8092
DHR Construction,(619) 733-6210
Integrity Restoration Inc.,(858) 270-9151
Conquest Construction,(619) 913-6793
Innovative Repair Experts,(619) 384-4884
Daltile Tile & Stone Gallery,(858) 571-1957
Elite Sandblasting,(619) 683-7681
The Patio Guy,(619) 390-5923
Artisan Design Group,(619) 269-1211
Five Star Fence,(619) 822-5202
A 1 Budget Roofing,(442) 224-3863
Jim Jobs,(619) 316-2168
E&J Tile & Marble,(619) 888-4989
San Dieguito Pool Center,(760) 747-5668
Pacific Chemical Pool Service,(858) 272-5725
Gardner Outdoor and Pool Remodeling,(619) 593-8880
Kim Sand Installations,(858) 274-0308
Vision Remodeling,(818) 915-1000
New Life Construction Company Inc,(858) 638-1900
Brandi West Services Inc,(619) 354-0050
PBI,(619) 573-9217
Low Tech To High Tech,(619) 890-4449
Low Tech To High Tech,(619) 890-4449
European Tile Art,(858) 452-5090
Ciro Construction,(714) 932-1536
Van Dusen Millworking,(619) 443-7689
Home Doctor,(619) 218-8493
Jim Jobs,(619) 316-2168
Coastal Asphalt & Seal,(858) 273-2042
Jeff Anderson Construction,(760) 791-5558
TaylorPro Design and Remodeling,(858) 997-4615
American Bathtub Refinishers,(619) 265-9200
R B Glass & Mirror,(858) 485-9310
R22 & Associates,(619) 822-6368
JMR Concrete,(619) 630-7845
Cabrillo Craftsman,(619) 997-8777
Boyds Remodeling,(858) 568-2594
Superior Stone,(619) 302-4632
JA Michaels Plumbing,(760) 744-2882
Anchorstrong Earthquake Retrofitting,(310) 936-8270
San Diego Bath & Tile,(760) 505-8453
Silk Remodeling & Design,(619) 415-3789
Silk Remodeling & Design,(619) 415-3789
JB Home Improvement Inc,(800) 322-0442
Exact Construction,(619) 254-5497
Heartland Pool Plastering & Remodeling,(619) 929-8054
Danilo Nesovic Designer  Builder,(619) 462-1077
Accurate General Contractors,(858) 230-2662
JDA General Contracting,(858) 345-4532
Sanwood Fine Carpentry & Construction,(619) 429-1505
KRS Tile & Stone Contractors,(619) 796-8780
Assist U2 Build Inc.,(858) 268-2822
Capital Contracting,(619) 651-6451
K-Co Construction,(858) 274-0005
Standard West Builders,(760) 586-1465
Alix Nolin Construction,(619) 855-2863
Allcare Design/Build,(619) 462-0133
Spectrum Kitchen Remodeling,(619) 202-4511
Pacific Sun Pool N Spa,(858) 271-8822
North County Pavers,(760) 622-0812
HSL Remodeling and Repairs,(858) 735-2484
Peterson Remodeling,(619) 465-1486
Bycor,(858) 587-1901
Zier Pools,(760) 290-4147
Fluid Sound,(619) 446-6808
Winstead & Sons Custom Builders Inc.,(619) 244-5447
Hulton Development Inc.,(858) 248-6269
Exotic Interiors,(858) 774-2018
Green Life Construction,(858) 842-4125
PCI General Construction,(619) 520-0790
Palatine Building,(858) 794-6264
Imagine Marble and Granite,(619) 277-8442
Imagine Marble and Granite,(619) 277-8442
Sunshine Coast Construction,(858) 274-1522
Corinthian Design Build,(858) 222-4852
Security Fence Company Inc,(619) 464-8668
5 Day Remodel,(619) 338-0081
Ace Patio,(619) 606-2899
Stevens Enterprises,(858) 560-7350
Greg Kessner- Artisan and Builder,(760) 547-4216
Sommer Construction,(858) 793-9675
Stellar Home Improvements,(858) 382-1140
Tim O Tile,(858) 242-0643
California Coast Builders,(858) 750-2777
J and S Asphalt Paving Sealing,(619) 528-0593
GPG Plumbing & Contracting,(858) 349-7863
Kitchen & Bath Design/Build,(619) 933-4660
MC Comprehensive Construction,(760) 908-8110
GlasTec Construction,(858) 231-5883
Southland Pools/Spas Inc,(858) 277-3033
ABM Construction,(800) 279-7517
Sun Coast Kitchen Cabinets & Refacing,(619) 374-5478
Sees Candies,(619) 298-2022
Coaction Home Improvements,(858) 707-5575
DC Painting Inc,(619) 328-2140
Martinez Adams Builders,(858) 384-7514
Aquaguard Pool Fences,(858) 776-7914
UBuildIt - San Diego,(858) 569-5922
Harris Construction & Woodworking,(619) 813-7719
San Diego Granite Repair,(858) 848-7347
DIY With Pro Help,(619) 928-9349
ABCO Vinyl Pool Repair,(858) 541-2226
Derks Construction,(619) 333-6760
A Perfect Shine Cleaning Svcs,(619) 269-1745
A Revitalized Bath and Kitchen,(619) 644-3320
Wirtz Quality Installations Inc.,(858) 569-3816
Integrity Home Improvements,(858) 751-0800
Jia Feng Interiors,(619) 640-6472
So Cal Custom Spa & Pool Builders,(760) 547-4573
Surfside Developers,(619) 944-4549
Final Touch Ceilings,(800) 799-7540
Silverline Construction,(858) 467-1780
Mike Klein Concrete,(619) 726-7210
Moya Construction company,(858) 277-7747
World Restoration Inc,(949) 760-8116
The Door & Window Installers,(619) 992-0076
Waters Edge Construction,(619) 957-6151
Archwood,(619) 429-5220
James Construction Cleanup,(877) 933-4557
David Brandsen Construction,(619) 417-2228
Greyhound General Inc.,(800) 568-7108
La Jolla Pools,(858) 483-4500
Kreative Home Improvements,(619) 454-1640
Blis Construction,(858) 278-1406
Smart Floors,(858) 277-7449
Tropical Shade Imports,(858) 272-1598
Brite-Way Building Maintenance,(619) 280-4402
Pacific Homeworks,(619) 508-9826
Dave and Company,(858) 945-7528
Brasseur Construction Inc.,(858) 836-1502
Preman Roofing,(619) 276-1700
Crystal View Vinyl Works & Remodeling,(858) 768-9004
Crystal View Vinyl Works & Remodeling,(858) 768-9004
Imperial Hardwood Company,(858) 277-1600
World Restoration Inc,(949) 760-8116
Correia Contracting Inc,(619) 795-9120
Couple-O-Bucks General Contracting & Remodeling,(858) 365-7335
Desantis Renovation Solutions,(619) 300-9241
Sure Safe EFS,(442) 999-4293
Skyhook Stairs & Rails,(619) 229-2169
West Coast Raingutters,(619) 448-3418
City Design,(619) 386-8001
R&R Tile & Marble,(619) 992-8552
Stephenson and Sons Consruction,(858) 382-3808
NK Construction,(760) 612-2071
Solid Rock Custom Builders,(858) 653-5205
San Diego Molding,(619) 813-7971
Treadlight Construction,(619) 888-4456
Wayne Stratton Plumbing,(858) 278-2078
Doma Homeowners Association,(619) 231-4750
J.C. Plastering,(619) 933-4700
Pacific Remodelers SD,(858) 564-0144
SJH Builders Construction Co,(858) 231-3794
Abacus Construction,(619) 850-4794
Gold Coast Design,(619) 574-0111
Murfey Construction Inc.,(858) 352-6864
Rapid Remodel,(858) 863-6545
Lopez Landscape Contractor,(619) 262-5855
Mark Visocky General Contracting Inc.,(858) 496-0600
Kitchen and Bath Design - Gourmet Galleys & Loos,(858) 740-4536
Murphys Construction,(619) 316-3101
Team Construction,(858) 270-0047
John Weedman Cabinets,(619) 345-0256
California Bath & Kitchen,(619) 628-0134
Remodel Works Bath & Kitchen,(858) 304-1751
Abbey Construction,(858) 775-6370
Recht G A Construction,(858) 274-9400
San Diego Door Services,(619) 646-6875
Redline Custom Contracting,(858) 349-1959
Brothers Builders and Service,(619) 481-9106
Women In Construction,(619) 284-0924
M E L Development,(858) 270-2231
Mel Development,(619) 726-6299
So Cal Construction & Design,(619) 269-3036
Super Garage Doors,(619) 495-0660
JBN WoodCraft & Design,(760) 643-8383
BKT Loft,(858) 549-9700
Envision Design Inc,(858) 270-1616
Marrokal Design Center,(619) 441-9300
Guedes Construction,(760) 295-3036
San Diego Custom Building,(858) 568-1567
Luna Restoration,(619) 804-0703
John Carpenter Contractor,(858) 279-1124
Signature Designs Kitchen Bath,(619) 733-6540
Sjb Construction,(619) 726-7692
Pacific Point Construction,(619) 993-0281
A & A Acoustics Ceiling Specialists,(619) 260-0151
Noyas Harrison Construction,(619) 884-0199
MM Europainting and Contracting,(619) 708-2619
Kaya Construction,(858) 602-7539
Clark Remodeling,(619) 993-8809
Brian Robbins Construction,(442) 999-7339
Brian Robbins Construction,(442) 999-7339
Eco Grease Pumping Services Inc,(619) 609-0937
Super Maids,(619) 521-0945
Levine Renovations,(619) 663-0519
Perfecto!,(619) 234-4037
Corban Design & Remodeling,(619) 851-4483
Statik Electric Inc.,(619) 957-8666
Schearing Construction Company,(858) 272-1465
Pacific Coast Home Improvement,(619) 335-7012
Atila Construction,(619) 788-2424
Southland Stone Restoration,(619) 454-5446
TRC Garage,(760) 685-5942
ADP Granite & Marble Designs,(760) 521-2847
Mirage Retractable Screen Doors San Diego,(760) 419-4641
Custom Garage Door Systems,(619) 582-1010
Daltile Natural Stone Showroom & Slab Yard,(858) 571-0283
Mitchell Construction,(760) 753-5769
Riel Construction,(619) 519-0301
Easy Flow,(855) 397-3937
Kitchens Plus Remodeling & Design Centers,(858) 693-4000
Groysman Construction,(858) 484-3676
TRC Garage,(760) 685-5942
CALbath & Kitchen,(619) 299-9499
JSB Construction,(619) 787-7806
Tarpley Construction,(760) 519-8223
MAR Construction Inc,(619) 269-0585
Glenn Schwartz & Associates,(760) 744-5678
McKern Construction,(760) 590-2769
Aaron Smith Woodworking,(619) 665-7256
Europa Woodworking,(858) 354-0582
Barrett Southwest Fence,(760) 471-2620
Cocco Construction Company Inc.,(858) 450-5050
Charco Design & Build Inc.,(888) 600-4339
Artistic Design and Remodeling,(888) 959-4237
WICR Inc,(858) 277-1805
Merchants Building Maintenance,(858) 455-0163
J Walsh Construction,(619) 807-1409
J & E Welding,(858) 578-0086
Zhou Roma Stones,(949) 878-6350
Hess Family Painting,(760) 445-5805
Atlas Footing Repair Inc.,(619) 442-7900
DJ Home Plus,(858) 566-6666
Skywest Concrete,(760) 975-9519
Michael Early Construction,(858) 581-2177
Covenant Creations,(619) 208-1163
Paradise Landscape LLC,(760) 522-3200
Crown Moulding Designs,(760) 944-1919
Copper Works,(619) 787-9274
Dyson Construction,(619) 995-0210
Turner Construction Company,(858) 320-4040
Able Restoration,(858) 653-0430
Janks Construction,(858) 693-9700
Custom Floor Designs,(760) 846-4474
Kevin Williams Tile & Stone,(858) 945-7108
Seascape Pools Inc,(858) 566-2811
C & O Stone Works,(858) 578-0799
Ocean Plumbing,(858) 273-5537
DreamView,(866) 422-6199
Ampolos Construction,(858) 576-9009
Wayne Hay Construction,(619) 402-0369
Black Contractors Associations of San Diego,(619) 263-9791
Shea Homes,(858) 526-6500
Advanced Building & Contracting,(619) 992-9538
So Cal Home Remodeling,(855) 899-1799
Curtis Stein Carpentry,(760) 845-4273
South Coast Specialty Systems,(858) 673-7267
Pacific Paradise Pools & Spas,(858) 270-7800
San Diego Door & Window,(858) 564-2564
Sam & Son Construction,(858) 458-5977
Elite Roof Services,(619) 659-8632
Woodmark Construction,(619) 303-5538
Ron Rice Painting & Consulting,(619) 637-3054
A++ Concrete,(619) 572-4345
Nakhshab Development and Design,(619) 255-7257
HG Home Improvement,(619) 246-7312
ProTec Building Services,(858) 569-1080
J&R Designs Inc,(800) 787-4813
Fortress Fence & Landscape,(619) 280-7696
Sam Hoyer Construction,(858) 525-1719
Siemens Building Technologies,(858) 348-1401
Ortiz Construction Group,(858) 270-7436
Tate and Son,(858) 518-9397
Pacific Improvement,(858) 565-2091
Ludlum Construction,(619) 647-1188
Best Mobile Screen Service,(760) 681-1170
Home Remodeling Pros,(858) 246-6321
Generations Woodworking,(916) 337-9663
Blueprint Contracting,(619) 269-3624
Tony Staples Construction,(858) 335-6259
A to Z Builders,(619) 454-7560
R & M Construction Inc,(858) 566-4950
Gomez and Gomez Handyman,(619) 884-4086
Wall and Ceiling Pros,(877) 595-6124
Bens Bathroom Company,(619) 330-6141
Classic Home Improvements,(858) 224-7373
Know Howe Tile,(858) 270-6417
Gebco Construction,(619) 843-2378
Rohan & Sons,(949) 492-1361
Rauls Kitchen Services,(619) 330-6140
Southwest Rain Gutters,(858) 268-7974
Greenwise Solutions,(800) 818-8636
Clairemont Roofing Company Inc,(858) 483-7345
Award Winning Painting and Decorating,(619) 917-7002
Huns Enterprises,(619) 892-2986
Miltons Fence Services Co,(619) 330-6042
Solanos Construction,(760) 310-3953
South Coast Tool Repair,(858) 569-0929
San Diego Glass Coating Company,(619) 280-8556
Millan Builders,(619) 948-3207
San Diego Bath Wraps,(619) 382-2094
Millan Builders,(619) 948-3207
Republic Services,(619) 421-9400
DnD Construction,(858) 935-9977
RGS Energy,(888) 951-4422
Duraglaze Refinishers,(858) 578-6450
Paul Davidson Iron and Repair,(619) 252-4766
The Beach Builder,(858) 831-8230
Element Builders,(858) 414-4601
REPOWER San Marcos,(844) 276-5278
California Striping,(619) 384-3015
Parker Concrete,(858) 564-8826
Quality Remodeling & Design,(866) 311-9299
Pacific Door and Trim,(619) 887-1786
JNS Plastering Inc.,(619) 518-7662
Dils Roofing,(760) 436-7588
Merit Construction,(619) 997-4707
SJR Handyworks,(760) 305-8980
Rohan & Sons,(949) 492-1361
Gene McCormick Construction,(858) 722-9108
Richard Reed Construction,(760) 484-6346
DSA Construction,(858) 245-7354
United Express Construction,(858) 810-3210
Dr Homes,(858) 560-8464
Torres Restoration & Remodeling,(858) 900-4192
Franke Contracting,(858) 689-1168
Scratch And Ding King,(619) 867-3865
Mathis Custom Remodeling,(619) 697-0040
Builders Green Remodeling,(858) 333-7079
Bohemian Tile and Marble,(858) 774-3179
PHD Home Improvement,(858) 874-5806
PHD Home Improvement,(858) 874-5806
Calspec Restoration,(619) 244-1608
Sunset Property Inspection,(858) 518-6867
Easy Painting Co,(619) 341-2853
John Burke Construction,(619) 838-1131
Precision Cabinetry,(760) 580-2949
Redemption Construction,(619) 861-9916
Frazier Construction,(619) 985-0400
American Home Improvement,(800) 806-1396
Prestige Painting,(619) 948-6890
Citizen One Construction,(619) 870-7207
Kellers Renovations,(928) 230-8605
Mullen Construction Inc.,(760) 434-2233
Americas Finest Remodeling,(619) 430-2296
GD Tile and Stone,(619) 368-8997
Barghols Construction Inc,(619) 807-8557
Dakini Engineering General Contracting,(619) 697-9000
Allen Sommers Natural Stone And Tile Care,(619) 838-4270
Victor Lund General Contractor Inc.,(619) 224-1498
Nicolls Design Build,(619) 520-9119
Sun Coast Bathroom Remodeling,(619) 374-1229
Fannin Built Construction,(619) 808-6263
Explosive City Tile,(619) 871-4878
Superior Siding Inc.,(760) 277-8980
Paul McGarvey Construction,(619) 607-0232
CoastDesign & Build,(855) 452-6278
West Coast Asphalt Inc,(858) 405-8495
Armstrong Gregory Design & Build,(877) 789-3374
B St. Construction + Design,(619) 997-3618
San Diego Flood & Restoration Services,(888) 349-2564
CBCS,(619) 804-2054
Kinsman Construction,(858) 875-2950
Taylor-Made Renovations,(619) 847-8247
Yaira Cleaning Service,(858) 220-6314
Top Bath Remodeler,(619) 822-2935
DC General Contracting,(858) 254-8981
Pondman,(858) 449-9135
Court Concepts,(619) 993-9046
Pacific Coast Builders,(760) 471-4050
Lafayette Handyman Service,(760) 583-0714
S&S Kitchens and Additions,(858) 412-3026
San Diego Remodels,(619) 272-6225
MTM Kitchen & Bath Remodeling,(412) 370-4546
Dan Levy Construction Company Inc,(619) 284-9227
Eladios Demolition,(619) 941-4224
Sunsea Co.,(619) 288-3221
D Carson Construction,(858) 577-0333
Hub Construction Specialties,(760) 744-8124
English Heritage Builders,(760) 297-2203
Shear Force Construction Services,(619) 823-6650
English Heritage Builders,(760) 297-2203
Shear Force Construction Services,(619) 823-6650
Cemper Contracting,(858) 925-8562
GC Tile & Stone,(619) 843-8453
Ans Construction,(858) 859-9093
C & R Carpet,(858) 552-9111
MT Builders,(619) 312-7422
Callander Concierge Consulting,(858) 252-8183
Enrique Mercado Construction,(619) 726-3680
Jeff Kull Construction Development,(619) 222-0806
Seaside Design Build,(858) 255-4090
Nexus Nrg,(619) 453-2593
Contracting Solutions,(619) 272-6002
Couple-O-Bucks,(858) 365-7335
Vantage Point Builders,(760) 815-6370
Cali Bath and Kitchen,(858) 215-2676
Image Home Design,(800) 799-5446
A&P Construction,(858) 527-5757
House To Home Remodeling and Design,(760) 753-0567
Home Improvement & Design Center,(858) 272-1590
San Diego Design and Remodel,(858) 356-2560
Harloff Construction,(760) 203-3112
McKinneys Pool Service,(858) 609-0784
Briven Construction,(760) 295-8819
Ultimate-pool,(858) 717-2815
Coastal Kitchen N Bath Design,(619) 786-4757
Kitchen Touchup,(760) 301-6830
P.A.Suarez General Contractor,(858) 344-2843
Covered in Concrete,(619) 715-5974
Zero Energy,(562) 999-7685
Pull Out Shelf Company of San Diego,(760) 599-6667
Whole Cellar,(949) 933-8370
Staffordcabinets,(619) 276-2212
Steve Shaffer Tile,(619) 261-7676
Cheyenne Pools,(858) 279-0588
SG Construction,(760) 591-0144
Soundproof San Diego,(858) 876-4874
Tile San Diego,(760) 619-1052
Rigid Construction,(760) 500-1818
Nooks & Crannies,(858) 292-7040
Rigid Construction,(760) 500-1818
Nooks & Crannies,(858) 292-7040
Stuart Construction,(858) 349-8720
ER Home Designs,(760) 440-5078
All Phases Construction,(716) 499-8888
Terry Nielson Construction,(619) 787-4303
San Diego Pavers,(858) 405-7284
Larry ODell Construction,(619) 501-5252
Kira Construction,(760) 497-5737
Spence Concrete,(619) 368-9565
CALIF-PRO Painting and General Contractor,(760) 407-9139
SaunaFX,(619) 501-3910
A Creative Fence Co,(760) 747-7339
EDC Fixtures,(760) 517-6104
Htk Land Surveying,(619) 729-9200
Creative Fence,(760) 747-7339
Superior Flood Restoration,(619) 272-2968
R & G Quality Work Inc,(858) 836-2134
Costa Del Sol Landscape Construction & Pavers,(619) 279-6478
Marroquin Construction Corp,(619) 955-5053
JXR Constructors Inc.,(858) 874-1925
Tile and Stone Magic,(858) 232-2546
BA Worthing Inc,(760) 729-3965
Jake Glerup Woodworks,(760) 445-3226
TB Stewart Construction,(619) 322-3684
Parker Remodeling & Construction,(760) 805-9244
Chiles Development,(619) 328-1520
Rancho Bernardo Construction and Remodeling,(858) 229-5072
Worker Bees,(858) 752-3797
Ocean Pro Services,(619) 929-6113
JRG Services,(858) 566-7007
Reno Contracting,(619) 220-0224
Nelton Worthem,(619) 630-6366
ContractorBondQuote.com,(800) 409-7944
Papas Home Improvements,(619) 777-8267
Professional Contractor Supply,(858) 565-2284
Russos Landscape,(858) 484-1965
Southwestern Construction,(619) 203-7668
Charles Derr Construction,(858) 688-3511
I&P Builders,(619) 534-9477
BJC Construction,(619) 944-5739
Pacific Coast Restoration & Dry Out,(619) 761-3780
Darin Travis Quality Installations,(619) 861-5206
Xcel Remodeling,(619) 588-4858
Botticelli Countertops,(619) 454-3028
SD-Home Improvement,(858) 242-7712
Modern Coatings,(619) 209-0063
All Media Glass,(619) 980-8332
Tom Ortner Construction,(858) 204-3101
Openshaw Construction Corp,(858) 571-7151
The Wizard of Wood,(619) 938-1708
Makeover Max,(619) 296-2600
JD Custom Tile And Marble,(619) 715-9916
Kitchen and Bath Concepts,(619) 866-9425
Paul R Smith Complete Home Improvement,(619) 818-7880
SDHOMES Design and Remodel,(619) 291-2229
Clark R Plumbing Tile Crown Molding Paint Etc,(619) 993-8809
Southern Pumpcrete,(619) 251-9595
Emercon Construction,(858) 597-1900
sun coast,(619) 330-6083
Sun Coast Roofing,(619) 488-9870
Sun Coast Room Additions,(619) 789-0198
N & F Construction,(619) 280-0720
Doran Construction,(619) 294-2949
Unique Design Group,(858) 566-6609
Royal Lagoon Pools,(619) 778-0695
RAD Construction Inc,(619) 698-4621
Alb III Construction & Design,(619) 403-4115
The Door Guys,(858) 336-5132
Structure Construction & Remodeling Company,(619) 569-2573
Renew Exteriors,(619) 280-0533
G International,(888) 506-4508
RL Sizemore General Contracting,(619) 674-9470
RM Unekis General Contracting,(619) 206-8529
Amigable Building Group,(619) 865-5149
Rodriguez Paint & Wallpaper,(858) 361-5909
Pacific Stone Solutions,(858) 263-5700
Mayfair Homes,(619) 280-5777
Grace Builders Inc.,(619) 917-4106
Hellenic Construction Company,(858) 560-9345
Sweig General Contracting,(619) 325-6333
All-Pro Asphalt Company,(619) 462-6922
Calavo Builders,(619) 540-2554
Waggoner Steve Santa Fe Contracting,(858) 694-0440
Pro Kote Solutions,(619) 569-7420
Wirtz Quality Maintenance,(858) 569-3820
Diversified Construction Technologies,(858) 268-0077
Atlas General Construction,(858) 205-0990
Pacific Edge Builders,(619) 933-6663
The Harty House Doctor,(858) 278-5605
Canyon Ridge Construction Inc,(760) 941-3597
PCD Remodeling,(888) 336-5999
Hdr,(858) 712-8400
Concorde Consulting Group,(619) 516-3377
NPL Construction,(619) 517-5807
Lee Austin Construction,(858) 459-6655
JP Facility Services,(858) 356-2910
Diamond Builders of San Diego,(619) 542-1930
A Team Construction,(619) 542-1060
Can-Du Home Remodeling & Repairs,(858) 336-4392
Atlas Construction Supply,(858) 277-2100
Procoat Painting,(619) 433-6625
Inspire Kitchen and Bath,(858) 278-5900
KMF Construction,(619) 563-4700
Stratton Specialty Coatings,(619) 359-8163
Precision Restoration Solutions,(619) 699-0130
Continental Construction & Development,(858) 433-9736
D & D Plaster Craft,(619) 280-0215
Trinity Home Maintenance,(619) 674-8967
Surrogate Husbands Inc,(619) 781-5774
Salernos Bobcat Services,(619) 922-4751
Before & After Construction,(619) 818-8086
Janis Paul,(858) 571-6876
Caliber Tile,(619) 554-8453
Arledge Design + Build,(858) 568-1373
Bathroom Remodeling,(619) 374-6421
GS San Diego Garage Door Repair,(760) 933-5452
Sundt,(619) 321-4800
Amour Decor,(619) 218-5805
MBO Inc.,(858) 751-5702
Ics Pacific Builders,(858) 278-8540
Black Orchid Construction Company,(619) 702-3600
JC Wilding & Co.,(619) 275-1600
Naturescape Services,(619) 358-3292
Precision Woodcraft,(619) 297-3652
Central Construction,(619) 232-2232
R O Straub Construction,(760) 672-1015
Daly Remodel and Design,(619) 871-7235
All Hours Flood Services,(800) 410-6016
Pereira Building Industries,(619) 764-2555
Retrofit Energy,(619) 878-9018
Reylos Construction And Maintenance,(619) 852-1764
Adb Room Additions,(858) 874-8779
Cals Masonry Small Jobs & Repair,(858) 276-4595
Coast Construction,(619) 806-0808
Its Duct Time,(888) 533-1811
Mr. Drain Plumbing,(619) 331-2626
Geo Tech Construction,(858) 565-6553
Iron Balusters San Diego,(619) 609-7370
California Pet Doors,(844) 738-3667
Admiral Glass Corporation,(858) 495-7090
Blue Fountain Pools,(619) 516-1795
A Win Construction,(858) 848-1886
Barbaras Bathtubs,(866) 960-9671
Ahinc,(619) 454-1406
John Smith Earthworks,(619) 276-0946
Philco Woodworking,(619) 516-4253
K2 Contracting,(619) 275-5187
Quality Home Enhancement,(619) 822-5859
Catlin General Contracting,(619) 464-2222
Pacific West Construction Group,(619) 335-7413
Bio One San Diego,(619) 326-4433
Nielsen Construction CA,(619) 795-0041
SNS Building Services Inc.,(619) 588-0642
Hammett Design and Remodeling,(619) 417-5827
Gary Gelbman Home Improvements,(619) 889-0604
Didier Jantz Construction,(619) 222-0085
Swinerton Builders,(858) 622-4040
Carrier Corporation,(800) 942-1844
Antigua Builder & Painting,(619) 880-5038
Antigua Builder & Painting,(619) 880-5038
Concrete Masters,(619) 540-5448
VJP Construction Inc,(858) 874-5205
T R Levey construction,(858) 405-3185
Mechanical Systems Services,(858) 864-8394
Ben Luna Construction,(858) 272-8053
Ninyo & Moore,(858) 576-1000
Vertex Construction,(858) 699-2801
Garage Excell,(760) 445-2849
California Pools - San Diego South,(800) 282-7665
Monji Tile,(858) 581-2238
JFM Builders,(619) 997-3615
Stopper Enterprises,(619) 272-6227
Mayfair Homes Sales Center,(619) 220-4999
Serco,(858) 569-8979
Sunco Construction,(619) 523-2100
Bigger View Construction Inc.,(530) 945-3183
San Diego Exterior Company,(619) 512-9781
Pacific Cove Construction,(619) 297-5000
Souza & Souza Construction,(858) 560-1479
Souza & Souza Construction,(858) 560-1479
R H OMalley Inc,(858) 573-9415
4 Points Construction,(760) 899-3302
Allied Industries,(619) 955-6811
Lucasi Building Specialties,(757) 613-3409
America Home Repair,(619) 284-1000
StraightLine Construction,(619) 742-1720
Michelangelo Stone & Tile,(619) 465-3456
Egan Brothers Construction,(619) 994-3424
JLM Services,(858) 231-6128
Strong Construction Company,(619) 220-7030
Blue Nautilus Construction,(858) 483-3213
Reliable Contractors,(858) 549-4801
Double G General Contracting Inc,(619) 665-0754
Soltek Pacific,(619) 296-6247
Indoor-Restore Environmental Services,(858) 430-0295
R DIAZ TRUCKING,(619) 602-8939
Walsh Construction and Associates Inc.,(619) 818-4323
Provancha Construction & Patio,(619) 239-8363
CD Goodwin Construction,(858) 254-0272
Masing Construction Inc.,(760) 304-6401
San Diego Design and Build Inc,(858) 243-8677
Design For Health,(619) 291-1777
Edgars Gate Services,(619) 330-6070
Miltons Fence Company,(619) 330-6071
Chesters Painting Services,(619) 374-8346
Rauls Kitchen Service Co,(619) 374-8341
Young Home Improvement & Repair,(619) 884-1787
Noble Construction,(760) 532-5854
Bluetech,(858) 357-1264
SMD Painting,(619) 497-1180
Olympic Construction,(619) 278-8848
Gutman John Construction,(619) 284-7763
CMB Construction,(619) 987-9173
A&W Coatings,(619) 518-7763
Labor Construction,(858) 204-6494
The Empowerment Supply Company,(619) 299-6035
JNC Construction,(619) 638-0471
Hooper Construction,(858) 273-2773
California Pools - San Diego North,(760) 744-8868
Bella Decorative Arts,(858) 229-5626
Handy Dans Home Repair,(619) 427-9055
European Kitchen & Bath,(619) 507-8970
CCM Builders,(619) 423-9988
Soltech Patio Covers,(619) 297-0423
Osprey Remodel & Repair,(619) 822-9497
Camson Construction,(505) 450-4477
ABM Construction & Remodeling,(206) 653-4477
Superior Ready Mix-Canyon Rock,(619) 583-0958
Quality Repairs & Construction,(760) 705-5354
DCF Construction Inc,(858) 405-7751
Hawkeye Remodeling and Design,(619) 994-0745
Pacific Home Remodeling Inc.,(858) 564-0144
Adolfson And Peterson Construction,(619) 955-8264
DPR Construction,(858) 597-7070
San Diego Water Damage & Flood Restoration,(619) 449-9611
Construction Champion,(619) 677-1315
Nautilus General Contractors,(858) 457-0316
California Earthcare,(619) 236-0492
Clockwork Construction,(702) 338-3100
Construction Network Service,(619) 793-8873
B.C. Chaplin Construction,(858) 255-9001
Guaranteed Pool Plastering,(619) 434-6900
Lennar Homes of California,(619) 546-4424
Good-Men Inc.,(619) 221-0873
Rinkel Construction Co,(619) 300-9479
Mr. Drain Plumbing,(858) 880-0250
Environmental Services,(858) 947-3601
SoCalifornia Restoration Services,(619) 342-3144
Palatin Remodeling Inc,(888) 586-2323
Absolute Tile & Stone,(760) 639-2960
123 A Garage Doors,(800) 501-0772
Brett Hinck Electrical Contracting,(619) 876-0890
Zigman & Shields,(619) 758-7700
Impressions Tile,(619) 727-9851
Topalovic Tile,(619) 957-5871
Paradise Builders,(760) 716-4717
Marblecare Of San Diego,(619) 534-0628
James L. Gross General Contractor,(909) 841-0686
San Diego Woodworking,(858) 274-7467
Canedo Decor,(619) 846-5513
Celedon Concrete,(619) 255-8221
Rock Chief Concrete,(619) 300-6178
Coastal Design Services,(858) 349-6411
A-1 Repair A Fence,(619) 229-1918
Medrano Company,(619) 264-3434
Sigges,(858) 278-3444
Di Carlo Drywall,(951) 295-2750
Sun Sheet Metal,(858) 272-0297
