Cobalt Construction,(206) 683-6382
North Star Construction LLC,(425) 247-5130
Cherry Design + Build,(206) 550-6026
Seattle Construction,(206) 489-4463
Hara Construction,(206) 910-0209
Urban Build,(206) 235-4339
Lux Interiors,(206) 799-1499
Prestige Residential Construction,(206) 722-1540
Plum Construction,(206) 819-2161
Home School Construction,(503) 880-5773
Handy Dandy LLC,(206) 407-8197
Seattle HomeWork,(206) 930-5435
Sawhorse Design & Build,(206) 909-4552
Tradecraft Builders,(206) 240-8851
Evans Renovation,(206) 795-3154
Rex GeRoy Construction,(206) 607-7957
Martin Hill Construction Inc.,(206) 755-5179
Alwin Installs & Home Improvement,(206) 462-8982
Haller Remodeling,(206) 817-6135
The Alhadeff Group,(206) 450-7433
Rydawell Woodworks,(206) 245-6212
Don Hurd Construction,(206) 349-0020
Seattle Environmental Construction Inc,(206) 457-5412
Trinity Construction Builders LLC,(206) 290-9828
McKenzie Construction,(206) 972-3335
Capitol Hill Handyman,(206) 354-5395
MLF Built,(206) 280-3081
Screenman Inc.,(800) 851-8466
Joy Developments,(206) 999-4287
Double Dog Remodel,(206) 914-0465
Precision Garage Door Service,(206) 489-4987
Allied Marble,(206) 763-1250
Brookwil,(206) 478-0222
Structural Solutions,(206) 577-7211
Tombo Construction Inc,(206) 789-1009
Better Builders,(206) 588-2075
Fox Plumbing & Heating,(206) 654-4990
Riggins Construction,(206) 370-9198
Ballard Remodel,(206) 295-4592
Custom Drywall By Denby,(206) 322-0168
Strictly Tile,(425) 750-6433
Workbench Building Design,(206) 356-4521
Oasis Roofing & Construction,(877) 927-4911
Dumas Build,(206) 697-7248
Creative Kitchens and Baths Seattle,(206) 406-0528
K & L Interiors | Custom Interior Design Firm,(206) 504-7266
He Saw Her Paint,(206) 781-8743
N & R Construction,(206) 399-5524
Daniel Smith,(206) 223-9599
Built Square,(206) 946-8220
BJs Painting and Handyman LLC,(206) 491-3145
Palmer Construction & Remodel,(206) 661-2013
Aces Four Construction,(206) 622-8337
Crescent Builds,(206) 362-3882
Ravenworks,(206) 724-1573
Moonshine Marble and Granite,(206) 853-5331
David M Fen,(206) 292-0286
Westbrook Restorations,(206) 954-4054
SeaGreen Construction,(206) 859-9943
Jacob Reid Remodel & Build,(206) 795-9550
Gray Wolf Construction,(206) 789-5612
Seattle Design Builders,(206) 604-6999
Manos Construction,(206) 325-7166
Woodcrafters Construction LLC,(206) 930-3352
Fix Home Services,(206) 526-1349
West Seattle Design Build,(206) 938-0174
Gaspars Construction,(206) 324-8199
Aurora Plumbing and Electric Supply Inc,(206) 364-1140
Seattle Pacific Construction,(206) 795-5705
Ventana Construction,(206) 932-3009
Benezra Construction,(206) 465-9678
Murphys Chimney Service,(206) 547-7520
HLN Construction,(206) 225-8387
Better Window Cleaning Seattle,(206) 354-4491
Economy Concrete Cutting Service,(206) 525-0541
Yellow Moon Construction,(206) 793-1836
BrightWork Builders,(206) 303-9112
Howies Home Improvement,(206) 491-3962
Your Home Management LLC,(206) 218-9997
Hammer & Hand,(206) 397-0558
Infuse Design,(206) 779-4874
Db Ltd the Periodic Table,(206) 545-0548
Tek-Line Construction,(206) 246-4210
CG Real Estate Ready,(425) 968-5026
Excavators Northwest,(206) 948-2000
McBride Construction Resources,(206) 283-7121
Creative Makeovers and Remodeling,(206) 914-2611
American Environmental Construction,(206) 267-0746
Neil Kelly,(206) 343-2822
Norseman Door,(425) 954-8215
Northwest Shower Door,(206) 264-1010
SKN Works,(206) 375-7021
Compton Lumber Co.,(206) 623-5010
Beacon Hill Glass LLC,(206) 372-4186
Logans Hammer,(206) 718-4008
HBC General Contractors,(206) 883-7998
ShelfGenie,(206) 774-0336
Mountain Top Builders,(206) 601-6598
Urban Oasis Design & Construction,(206) 299-1566
McCashen Construction Company,(206) 524-2509
Tewes Design,(917) 373-7094
Brick By Brick Masonry,(206) 779-1079
Hanson Construction,(206) 781-2193
Cabinetworks,(206) 524-4864
Toth Construction,(206) 242-9093
Charter Construction,(206) 382-1900
Blue Sound Construction,(206) 854-6042
Green City Builders,(206) 235-3322
Omni Construction Company,(206) 938-0128
M O Construction,(206) 354-6095
John S. Morris Construction & Design,(206) 284-7545
Green Home Contractors,(206) 697-2320
Arceneaux Design & Remodel,(206) 854-8174
Tighe Rogers Renovations LLC,(206) 653-5898
Emerald City Fence Company,(206) 382-1490
NW HomeWorks,(253) 844-8900
Western Exposures Construction,(206) 683-9507
J&M Remodel and Repair,(206) 915-5667
Craftwork Construction,(206) 817-8347
AVE Construction,(360) 551-4484
Sausman Floor Coverings,(425) 471-0824
Conner Remodeling & Design,(206) 782-6959
Fuller Living Construction,(206) 261-1594
Timber Lines Construction and Remodel,(206) 383-5052
Urban Steelworks,(206) 725-7573
Klein Contractors,(206) 335-9177
Carlisle Classic Homes,(206) 782-7070
Vic Steiner Carpentry,(206) 789-4317
STS Construction Services,(206) 439-6343
Paintworx Inc,(425) 968-5107
Lion Construction,(206) 919-1633
Kovscek Renovation,(206) 399-8157
All - America Construction & Design LLC,(206) 979-1793
Cooper Painting & Drywall,(206) 225-9332
Superior Interiors-Edmonds,(206) 369-4606
Stone Soup Gardens,(206) 661-7628
Full Bore,(206) 259-0415
Seismic Northwest,(206) 257-1133
CB Construction,(206) 683-6105
Inline Design,(425) 405-5505
Home Performance Collaborative,(206) 673-3170
Northwest Precision Remodeling,(425) 299-2505
GT Residential Contracting,(206) 769-4128
A-FFIX,(206) 284-6226
Ballard Sewer And Construction,(206) 658-7926
Northwest Homework,(206) 725-0852
DMJ Services,(206) 251-0932
Juxtapose Design Build LLC,(206) 669-4090
Johnny B Painting,(206) 992-0088
Helstrom Professional Services,(206) 235-0771
J & M Carpentry,(206) 274-7405
Evan Conklin Plumbing,(206) 793-8303
Multi-M Contracting,(206) 786-7082
Sound Seismic,(206) 352-5644
Daves Appliance Rebuild,(206) 324-3270
Horizon Hardscapes and Concrete Construction,(206) 431-0500
PlumbWorks,(800) 590-4969
Precision Sheet Metal Fabricators,(206) 362-1195
Oaksmith Construction,(206) 853-5991
OConnell Legacy Builders,(206) 271-3920
Jireh Construction Services,(206) 800-7521
Chardoul Sutter Construction Inc,(206) 675-0050
Woodmark Homes,(206) 390-4554
Jim Dandy Sewer & Plumbing,(206) 633-1141
Trends4Homes,(206) 851-7114
Graduate Construction,(360) 840-1604
Great Kitchens,(206) 324-6604
Roanoke Home Restoration,(206) 329-6139
Trius Home Performance,(206) 972-8377
Costigan Construction,(206) 790-7474
The SqueegeeSlinger,(206) 795-5513
Kaiser & Kaiser,(425) 306-8450
EDL Contracting,(206) 229-9293
Seatown Construction,(206) 478-4357
Wall Tools,(206) 402-6584
Proform Construction,(206) 910-0303
MBA Deck and Fence,(206) 999-0166
Johause General Construction Services,(206) 790-7253
Katwall,(206) 223-3699
Revolution Custom Builders,(206) 779-1414
Ncompass Construction LLC,(206) 933-5961
Archetype Renovations,(206) 818-7742
Shingle Town Remodeling,(206) 948-2753
Cornwall Construction,(206) 680-3258
Gopher Construction,(206) 245-2624
Seattle Countertops,(206) 789-3576
Construction Systems Supply Inc,(206) 938-1058
Mount Baker Remodeling,(206) 240-3240
Red Hammer Construction,(206) 931-8682
Eco Roof,(206) 683-5095
M5 Home Renovations and Maintenance,(425) 766-1477
Ballard Builders,(206) 784-7911
Mike Cain Construction,(206) 860-4276
Dorset Construction,(206) 669-0755
Copasetic Homes LLC,(206) 245-0125
Robbins & Co,(206) 244-1023
Pacific Northwest Siding & Windows,(206) 933-8470
Crowley General Construction,(425) 753-0683
Integrity Stonework,(425) 350-7746
Model Remodel,(206) 282-2150
Blue Monkey Painting,(206) 940-0384
Ballard Natural Gas Service,(206) 784-8101
Hardware Northwest Companies,(206) 763-9007
Northwest Sewer Repair,(206) 430-3381
CTA Design Builders,(206) 286-1692
Martins Property Maintenance,(206) 525-1221
New Home Solutions,(206) 799-8643
Helmtru Maintenance and Construction,(206) 774-8811
Beacon Remodeling and Restoration,(206) 200-3935
Velvet Hammer,(206) 228-2263
Bogman Company LLC,(206) 218-6577
NVL Labs,(206) 547-0100
Irons Brothers Construction Inc.,(206) 306-7767
Monnahan Brothers,(206) 283-8780
Authentic Home,(206) 937-3070
Fletcher Remodel & Painting,(425) 753-0445
CR Thompson and Sons,(206) 949-6274
Illuminate Contracting,(206) 497-1961
Hearthstone Interiors,(425) 221-3203
Segalla Construction,(206) 935-1555
Envision Homes,(206) 356-7853
Swithyco Furniture,(206) 786-9024
Smart Solar Solution,(206) 782-7520
Seattle Brickmaster,(425) 736-5185
Washington Sewer & Drain,(206) 330-3029
PNW Smooth Cruising,(425) 998-9809
C & C Construction,(206) 722-6882
Jackson Remodeling,(206) 352-5644
A&E Factory Service via Sears,(800) 905-9505
Inca Marble & Granite,(206) 767-3330
FOUR X FOUR Construction,(206) 849-9014
Seattle Lifestyle Design,(206) 429-5020
Artistic Construction Innovations,(206) 999-1749
Jensen Drywall,(425) 420-5641
Your Total Renovation,(425) 890-9000
Above Plumbing & Contracting,(425) 275-8710
CS Construction,(206) 235-4453
Excel Chimney & Fireplace Service,(206) 679-5586
Robert Capen Construction,(206) 769-9525
UBuildIt - Seattle,(206) 405-4417
Three Guys Concrete,(206) 243-2364
Jamak Enterprises,(206) 383-6268
Design Scales LLC,(206) 745-0284
Granite & Marble Specialties,(425) 282-6323
Madsen Robert Design,(206) 343-1449
Daltile Natural Stone and Slab Center,(206) 763-3004
Kane Construction Services,(206) 850-2024
Seattle Stair & Design,(206) 587-5354
Huis Construction,(206) 240-1823
White Rhino,(206) 963-4260
Exterior Crew,(425) 359-7515
Classic City Homes,(206) 527-6291
Remedies & Repairs,(206) 937-9824
Precision Concepts Construction,(206) 393-2637
Dyna Contracting,(206) 297-6369
Gilligans Repair & Remodel,(206) 406-6054
Promondo,(206) 334-2285
Odyssey Builders,(206) 440-9753
Ainslie-Davis Construction,(206) 325-6717
JAS Design-Build Inc.,(206) 547-6242
Innovative Kitchen & Bath,(425) 415-6800
NW Quality Construction LLC,(425) 223-6163
Jefferson Company,(206) 323-9673
Concept Construction LLC,(206) 841-1170
Re-Done Green Construction,(425) 200-6327
Interactive Remodeling,(425) 443-7944
Seattle Welding,(206) 763-0980
Safeguard Chimney Service Company,(206) 624-6519
All Pro Remodel & Repair,(206) 293-8438
Dochnahl Construction Inc,(425) 255-7416
Heartwood,(206) 767-9787
DreamCatcher Remodeling Inc,(206) 954-3527
GDS Construction & Maintenance,(206) 939-7598
PB Construction,(206) 859-3524
Raynor Custom Renovations & Remodeling,(206) 370-2388
Gas Safety Services,(206) 799-0454
Synapse Construction,(206) 504-3162
Dovetail,(206) 545-0722
Same Day Doors,(206) 550-0438
Caseyco,(206) 595-0050
European Stone & Tile Design,(425) 814-3950
First Choice Grout And Tile,(206) 234-3877
Level Contracting Services LLC,(206) 354-4343
Ralphs Concrete Pumping,(206) 329-5888
Bakstad Construction,(206) 355-0277
TBH Sterling Inc.,(206) 719-3808
All New Again,(888) 485-3333
Arkadia Woodworking,(206) 763-4219
JTM Construction,(206) 587-4000
Cascade Construction Services Inc.,(206) 941-7962
Allied Plastering Co.,(206) 353-5230
A & J Retaining Walls,(206) 423-5384
Statewide Construction & Remodeling,(206) 319-5477
Iconpentron,(206) 764-9237
HomeWorks,(206) 769-8968
Squarehead Home Repair,(206) 579-5361
Studentpainters.net,(877) 841-6019
Singular Design Build LLC,(206) 353-6652
Capstone Granite,(206) 462-4790
The Mad Hatter Chimney Sweep,(206) 274-9168
911 Restoration - Seattle,(206) 203-6155
Kohary Construction & Development,(206) 784-4505
Hood Construction,(206) 419-4220
Adams Residential Contracting,(206) 523-3005
Cmar Construction,(206) 229-9884
Kellogg Construction,(206) 914-2390
Toepfer Construction Company,(206) 633-2073
Teds Chimney Service,(206) 779-3674
Seattle Tank Services,(206) 938-2280
On Demand Construction Co,(425) 870-5909
Cabinetpak of Seattle,(206) 452-3124
Amsberrys Painting Inc.,(425) 485-7381
ACS Seattle,(206) 624-7330
Refresh Northwest Painting,(206) 877-3844
Les Landscaping & Construction,(206) 291-6007
Premier Painting And Construction,(206) 478-6959
J R Plaster & Painting Company,(206) 723-6901
Bathcrest of Seattle,(206) 784-3888
Schuchart,(206) 682-3030
Sound Pacific,(425) 275-3500
Achtens Quality Roofing,(206) 328-6027
First Glass Window Cleaning,(206) 329-7432
Method Finish Carpentry LLC,(206) 465-7003
COUPE aesthetic,(206) 512-4686
Flying Dormer,(206) 361-9819
Quality Painting and Restoration,(206) 763-5900
Star Roofing and Construction Inc,(425) 290-7827
Alpine Fence Company,(206) 248-1310
Seattle Gutter Cleaning LLC,(206) 659-7844
Arbor Construction,(206) 484-5983
Marmo E Granito,(206) 368-0990
Wilson Tile and Marble,(206) 517-4438
Indoor-Restore Environmental Services,(206) 315-7955
AAA & D Northwest Environmental Services INC,(253) 217-2537
Cascade Restoration,(206) 303-9707
J&T Remodeling,(425) 322-6372
Archimedes Stoneworks,(206) 794-9960
GruntWorks Home Services,(206) 257-7190
Arsene Construction,(206) 274-4559
SD One Construction,(206) 304-4888
Green Sherpa Home Energy Specialist,(206) 225-0743
The Cobblestone Company,(206) 365-6595
Watershield Northwest,(206) 499-6888
Batt + Lear,(206) 301-1999
Design Masonry,(206) 682-2201
Agile Building Construction,(206) 696-4626
Interlock Metal Roofing - Washington,(425) 438-8585
Seattle Contractors,(206) 535-2901
Capstone General Contracting Inc.,(425) 736-4565
Come Home,(206) 306-8999
Nordic Services,(206) 522-9570
Cabinetpak Kitchens,(206) 632-7380
Carmines Fine Woodworking,(206) 433-6895
Furnace Doctors,(206) 622-5018
Salmon Bay Woodworks,(206) 612-6698
Seattle Design Build,(206) 343-2822
Method Homes,(206) 789-5553
Universal Guys,(206) 823-4618
Lesser Stephan J Woodworking,(206) 782-9463
CR Mills Construction,(206) 769-4087
Rife Construction,(206) 962-8017
Mad Dog Remodeling,(206) 525-4721
Dog Construction,(206) 713-0892
Seattle Garage Door Repair,(800) 491-5697
Seattle Drain Service,(206) 471-3008
Wick Homes,(206) 523-1624
Gerry Homes,(206) 849-1270
S & K Advantage Contracting,(425) 306-3375
Avelar Construction,(425) 739-6713
Innova Construction,(888) 588-4428
McKinney Group,(206) 669-1230
Heartwood Builders,(206) 632-0310
A+ Always Quality Painting,(206) 229-2547
Axilles Builders INC,(206) 406-7446
Martin & Sons Contractors,(425) 908-9189
AOME Architects,(206) 622-3304
Pacific Living Construction,(206) 678-5477
Metropolitan Contracting LLC,(206) 223-4900
Custom Builders Inc,(206) 330-0327
W Pro Design,(206) 422-1482
Evergreen Tractor,(206) 264-8551
Integrated Mangement Solutions Inc,(206) 682-3092
R R Boulanger Construction,(425) 442-6239
Sagmoen Builders,(206) 371-8003
Build N Save,(206) 446-5252
Blue Canyon Construction,(206) 368-8825
Talon Enterprise,(206) 762-3411
Nu Jan Building Services,(206) 905-3684
Stevenson Roofing,(206) 725-9050
Integrated Cleaning Solutions,(206) 897-8568
Maverick Specialty Contracting,(206) 285-0703
Belldecks Coatings,(206) 549-0272
Bruce Leone General Contractor,(206) 930-7061
Apopei Construction,(425) 359-2366
Rucon.build LLC,(425) 343-3667
Spectrum Fine Woodworking,(206) 932-9058
Legend Garage Door Repair,(888) 666-3136
Pathway Design & Construction,(206) 937-4809
Urban - Renovation,(206) 999-1243
Aldrich Construction Services,(206) 763-3433
Gary D Torgerson Company,(206) 781-0999
Brian Light Building Services,(949) 607-7750
Stout Remodelers,(206) 300-3220
QualTM General Construction,(206) 486-2586
Steven L Gerken Construction,(206) 354-9791
Mark Bullis Construction,(206) 556-1436
Against The Grain Construction,(206) 353-1559
Dianes Tank Removal Services,(206) 510-9497
West Coast Masonry,(206) 458-4987
Superior Chimney Service,(206) 363-2880
Lakeview Design & Construction,(206) 323-8380
Spar-Clean Janitorial,(206) 498-3164
Home Owners Club,(206) 622-3500
TrueBuilders INC,(206) 420-8281
Air Associates,(206) 282-4993
Ismaels Construction LLC,(206) 408-1826
Sun Construction,(206) 284-4441
Green CLean LLC,(425) 985-3717
Affordable Asphalt & Sealcoating Company,(206) 504-3201
Potter Construction,(206) 935-9696
Karlstrom Associates Inc,(206) 522-5022
Green Lake Remodel LLC,(425) 985-3717
Run My Renovation,(206) 406-8576
AIP Custom Builders and Remodeling Contractors,(206) 388-8047
LauraZB Design,(206) 579-5750
Bills Quality Construction & Remodel,(206) 601-6753
Seattle Construction Resources,(206) 282-7500
Grand JK Cabinetry,(253) 236-0742
Van Zandt Development + Building,(206) 406-1163
Tile and Grout Innovation,(425) 269-6619
Quans Construction Services LLC,(206) 335-2653
Arquivision Northwest,(425) 652-9486
Lindal Cedar Homes,(206) 725-0900
Walsh Construction,(206) 467-5248
Lyon Painting,(206) 356-5369
Ian Jones Design Build LLC,(206) 257-1310
Westhill,(425) 483-0999
GENCON,(206) 542-1300
DI 5 Contracting Inc,(206) 356-6226
Integrity Fence,(206) 281-1244
Handyman Matters,(206) 352-8008
Anthonies Hardwood Floors,(206) 242-7252
Creative Home Renovations,(206) 334-2313
Harbor General Contracting,(800) 231-6233
Marquiss Construction,(206) 328-3528
Roman Construction,(206) 422-8662
MM Comfort Systems,(206) 542-9100
Advantaclean,(425) 649-0600
Staples Digital Marketing,(508) 297-6340
D+A Studio,(206) 706-2565
Amazing Siding of Seattle,(206) 575-8979
Swanberg Carpentry,(206) 352-9396
A2Z Construction,(206) 778-9824
One Step Environmental Abatement,(206) 835-9733
Andres Michelle,(206) 783-5675
Fradkin Fine Construction Inc.,(206) 706-1123
Cubos Garage Door Services,(206) 786-9843
MP Services Inc,(206) 295-1416
Bnbuilders Inc.,(206) 382-3443
Custom Builders,(206) 496-0937
Northwest Residential Remodeling,(206) 792-9263
MGL Homes,(206) 605-4866
Mode Construction,(425) 577-9070
Right Price Remodeling,(206) 931-3070
O.B. Williams Company,(206) 623-2494
Emerald City Janitorial,(206) 427-0534
Synapse Product Development,(206) 381-0898
Master Crafters,(206) 496-5346
Tripp Construction LLC,(206) 890-4920
The Mad Hatter Chimney Sweep Seattle,(206) 274-6409
Gregs Concrete Construction,(206) 352-7310
Ethos Design,(206) 979-2269
Belt Collins Northwest LLC,(206) 285-4395
Salmon Bay Tank,(206) 274-7991
Fine Construction,(206) 938-2300
AAA All City Contracting,(866) 896-2489
PSF Mechanical,(206) 764-9663
Seattle Restoration Specialists,(206) 330-0141
Clearwater Leak Detection,(206) 682-1692
Plan One,(206) 352-9248
Dpr Construction,(206) 292-4800
Chaco Canyon Designs,(206) 227-0289
Thomas Jacobson Construction,(206) 720-1800
Alta Floors and Tile,(206) 661-2460
Artisan Drywall & Construction LLC,(206) 818-7461
Nicks Construction Services,(425) 876-6086
Best Choice Home Improvements,(206) 575-4099
Adaptive Installations,(206) 762-1969
Mooney Keith Construction,(206) 431-1494
Storage Overhead Systems,(206) 624-4774
Home Innovations,(866) 994-7677
Three Guys Construction,(206) 243-2364
Remodeling Contractor Seattle,(877) 453-1940
Peninsula Contracting Services,(206) 200-1089
Sunny Construction Company,(206) 375-8302
Dwellcraft,(206) 999-9735
The Contractor Development & Competativeness Center,(206) 323-0721
Northwest Teamworks Construction,(206) 612-4516
Masis Contractor,(206) 510-8575
Water Damage Seattle,(206) 237-0900
Cascade Glass Company,(206) 284-1100
Zephyr Construction Inc,(206) 691-0733
Mishkov Construction Group,(425) 761-4214
Arnott Construction,(206) 525-4330
Lakeville Construction,(425) 453-8388
Remodeling Chambers,(206) 395-8453
Highlands Welding Repair Inc,(206) 283-0080
Marpac Construction,(206) 329-4992
Pacific West Construction And Maintenance,(206) 860-6901
Puroclean Disaster Services,(206) 708-2222
Paragon Masonry & Fence,(206) 402-1626
Schuchart Dow,(206) 633-3003
Sideworks,(206) 235-1275
North West Home Detailers,(206) 457-2237
Glassworks Inc. Architectural Art Glass,(206) 441-4268
American Crawlspace Cleanouts,(425) 742-8764
Millwork Installations,(206) 356-1055
UNIQ Interiors,(425) 522-4481
Deciduous Designs,(206) 547-9901
JB Construction,(206) 465-5412
FORMA Construction Company,(206) 626-0256
Seattle Sun Systems,(206) 343-2822
Terrain Build Inc.,(206) 607-7761
Prima Plumbing,(206) 706-0300
Garner Construction Wbe,(206) 524-4144
Summit Clean Air LLC,(206) 792-7679
Terrapinworks LLC,(206) 683-0020
Rudd Development Company,(206) 861-0100
JDP Construction,(206) 735-4587
Exxel Pacific,(206) 453-1005
J&J Concrete Construction,(253) 334-3800
Saltaire Construction,(206) 583-0611
Sound Contracting and Services,(206) 777-4162
Kitchen Plus,(425) 462-0375
Davis Door Service,(206) 324-9101
RJ Day Construction,(206) 395-2281
Baywolf Dalton Inc,(206) 523-1123
Roofing Contractor,(360) 347-1054
Seattle Construction & Tile,(206) 551-0939
Otto Rosenau & Associates Inc.,(206) 725-4600
Paul Langlois GC,(206) 434-1974
HelmBuilds,(206) 419-3973
Handyman On-Time,(360) 220-5028
DNG Construction Inc,(206) 860-7154
Epic Home Remodelers Seattle,(942) 783-8564
Stack Plumbing Inc,(425) 821-0989
Elite Construction Services LLC,(425) 341-0345
Bowman Refrigeration,(206) 706-3033
Olympic Rockeries & Construction,(206) 387-6294
Healy Plastering and Stucco,(206) 349-1293
Anderson Construction Group,(206) 329-2878
Sound Home Performance: A division of Puget Sound Solar,(206) 402-6926
Dovetail,(206) 706-5291
Mercury Construction,(206) 999-8508
Alloy Design Group,(206) 325-0147
Northwest Blinds Cleaners,(206) 999-0033
H M S Construction,(206) 440-8969
S Griffin Construction,(206) 284-4342
Mike Freund General Contractor,(206) 414-8408
Build Love,(206) 789-1074
Styles Global Building,(206) 370-9345
Gaul Construction,(206) 850-5780
Quantum Engineering & Develop Ment,(206) 522-4270
True Built,(206) 607-9169
Lockhart-Suver,(206) 545-7800
Evans Glass,(800) 875-2250
Precision Stone and Arbor,(425) 202-0344
Homeworks,(206) 769-8968
Christensen Roofing Co,(206) 782-2819
Pioneer Masonry Restoration Company,(206) 782-4331
H W Hill Co Inc,(206) 526-0534
B-Squared Construction,(206) 745-9208
D Z Construction,(206) 604-7134
Powers Contracting,(206) 372-1088
Elwell Concrete & Contracting,(206) 255-8870
Bruce Matson Company,(206) 575-7810
Belanich Builders & Remodeling Home Services,(206) 909-1002
VianiS Paint & Remodel,(206) 451-7349
Vertical Construction Group,(206) 228-0135
J&A Kitchen and Bath Remodeling,(206) 832-7697
Builtwell Construction & Services Company,(206) 522-8900
HomeStyling Design,(206) 729-9304
SKN Remodling,(425) 737-1507
Quinn Co Enterprises,(206) 659-7393
Schwed Remodeling,(206) 359-2474
The Tinman,(206) 270-8550
R&R Foundation Specialists,(206) 489-0297
Kinesis Construction Inc.,(206) 930-1659
J Franklyn Design Group,(206) 526-0402
SideWorks,(206) 235-1275
Harmatta Construction,(206) 284-6612
Ambrose Construction,(206) 455-9110
PacWest Services,(425) 273-1050
HHL Insulation,(206) 510-8800
Woodmasters Construction,(206) 932-7162
Lastingnest inc,(206) 550-0326
Newtown Builders,(206) 764-9200
Stevedoring Svcs of America,(206) 654-3700
McKinstry Joseph Construction Company,(206) 723-4651
Schaefer Construction,(206) 601-0687
Mr. Rooter Plumbing of Seattle,(206) 866-2836
Berta Construction,(206) 890-3945
Property Doctors,(425) 635-8964
The House Doctor,(206) 933-8307
LUXURY BATH OF SEATTLE,(425) 881-7744
On Level Services,(360) 333-2829
True Wood Working,(206) 795-1848
Powell Construction,(206) 439-9192
Urban Arcadia Builders,(206) 729-0361
Soleil Development,(206) 282-9270
Kruse Brothers Construction,(206) 932-1014
Lockhart Suver,(206) 545-7800
Green Construction Services,(206) 283-2551
Js & J Builders,(206) 547-5799
Jim Braden Cement Contractor,(206) 527-7635
Schaefer Construction,(206) 601-0687
Belfor,(206) 632-0800
Done to Spec Handyman & Contracting Services,(425) 996-9559
Saber Construction,(425) 867-5035
Silver Peak Contracting Services,(206) 852-4588
Tatley Grund,(206) 523-4653
Barrier Fence Company,(206) 783-0971
Warden Construction,(206) 778-8384
Takisaki Mj,(206) 324-4448
Schultis Sundberg,(206) 317-4432
Hillside Ceramic and Stone,(206) 550-6894
Not A Problem,(206) 708-7441
Joseph J Jefferson & Son,(206) 633-2944
Morrows PNW Construction & Remodeling,(253) 569-5725
HomeMasters,(206) 326-0886
Blue Water Design Build,(206) 783-0381
Abode Builders,(206) 660-2015
Claddagh Construction,(206) 679-5812
West Coast Development Service,(206) 462-1320
A N A Tree Service LLC,(206) 433-8767
Granite Countertops Seattle,(206) 395-6630
Artifex Construction,(206) 708-5109
Taggart Woodworks,(206) 303-0192
Clear View Construction,(206) 948-4735
Republic Services,(206) 332-7777
Hampton Hill Cabinets & Design,(206) 402-4950
Total Home Improvement,(206) 941-3791
Masonry Specialties,(425) 754-7397
Annarthur Homes,(254) 258-6961
Cascade Construction & Clean-Up,(425) 345-6427
Expert Marble & Granite,(206) 938-7662
All Clear INC,(206) 938-5847
Avalon NW,(206) 325-1666
SME Inc of Seattle,(206) 329-2040
Top Shelf Construction,(425) 773-2749
Eakman Construction,(206) 972-2275
Lasting Impressions Residential Remodeling,(206) 789-7003
Market Ready Company,(206) 371-1418
Mo Construction,(206) 354-6095
DO-IT-RIGHT Services,(206) 508-6335
Fine Construction,(206) 938-2300
West Seattle Handy Man,(266) 935-2323
P&M Construction,(206) 935-8910
Rainier Construction,(206) 714-4543
Manson Construction Company,(206) 762-0850
Mitchell Mechanical Inc.,(206) 658-8189
A B Corliss Company,(206) 762-1660
1 Garage Doors & Gates,(206) 629-6385
Brongil Building,(206) 683-9929
American Olean Sales Service Center,(206) 505-9534
Clear View Construction,(206) 788-7833
Hazel Point Company,(206) 361-3671
SPACE: A Design Build Collective,(206) 963-4400
Quality Builders,(206) 902-8561
Seattles Best Remodeling and Cabinetry,(206) 632-9800
Alexander F William,(206) 328-2700
Citywide Floor Service,(206) 255-5775
Legend Remodeling,(866) 699-5096
Faze Two,(206) 523-6532
IHS Contractors,(206) 551-5161
Relius Service & Repair,(253) 350-4263
Cascade Design Build,(206) 632-4300
Toss the Tub,(866) 264-8960
HKI Building Inspections,(206) 525-6224
Daltile Sales Service Center,(206) 762-6620
Andy Construction,(206) 601-6080
Pennington Construction,(206) 551-5441
Saint-Gobain Containers Dsl Line,(206) 763-2971
Marble Design,(425) 444-0132
Marine Vacuum Service Dba Mar-Vac,(206) 762-0240
Emerald Isle Tile LLC,(206) 466-2995
Pinnacle Painting Inc,(206) 784-5790
PAVEMENT CONSULTANTS,(206) 523-9796
FX Remodeling & Exterior,(360) 813-6371
West Seattle Roofing,(206) 937-8849
Daltile Design Gallery & Showroom,(206) 763-0940
Orion Rockscapes,(206) 784-9529
Creative Colleague Construction,(206) 419-9369
Gateway Construction Services,(206) 621-9111
Howard S Wright Construction Company,(206) 447-7654
NBU Construction,(206) 601-9609
Sellen Construction,(206) 381-3233
24 Hour Flood Rescue,(206) 453-6779
Associated General Contractors of Washington Education Foundatio,(206) 284-4500
Hoffman Construction Company,(206) 286-6697
Associated General Contractors of Washington,(206) 284-0061
Jeff Sellen Design,(425) 444-5754
Sellen Construction Company,(206) 682-7770
Clark Wg Construction Company,(206) 624-5244
Shanska USA Building,(206) 726-8000
Harbour Homes,(206) 352-9437
East Bay Construction,(206) 285-0745
Badger Consulting Service,(206) 691-1261
Advanced Masonry Services,(206) 588-3367
Adatto Construction,(206) 652-5300
OBrien Design and Build,(206) 829-8148
Turner Construction Amgen,(206) 529-3400
Hoffman Construction Company,(206) 286-6697
Graham Contracting,(206) 441-3004
Colonna Remodel And Repair LLC,(206) 852-6977
Spar-Clean Janitorial,(206) 498-3164
S G Taylor Construction,(206) 286-1615
InHouse Remodel,(206) 650-3772
Quality Custom Interiors LLC,(800) 357-1793
Wg Clark Construction,(206) 325-0689
True Clean,(206) 452-2774
Wahlquist Construction Company,(206) 731-9526
P & D Contractors,(206) 784-7369
International Architectural Services,(206) 727-0765
Holman Construction and Remodeling Inc,(206) 283-8176
Varsity Contractors,(206) 292-8934
Je Dunn,(206) 965-1620
3D Roofing Contractors,(206) 408-1698
Lugo Construction,(206) 284-6173
Roofing Contractor - Seattle Roofing,(206) 607-6569
Baley Roofing Contractors,(206) 452-5193
All Seasons Retractable Awnings,(206) 452-5199
Rebound Seattle Building & Construction,(206) 441-7364
RB Tile & Stone,(206) 629-7156
Caledonia Bay Builders,(206) 320-1048
Seattle Style Remodel and Landscaping,(425) 444-2638
Built Sturdy Construction,(951) 306-8150
Atlas Glass & Construction,(206) 351-8625
Vpi,(206) 763-6601
Flip Builders,(206) 441-5270
Northwest Concrete,(206) 408-1819
R C Hedreen,(206) 625-1543
Windermere Builder Services,(206) 443-5444
Black Diamond Mobile Media Blasting,(206) 422-4751
Juarez Construction,(206) 854-8927
Mayfield Companies,(206) 382-6147
Global Tech Building Services,(206) 903-0349
A Fine Fix Home Improvement Inc.,(425) 770-6626
Stordahl Daniel J,(206) 262-9271
Charles Wright Construction,(206) 679-0164
Riverbend Design Group,(206) 223-9866
Robert Sabelle Holistic Counseling,(206) 903-9590
General Services Admin,(206) 624-0014
Vesta Home Performance Retrofitting,(206) 919-6770
Gemini Properties,(206) 682-1199
Seattle Superior Waterproofing,(206) 781-1555
Riehl Construction Services,(206) 322-1144
Unimark Construction Group,(206) 628-5110
Service Mark,(206) 373-7171
Ultimate Ceilings,(206) 255-3293
A1 Asphalt Paving,(206) 749-0562
Clean Cuts Inc,(425) 247-5034
Pioneer Construction,(206) 325-6580
McKinstry,(206) 762-1133
Harpers Construction,(206) 499-3467
Earthworx Associates,(206) 930-1550
Gilman Construction,(206) 467-6009
New Dimensions-General Contractors,(425) 556-8393
Fjelstad Stephan O,(206) 340-6100
Emerald City Building Group,(206) 280-0199
Woodworks 360,(206) 669-3792
NOVO Painting & Property Services,(206) 639-0615
Structural Systems Engineering,(206) 285-0861
Studio C,(206) 650-1023
BP Custom Woodworks LLC,(206) 214-7792
Nouveau Construction,(206) 877-3235
Bukowski-Korsmo,(206) 448-0513
Art Church Construction,(206) 364-3535
Halbrook Painting,(206) 363-3167
West Seattle Construction,(206) 938-7832
Milligan Construction,(206) 365-2996
Bruces Shakemill & Roofing,(206) 839-1223
Swedish Contractors,(206) 789-6166
R & H Masonry,(206) 447-2014
Fauske Tree Service,(206) 244-8140
Southend Dumptruck & Bobcat Services,(206) 439-7484
B&D Rockeries,(206) 362-4022
Mike Werlech Construction,(206) 937-2208
Stenson F Lee,(206) 241-7738
Maple Leaf Construction,(206) 527-6335
Gary Merlino Construction,(206) 623-1414
B and G Building Inspection Service,(206) 622-3550
NE Kind Construction,(206) 242-8616
Penwell & Assoc,(206) 248-0031
Dow Construction Stone Shop,(206) 405-4050
Blue Sky Steel Phoenix Builders,(206) 760-8469
Square Deal Custom Construction,(206) 988-6640
All Weather Exteriors,(206) 447-9867
Aarrow Sandblasting,(206) 762-1350
All Seasons Concrete Construction,(206) 382-1304
U Buildit,(206) 405-4417
AA Contractor Services,(206) 364-5300
Armstrong Construction Company,(206) 623-7617
Sabella Robert,(206) 903-9590
Granco Construction,(206) 329-8007
Cramer Steven D & Associates,(206) 935-9660
Kohl Construction & Remodeling,(206) 760-1272
Affordable Seal Coating & Parking Lot Maintenance,(206) 624-2204
Synergy Plus,(206) 431-0933
Berschauer Phillips Construction,(206) 626-0256
Levin Construction,(206) 938-3340
Boston West Properties,(206) 284-8003
Bellan Construction,(206) 329-3121
T W Henderson Construction,(206) 783-3799
Signet Retail Construction,(206) 932-4600
Thornberg Construction Company,(206) 283-0423
Aloha Landscape Construction,(206) 621-0608
Joyner Rodney N,(206) 933-8307
Northwest Construction,(206) 624-1805
Ott Mike,(206) 782-0252
Tim Owen Construction,(206) 443-8351
Pkm General Contractors,(206) 783-6100
Enhelder Construction,(206) 624-4405
Custom Bath Tub and Tile Reglazers,(206) 622-1499
Buildserv,(206) 568-2311
Master Construction Corporation,(206) 763-4290
Burnham Builders,(206) 789-8645
Tucker Construction,(206) 440-7083
Covenant Construction Mgmt,(206) 363-0235
Cramer Construction,(206) 935-9660
Cramer Steven D & Associates Construction & Land Development,(206) 935-9660
Regal Construction,(206) 621-8780
Partners Construction,(206) 575-7429
Novito Construction,(206) 935-4706
Markus Frederick General Contractors,(206) 219-1610
Mittendorf Quality Constructi Ion,(206) 283-1013
Hi-Tech Construction,(509) 886-5049
The House Doctor,(206) 933-8307
Urban Elements,(206) 412-7479
Daniels Development Company,(206) 382-4600
Gary Merlino Construction,(206) 329-1208
United Builders Ofwashington,(206) 328-3366
Krekow Jennings,(206) 625-0505
Kelly-Ryan,(206) 322-3705
Habitat Landscape Construction,(206) 329-4158
The Pidique Corporation,(425) 591-4388
Mode Contracting,(206) 245-8222
Taconic Builders,(206) 625-2119
Leathercare,(206) 286-1866
RDH Building Sciences,(206) 324-2272
Ward Jack,(206) 632-0477
Porter Construction,(206) 634-2955
Axiom Constructors,(206) 283-9535
Construction Systems & Management,(206) 233-0758
Lawless Construction Corporation,(206) 233-9800
1st Place Striping,(425) 357-8249
Pride General Contracting,(206) 381-8444
World Class Contractor,(425) 551-9324
Matter Group,(206) 632-2550
Context Custom Builders,(206) 324-1763
J D Johnson Construction & Design,(206) 937-6432
Lee Construction,(206) 282-3571
Johnson & Hunter,(206) 352-7900
Alia Rl Company,(206) 382-4495
Ri Alia Company,(206) 621-8375
Turner Construction,(206) 839-1104
Custom Builders,(206) 330-0327
Kona Travel,(206) 632-6607
Constructors-Pacific Company,(206) 632-6607
Dally Properties,(206) 328-3770
Group West Companies,(206) 826-4447
Sonic Remodel Nw,(206) 579-1385
Daviscourt Construction,(206) 634-1100
Slone Construction,(509) 630-3111
Waterfront Construction,(206) 548-9800
Flip Builders,(206) 548-0800
Handley Page Design Build,(206) 363-2635
Schultz Miller,(206) 281-1234
Abacus Fine Carpentry,(206) 730-2771
Burton Construction,(206) 547-1116
Ferris-Turney General Contractors,(206) 632-2797
J&F Construction,(206) 920-9060
Turner Construction Company,(206) 505-6600
Turner Construction-Special Projects Division,(206) 505-6700
The Vemo Company,(206) 633-5222
Mar Properties,(206) 323-2700
State of the Art Installation,(206) 909-1172
Design Construction Heritage,(206) 634-1989
Slag Design Build,(914) 960-3554
Ethan Construction,(206) 621-1325
Saibot Construction,(206) 420-8807
Manson Construction,(206) 284-2720
T M Construction,(206) 283-6205
Husky Construction,(425) 736-2164
NW Contour Building Company,(206) 498-8555
Craftworks Construction,(206) 226-8919
N Works,(206) 734-4242
Emerald City Fine Painting & Construction,(360) 467-2667
Vasa Construction,(206) 661-7525
Reed Construction Project,(206) 352-7343
Contractors Resource Center,(206) 329-7804
P-3 Pacific Pavement Protection,(206) 760-8600
Harjo Construction,(206) 909-6312
American Environmental Construction LLC,(206) 267-0746
Seattle Handyman Pros,(206) 491-7573
Shanska USA Building,(206) 726-8000
Affordable Renovation,(206) 729-7079
MRJ Constructors,(206) 621-7437
U S Construction & Supply,(206) 633-2929
Emerald City Mosaic,(206) 251-4320
Salish Builders,(206) 588-5960
Earthquake Retrofit and Home Improvement Services,(206) 784-7955
Phillips General Contracting,(206) 251-7525
Atlas Plumbing Contracting Co,(206) 728-1689
Monterra,(206) 213-0867
Franklin Pacific Construction,(206) 621-7484
Mullally A J Contr,(206) 362-1600
Skada Con,(206) 226-4187
Lions Share Estate Services,(206) 709-8830
Buck Creek Construction,(206) 369-6280
Dbm Contractors,(253) 838-1402
Cast Design Build,(206) 256-9886
Johnson Brothers Construction,(206) 367-8036
Village Framers Corporation,(206) 297-2087
Windward Contracting,(206) 660-0607
Crist Landscaping,(206) 818-3410
Tiger Cat Construction,(206) 297-5997
Coastline Construction,(206) 522-0642
Lewis + Smith,(206) 402-4088
Spectrum Building Services,(206) 284-4749
Seattle Framing Co,(206) 547-0380
Robison P H,(206) 325-7709
Cascade Design/Build,(206) 632-4300
MossProof,(206) 557-6084
Hensel Phelps Construction Uw,(206) 547-8256
BH Contracting Services,(425) 462-6260
Mathers Construction,(206) 282-8986
Gray David Construction,(206) 325-9213
Seattle Signature Homes,(206) 633-6228
Alco Construction Alan Condiotty,(206) 725-6750
Greenlake Cabinet & Construction,(206) 362-3700
H B Construction,(801) 725-7351
Vertigo High Access Services,(206) 720-4589
DR Bourg Construction,(206) 409-3872
We Honey Do,(425) 775-6123
Dave West Creations,(206) 369-7588
Bouwer Construction Co,(206) 623-3355
Union Bay Woodworks LLC,(206) 289-0160
Brooks Construction,(206) 245-5950
Baugh Soto Center Construction,(206) 623-4589
Paulsen Construction Services,(360) 703-9717
Woodman Construction,(206) 729-1521
Aseo Construction,(206) 434-6731
Adb Construction Services,(206) 217-2003
Fiorito Brothers Contr,(206) 789-6110
Specialty Finish,(206) 842-3650
Simmons Joseph S Construction,(206) 362-7227
Northwest Construction Consumer Concil,(206) 281-4201
Brace Point Carpentry,(206) 935-5900
Contract Fixtures,(206) 682-3354
Oma,(206) 262-1721
Kenco Construction,(425) 823-0599
Student Employment Services,(206) 971-3510
Casals Custom Services,(425) 606-7678
Austin Mac Inc,(206) 624-7066
DDJ Plastering,(206) 816-9089
Performance Contracting,(206) 623-8750
Canright Construction Corporation,(206) 281-0220
Johnson Douglas and Company,(206) 322-1399
Pacific Sky Power,(206) 466-2895
Seaboard Construction,(206) 781-0799
Grevstad Construction,(206) 524-4003
All Angled Construction,(360) 340-5740
Flavors Home Repair,(206) 579-3222
American Construction,(206) 650-3765
Granite & Marble Innovations,(206) 664-1897
Seattle Asbestos Boiler and Pipe Abatement,(206) 693-3717
Puget Sound Property Services,(253) 238-5064
C N Drilling,(206) 706-8198
Northwest Stair & Rail,(425) 348-7880
Adex Finish Carpentry,(206) 777-5927
Johnson Lyric Construction Company,(206) 784-2323
LScarpentry,(206) 300-5891
Green Ally,(425) 471-9700
Plum Project Services,(206) 890-1285
Tangent Construction,(206) 784-0596
Laborworks,(206) 781-8582
Labor Works,(206) 781-8582
Ethan Construction,(206) 447-0263
Deeny Construction Company,(206) 722-0633
Holme Builders,(206) 723-1408
Rockwinn Custom Homes,(206) 352-8100
Jr Abbott Construction,(206) 467-8500
Quality Construction Company,(206) 782-0252
Triad Development Inc.,(206) 527-1158
Contemporary Countertops,(206) 233-0175
