Jerrys Improvements and Restorations,(813) 867-4514
Sun Bay Builders,(727) 525-2405
Craft Max Development,(727) 638-2080
Mr Build,(941) 746-5838
Tricolor Flooring,(813) 645-1201
Trinicon,(888) 521-5667
Environmental Protective Solutions,(813) 438-5937
California Pools - Tampa Bay,(800) 282-7665
Quality Garage Door Services,(727) 898-8711
Area Wide Door and Window Systems Inc,(727) 585-6131
Quality Indoor Environments,(813) 731-5676
Ryman Construction Inc,(813) 782-6094
Luxury Bath,(727) 304-6854
Pasco Window & Door,(352) 666-7200
Suncoast Building Contractors,(727) 623-1036
Wally Orton Carpentry,(630) 827-9790
Affordable Aluminum Construction,(727) 585-0552
Sun N Sand Glass & Mirror,(727) 600-6124
Radle Rooter Sewer & Drains,(727) 265-1911
Paver House,(727) 530-1400
Bayshore Custom Homes,(813) 444-1414
Fence Facelift,(813) 423-1875
Hendra & Associates,(813) 419-7878
Jamco Unlimited,(727) 412-8524
Moes Total Home Care,(813) 810-7066
Restoreall,(813) 882-4921
Leverette Home Design Center,(727) 222-0697
The Groutsmith,(941) 924-4433
Joseph Corlett LLC,(248) 842-5693
Rockys Kitchen & Bath Remodeling,(727) 466-4086
Builtry,(813) 404-1675
Caroline Construction,(813) 931-4611
Mr Pro Home Improvement,(941) 504-8158
Bio Restore 24,(888) 246-9024
DSapone - Sarasotas Tile and Grout Restoration,(941) 225-2990
Discount Aluminum,(727) 868-6489
Freeman Enmeier Enterprises,(941) 677-8311
AJD Building Contractors Inc,(727) 789-3973
Pool Perfection LLC,(727) 410-7655
KB Builders,(813) 360-3151
S&W Kitchens,(813) 489-9372
Asper Inc Plumbing,(727) 657-1159
Shore Commercial Services,(727) 862-7727
LRG General Contracting Services,(727) 563-6368
Florida Re-Bath,(727) 545-5000
Allen Masonry & General Contractor,(813) 597-3289
Ocean Reef Pools and Spas,(727) 743-2626
Lord General Contractors Corporation,(727) 398-0008
Seaview Contracting Services,(757) 376-6963
Premium Hard Surfaces,(813) 477-4143
PC&B Construction,(727) 648-2484
Scherer Construction of West Florida,(727) 321-8111
ProGlaze Solutions,(941) 302-4322
Clean Sweep Duct Cleaning,(727) 289-1644
Florida Concrete Coating,(877) 777-4556
SB Sheds and Carports,(352) 563-5800
BrightDay Construction Services LLC,(813) 400-0445
Tech Restorations,(773) 510-4340
S&W Kitchens,(727) 810-3265
TNT Quality Builders,(813) 237-7663
Final Draft Inc,(941) 752-7574
Prestige Plumbing & Restoration,(813) 749-6164
Supreme International USA,(813) 252-3712
Trinity Structures Inc.,(813) 644-9517
Sharper Image Pools,(727) 577-9500
Nujak Development Inc,(863) 686-1565
Renovate and Build,(727) 329-8819
All Status Construction & Contracting,(727) 743-4348
H.E. Feldman & Son Inc,(727) 409-3873
Above and Beyond Services,(888) 240-1122
Concrete Ideas,(813) 857-1099
Artisan Total Solutions,(813) 458-5832
McGowan Homes,(727) 417-4111
Kiernan Remodeling + Design Inc,(941) 748-1219
Vance L Milton Construction,(352) 668-4209
Imperi Corp,(727) 458-7748
1st Rate Service USA,(941) 315-7546
Abode Builders LLC,(727) 525-1011
Beazer Homes,(813) 299-3822
Extreme Home Improvements,(727) 657-7331
Florida Pro Exteriors,(813) 770-1111
Popa Construction,(888) 412-4441
Tampa Aluminum Fence,(813) 388-9227
Laszlo Construction,(727) 804-6553
Boothe Construction,(727) 319-0093
Jancar Inc,(727) 522-2381
Collective Construction & Interiors,(727) 657-1670
Coastal Contracting Services,(727) 398-4948
All Surfaces Plus,(409) 220-1439
CER Design Build,(813) 666-2419
Roman Plumbing,(727) 858-3412
Professional Flooring Removal Services,(813) 732-6828
Pauls Home Pro,(813) 546-3252
Builders Without Boundaries,(727) 466-8316
Professional Restoration Services of Tampa Bay,(727) 669-2837
Historic Shed,(813) 333-2249
Bay Tile Kitchen and Bath,(727) 725-8453
Phillips Contracting Inc,(941) 483-3800
Built Strong Sheds and Buildings,(813) 779-7433
Borregard Construction Inc,(352) 567-9988
Gulfside Air Conditioning & Heating LLC,(941) 962-6863
Build America,(727) 776-9023
A&D Welding Services,(727) 546-4140
KB Tech,(813) 495-5917
Tampa Bay General Contractors,(813) 335-5562
ServiceMaster SRQ,(941) 377-2455
Phils Handy Service,(813) 839-3433
RS Enterprises,(727) 348-6677
Classic Construction,(813) 435-8338
BestMade Kitchens and Baths,(727) 643-1786
Dog Days Pool Service,(727) 791-6012
Door Doctor,(813) 962-4321
G&R Installations Inc.,(352) 293-6820
Ocean Construction LLC,(813) 949-5333
CKC Of Tampa Bay Inc.,(813) 841-8437
Belleair Construction LLC,(727) 481-6189
Professional Inspection & Construction Services LLC,(813) 690-2501
Acme Electrical Services,(813) 878-2263
Alvarez Homes,(813) 969-3033
Sr. Screen Inc,(727) 224-6999
C & B Craftsman,(727) 831-3285
Certified Foundations Inc,(863) 859-3889
Creative Custom Contracting,(727) 308-9358
Harris Plumbing,(727) 733-7900
IGM SERVICES LLC,(727) 798-0476
Van Selow Design Build,(727) 391-2959
David Getchell,(727) 422-0671
Rose Building Contractors,(727) 596-2390
Hills Brothers Construction,(727) 831-4999
Coastal Construction Gulfside Docks,(727) 847-4300
Danielle Fence Manufacturing Company Inc,(863) 425-3182
HydroShield Tampa Bay,(813) 446-6332
Avalon Building Corp of Tampa Bay,(813) 907-3431
Jon Myers Roofing & Construction,(727) 447-2764
Krown Service LLC,(727) 743-4644
Affordable Plus Remodeling,(727) 823-3829
Kitchen Solvers of the Gulf Coast,(727) 644-3784
AAA Water Damage,(727) 501-9283
Down Under Construction Services Inc.,(727) 593-1333
Pinellas Pros,(937) 790-0850
Clearwater Best Roofing Contractors,(727) 269-5858
1800Marbleguy,(727) 328-1400
Supermoms Painting,(863) 255-3419
Corey Co,(813) 469-1203
The Handyman Company,(813) 626-3663
Angels Pro Cabinetry,(813) 394-5985
Axley Bros Saw Mill,(727) 531-8724
Bayfair Homes,(813) 875-3800
EveryDayPlumber.com,(813) 872-0200
Paul Davis Restoration & Remodeling of Tampa,(813) 984-2700
Independent Electrical Contractors Florida,(727) 499-0727
Vaughan Yost Construction,(727) 725-8333
NextGen Restoration,(813) 962-6855
Palmwood Construction,(352) 597-2100
Electrical Handyman Service Inc.,(813) 901-8185
Around The Town Handy Man,(727) 557-9151
Andy Fleck Rescreening,(813) 563-1384
Soto Construction,(813) 606-5122
Ramos Design Build,(813) 259-1111
Amazing Glaze,(813) 837-8096
Tampa Bay Pavers,(727) 342-3241
Job Site Concrete Inc,(813) 876-4204
Fuller Construction Group,(813) 831-9191
Certified Roofers & General Contractors Inc,(813) 643-8333
MaidPro Tampa,(813) 903-8000
PDH Concrete Core Drilling,(813) 300-5525
Earl Pruitts Well and Pump Service,(727) 544-0718
General Remodeling and Repair,(813) 599-1666
Bayou Homes By Design,(727) 492-1500
Richard Stenholm,(813) 251-3825
Tampa Granite Direct,(813) 443-0598
S&M Hardwood,(727) 623-9842
Challenger Pools,(813) 886-9119
Touchstone Group Real Estate,(813) 602-1425
ATi Services of Tampa,(813) 350-7863
Topcoat Asphalt Sealcoating LLC,(813) 244-8789
Van Selow Design Build,(727) 391-2959
West Coast Fence,(727) 522-4111
Borman Construction,(813) 641-2771
Simpson Air,(813) 558-0858
DecoPavers,(813) 283-0303
Alexs Sliding Glass Door Repair,(941) 225-2658
Devonshire Custom Homes,(813) 831-1984
Central Florida Building and Renovation,(863) 965-7362
Jeffrey M Wolf General Contractor,(727) 895-4858
Stonecrete USA,(813) 992-2688
Brick Pavers Tampa - Brick Paving Systems Inc,(813) 949-1110
A Specialty Fence LLC,(727) 688-2095
Cracker Trading,(352) 232-4978
Blue Box Plumbing,(813) 982-3937
Premium Painters of Tampa Bay,(727) 287-5236
SKL Stonex Inc Granite,(813) 833-9435
Andy Norris PaintingInc.,(352) 521-5719
Pro Court Surfaces LLC,(941) 320-6567
A#1 SEAMLESS GUTTER SOLUTIONS,(813) 317-0782
Snedeker Construction,(352) 364-9121
USA Renovations,(813) 785-0242
Riviera Pools of Tampa,(813) 961-2358
Concrete Countertops Tampa Pros,(813) 703-2045
Ebie Construction,(727) 460-3348
Discount Junk Removal,(813) 285-4674
Classic Woodworking,(813) 361-6511
Everdean Construction,(863) 888-0724
Howell Building,(727) 458-2101
Cogdill Builders of Florida,(813) 486-9099
H&L Painting and Restoration LLC,(941) 210-0596
A Tropical Oasis Pool,(813) 563-1132
Pool Creations,(941) 366-6000
Aquaponics Cafe & Consultants,(914) 466-8971
911 Home Experts in Tampa,(855) 900-0911
Zentkovich Construction,(813) 659-3229
Stronghold Marine Construction,(727) 857-7037
Italian Cast Stone,(813) 902-8900
KHP Homes,(813) 586-2177
Luedke Plumbing LLC,(813) 523-9534
Jeffs Comfort Services,(941) 376-5480
Unique Custom Woodworking,(407) 963-6113
Ray Wood Construction Co Inc,(727) 400-6746
Granite Perfection,(407) 992-8767
MHS Commercial & Residential,(813) 512-2922
BELFOR Property Restoration,(813) 386-3473
Keene Services,(352) 796-1700
Classic Flooring Designs LLC,(863) 937-8029
Malphus & Sons General Contractors,(813) 273-0870
YD West Coast Home,(813) 879-0077
Tampa Screens & Aluminum,(813) 960-7064
Affordable Closet Concepts,(813) 995-9101
Coastal Professional Contracting Inc,(727) 484-2654
A Sure Bet Cleaning Service,(727) 863-1661
Tampa Sheds,(813) 626-6289
Surface King,(407) 855-5959
Cothron Contracting,(813) 448-1617
Affordable Rescreening,(813) 716-1389
Ponds Plus,(813) 527-1673
Rossi Construction,(813) 436-0177
Floridas Foam Walls,(941) 284-3907
Yardez Electric,(863) 875-5773
Automated Drywall Service,(813) 654-4319
Tampa Dock & Seawall,(813) 495-7727
Crown Contractors,(704) 491-2821
Kancor Companies,(407) 841-1500
Just Clean My Mess,(813) 384-2301
VeRo Design Remodeling & Associates,(727) 698-4727
Superior Painting Service,(813) 839-4545
Florida State Fence,(813) 413-7844
Uneeda Handyman L.L.C,(813) 957-5734
Restoring Florida Homes,(813) 260-0046
Jet-Black Asphalt Sealcoating & Repair,(813) 309-2467
H2 Design and Development,(813) 449-1775
Oakhurst Contractors Inc,(727) 304-1506
Phoenix Home Builders Inc,(813) 888-5746
Aerial Arborists,(813) 294-1459
Redi Rooter,(813) 837-1480
All American Standard Home Services,(813) 922-9020
Geodata Services,(727) 447-1763
Top Pro Pressure Washing,(813) 361-9099
C & C Cabinets,(813) 876-6780
iHome Services,(727) 410-3714
DESIGN ALUMINUM EXCHANGE INC,(813) 949-7545
Popa Construction,(888) 412-4441
South Tampa Homes,(813) 207-0550
Homes By Artisan,(813) 649-7230
True Builders,(863) 647-1800
Environmental Sciences Group,(813) 563-0136
A Modern Touch Design & Development,(813) 731-5676
Tint by Masters Gulf Coast,(727) 551-0506
Dynamite Fence of Tampa,(813) 922-8436
Devonshire Properties,(813) 831-1984
AdvantaClean,(727) 562-5326
Mahans Excavating,(513) 708-1461
Metro Construction and Restoration,(813) 919-7082
Abbey Custom Builders,(727) 526-0296
Cool Breeze Air Conditioning,(813) 516-4888
Ramos Design Build Corporation,(813) 259-1111
Go Green Reglazing,(866) 692-8042
Adriennes Dime Decor-Decor on a dime!,(813) 770-7372
Shelter South,(727) 397-6678
Voeller Construction Inc,(727) 785-9198
Pavemaster,(813) 671-7300
JV Construction Services,(813) 641-4524
ALL American Quality Steel Buildings,(863) 978-7427
Ewi Construction,(813) 251-1253
Executive Furniture Installation,(727) 954-6948
New Image Marble & Granite,(813) 238-6080
Namaste Homes,(727) 432-0122
Titan Remodeling Services,(813) 606-2843
Metron Construction Company,(727) 736-5400
Precision Marble,(407) 814-8800
Oasis Tiki Huts Builder & Repair,(727) 520-3727
Tropical Pools and Pavers,(727) 474-2142
Ferrill Construction Company Inc.,(813) 877-8822
Under Construction Contractors,(727) 539-9651
Doors Moulding and More,(727) 498-8552
Do Right Services,(941) 306-7278
Richard Ham Construction,(727) 526-0099
Craftmar Construction & Development,(813) 514-1512
Absolute Aluminum,(941) 256-0457
Keen Construction & Development,(813) 579-4134
Terminix,(888) 538-1961
Concrete Concepts,(727) 481-0225
Independence At Home,(800) 330-3033
Smith Fence,(727) 573-5440
Tampa,(813) 288-7600
Wiez Design & Construction,(813) 841-3330
KHS & S Contractors Inc,(813) 628-9330
Northeast Construction,(727) 423-3029
Roys Painting,(727) 678-6002
Castillo Housing Corp,(813) 876-8433
Artisan Closets and Trim Inc.,(813) 575-7043
Nelson Restoration Services,(813) 763-1607
Clarson Reuben Consulting,(727) 895-4717
Absolute Marine Seawall Specialist,(727) 300-6912
Ashton Woods Homes,(813) 831-4282
2 Girls & A Bucket Cleaning Service,(813) 445-7139
Misener Marine Construction,(813) 839-8441
Florida Lifestyle Pools,(727) 519-5999
Casa Contractors Inc,(727) 686-0331
Triad Construction Svcs,(813) 839-5811
Asbestos Demo Survey,(813) 335-5341
Bayard Construction Co,(813) 254-9806
Earth Tech,(813) 840-2700
PuroClean,(813) 917-2825
RFH Construction Consultants Inc,(813) 260-0046
Billy The Sunshine Plumber Inc,(727) 526-2313
Bridgewater Building and Consulting,(727) 455-9206
Solid Foundations,(888) 419-2454
Alliance Construction,(813) 323-9181
Cyclone Plumbing and Construction,(813) 238-0881
AlliKrist Custom Cabinetry and Kitchen Design,(727) 822-9213
Excelaron,(813) 639-7578
Coolquest,(727) 859-0500
Across the Pond Inc,(813) 362-8692
World Class Maintenance,(727) 475-4939
Bobbys Tampa Handyman Service,(813) 215-5090
Tom Craig Remodeling and Building,(727) 847-6249
Tampa Chain Link Fence,(813) 421-5799
Tampa Vinyl Fence,(813) 421-4745
Custom Cabinets Inc,(941) 366-0428
Hagan Floor Covering Inc.,(727) 495-8044
Property Renovations Unlimited,(407) 715-9972
Curtis Home Design,(727) 504-2196
Sprinklers By Rich,(727) 526-5424
TwigTree Woodworking,(813) 837-1183
Air Cool AC Repair,(813) 681-3776
Caddell Construction Co,(813) 840-0020
Blair Restoration,(863) 224-4141
LifeStyle Building Company,(727) 822-6996
Southern Aluminum Installation Inc,(813) 264-7477
Contract Holdings,(813) 300-6082
A Custom Construction Company,(813) 415-3760
G Q Services of Tampa,(813) 517-6077
Tampa Soundproofing,(813) 922-2390
Conda Construction,(813) 835-8815
Bennett Contracting,(941) 756-8200
Ciccarello & Son,(813) 933-5512
BayCraft Restoration,(727) 373-2412
Aquarock Pools,(407) 947-4146
Radd Builders,(813) 754-7233
GB Pavers & Outdoor Living,(941) 366-5608
Artistic Metalworx,(727) 547-4766
Lane & Company Construction,(863) 602-1717
Cms Warehouse,(813) 839-0616
Hill Pine,(813) 805-9226
Sauer,(813) 840-2179
Hervey Construction,(727) 420-8822
Mid-Florida Construction Solutions,(813) 638-1970
Dallas 1 Construction Development,(813) 986-1922
Dan Robert Construction,(813) 207-5660
Bath Professional,(813) 445-9319
Sauer,(813) 840-1000
Inc Sauer,(813) 840-2091
Centex Homes Construction Office,(813) 831-3699
Classic Constructors,(813) 651-3919
Hurricane Garage Door and Repair Inc,(727) 687-2934
Alejo Contractors And Remodeling,(813) 313-8187
C E Fultons Professional Remodeling,(813) 638-3185
Firewatch Contracting,(813) 839-3000
Rsb Development,(813) 839-8603
Charter Bay Home Builders,(813) 357-9030
West Coast Window & Door Inc,(727) 545-3400
A-1 Custom Cabinets,(727) 447-6815
Fox Group Designs,(813) 932-0782
Laszlo Building Services,(727) 804-6553
Tampa Tile Center,(813) 877-5386
The Fence King LLC,(727) 475-6101
Your Tampa Painting Contractor,(813) 402-0210
Fresh Coat,(813) 406-5255
Lifestyle Remodeling Walk-In Tubs & Sunrooms,(813) 448-3711
Kitchen Bath & Beyond,(813) 931-4700
The Handyman Company,(727) 341-9011
Unique Restoration Carpet Cleaners,(813) 418-7949
Mark Simms Painting,(727) 821-0500
Storm Shutter Doctor,(727) 224-6999
CD Builders,(813) 831-3544
Tagliarini Architectural Group,(813) 805-7838
Phillips Pools & Landscape LLC,(727) 466-0700
C & S Pump Service & Repair,(813) 837-8654
Campbell Mike Construction Co,(813) 837-9552
David Barron & Associates,(813) 805-0475
Left Coast Construction,(813) 832-9444
B & M Cleaning Services,(813) 839-3048
Avila Flooring,(813) 541-1547
Drain Medics Plumbing,(941) 223-9937
Concrete Polishing Tampa,(877) 884-3351
Splash Proof,(727) 264-1911
Blue Moon Construction,(888) 948-2874
Southern Climate Control,(813) 837-0942
R & L Contractors,(813) 835-3444
Radical Surface Restoration,(727) 280-4664
Adams Homes,(813) 241-2500
Paving Corporation,(813) 252-2797
Onsite Residential,(813) 579-5789
MD Air Services LLC,(727) 350-5950
All Service Plumbing,(863) 991-5702
Gastek Pool & Gas Services,(813) 335-7491
Pegasus Construction Group,(727) 480-4796
Byo Construction,(813) 831-9191
A & E Repair & Mfg,(813) 248-4642
Resolve Construction Dispute Resolution,(813) 835-4353
Artistic Pavers & Surfaces,(813) 968-6705
Lesco Structural,(727) 667-4708
Enerize Window & Shutter Systems,(813) 831-8877
Lasker Powder Coating,(813) 964-5667
Goldsborough Company,(813) 837-4219
Sample Properties,(813) 839-7582
M K Construction,(813) 839-2362
ZIA Design Solutions,(727) 410-5788
Restoration 365,(813) 676-9066
Dolphin Homes,(813) 835-7757
Flooring Contractor,(888) 325-2042
Algood Construction Services,(813) 832-5378
Hartshorn Custom Contracting,(813) 620-0931
Florida Spray Foam Solutions,(727) 233-8283
Tambay Custom Homes,(813) 835-8858
GESC LLC,(813) 810-9084
Granite Countertos Aph Stone Solutions Kitchen & Bathroom Design,(888) 823-9210
Evangelisto Construction,(863) 409-6985
Classic Woodworking,(941) 322-8070
Concrete and Counters,(813) 886-2242
Coastal Custom Homes & Development,(813) 837-6000
Manhattan Construction,(727) 895-5471
Hurst Hardwoods,(888) 704-8778
Feliciano Construction,(813) 884-3538
Grayhawk Window Systems,(941) 487-2964
Formaq USA,(813) 325-2191
A Old Time Roofing,(727) 824-9996
R J Owens Roofing Contractors,(727) 578-2641
Brassfield & Gorrie,(727) 897-9030
Air House,(813) 226-2545
Terrell Industries Pressure Cleaning,(727) 823-4424
Salinas Family Cleaning Services,(727) 493-0357
St.Pete Dock & Seawall,(727) 317-4746
Oasis Pavers and Pools,(727) 686-9418
South Construction Services,(727) 798-1421
Soleil Design Build,(813) 839-9363
Blair & Company,(727) 502-0060
Wingspread of Florida,(813) 839-5560
Integrity Pools Spas & Renovation,(813) 643-7665
Santy Morrita Studios,(813) 586-2200
Marcial Granite And Tile,(813) 525-8936
Peninsula Construction,(727) 525-1200
Marc Anthony Builders,(813) 695-4760
Government Contractor Services,(813) 288-4688
Best Made Enterprises Inc,(813) 248-5266
Custom Outdoor Kitchen Concepts,(727) 466-8316
Velez Concrete Construction,(813) 493-4762
RSC Construction & Painting,(813) 263-7323
Busby Custom Builders Inc,(727) 418-2014
Dosmark Construction Inc,(813) 731-6800
Mbc Construction,(813) 754-6655
Tri South Construction,(813) 254-2668
Gator Core,(813) 241-2673
Bentzel Mechanical,(727) 572-7767
Southeast Equipment Sales,(813) 251-6800
Home Improvement Experts,(813) 489-5288
GreenStone Concrete Designs,(727) 222-8485
Lam Civil Engineering,(321) 245-7426
Urban Kitchen & Bath Design,(727) 424-7602
Reece Builders Sun Rooms,(727) 521-1409
Osmanys Marble and Granite,(813) 872-8505
Frisco Bath & Kitchen Remodeling,(813) 877-5264
Dagasa,(813) 637-9600
Quality Home Renovators,(727) 437-6200
Bay Area Roofing,(727) 578-1138
Bay Area Environmental Services Inc,(813) 677-7655
Practical Windows & Doors,(727) 545-4800
Precision Design Builders,(813) 832-4300
Citivest Construction,(813) 831-6677
Peninsula Products,(813) 832-4080
Richards Hauling,(813) 966-3906
Gerardi Construction,(813) 248-4341
Tisdale Construction,(727) 360-1891
Blume And Patterson,(321) 514-7536
Bay Harbour Homes,(813) 282-1836
Digiacomo Construction Company,(813) 282-1836
Pupello Builders,(813) 282-0555
Terrell Industries Pressure Cleaning,(727) 823-4424
Plazza Natural Stone,(813) 613-5780
Mangrove Construction,(813) 387-3190
S&C Builders,(941) 592-3831
Creative Concept Builders,(727) 823-6644
Experts In Room Additions & Remodeling,(727) 535-9885
Structural Restoration,(727) 367-3342
Lumber & Fencing Products Inc,(813) 671-0501
Tampa Thermofoil Doors,(813) 376-8398
Nationwide Pools,(813) 626-7665
SIG Carpentry & Contracting Inc.,(888) 842-8389
The Groutsmith,(727) 322-4033
Essential Cabinet Inc.,(813) 928-3915
Rjm Contractors,(941) 749-7660
Ace Remodeling Contractors,(727) 522-2101
McBride Contractors,(813) 258-6700
Private Screens,(352) 293-5155
Asphalt Parking Lot Professionals,(813) 377-5458
US Remodelers,(813) 775-4147
Hecker Marine Construction,(813) 236-9306
Cromwell Building Corporation,(727) 822-9300
Salt and Light Electric LLC,(727) 831-4018
The Home Improvement Source,(727) 528-9233
JW Cabinets & Granite Inc.,(727) 560-3325
West Florida Fence,(813) 251-5883
Alvarez Home Repairs,(727) 235-1378
Goldenberg Leon Aia,(813) 286-2652
Milford Custom Homes,(813) 286-2652
Urgent Care Renovations,(727) 218-7386
Pelican Construction & Design,(727) 577-1292
Karens Pool Service,(727) 871-0025
Bigelow W L,(813) 875-4302
Home Tech Enterprises,(727) 323-5050
Apollo Pools,(813) 689-5197
Outdoor Cabinets Direct,(772) 497-6570
Gemstone Systems,(727) 541-3194
Pombos Contracting Service,(813) 323-7433
Building Concepts Construction Company,(813) 879-8000
Jr Pavers,(717) 433-2381
Morrick Construction,(813) 354-1802
Cole Henry Builders,(813) 348-0890
Perez Plumbing,(813) 907-1515
Superior Roofing Services,(813) 839-5544
WSV Group,(727) 481-4147
Manhattan Construction,(813) 675-1958
Manhattan Construction,(813) 281-2389
CCG Enterprises,(813) 888-5333
Cutler Associates,(813) 637-8883
Seaberg Builders,(813) 286-0066
AAA Lock and Key,(813) 562-5688
Roy Rodgers Construction,(813) 639-1400
Invisible Fence of Tampa,(813) 854-4014
Schoeman Enterprises,(813) 880-9589
NCC Construction,(813) 817-0168
Accident Cleaners and Restoration Tampa,(813) 223-6731
One Call Construction Services,(813) 526-3415
Windstar Homes,(813) 349-2755
T-3 Construction,(813) 978-8824
Kvaerner Construction,(813) 282-7100
Marcos Custom Furniture & Cabinetry,(813) 677-7390
All Pro Water Damage,(813) 909-7584
Skanska USA Building,(813) 282-7100
J & M Aluminum,(727) 521-2675
DDF Construction,(281) 831-1600
Turner Construction Company,(813) 287-9420
Larson Communities,(727) 526-5155
DeGeorge,(727) 573-0338
DeGeorge,(800) 282-6237
AAA Air Conditioning Service,(813) 238-7492
The Cru Design,(813) 541-9458
Mc Construction,(813) 251-3477
Carrier M L,(813) 254-4344
McTech,(813) 637-9360
Forns Design & Construction,(813) 286-1095
LaBram Homes,(727) 826-7206
Real Andalucia Homes,(813) 207-0002
Coastal Constructors,(727) 315-1835
Bandes Construction Company,(813) 414-9369
Southeast Construction & Development,(813) 251-6800
Gtb Builders,(813) 253-3555
Sink J F & Son Inc Roofng Contr,(727) 576-2339
Bay Janitorial Service,(727) 431-0286
Rock Star Painting Inc.,(813) 352-8632
AAA Absolute Tree,(561) 800-6394
Proform Pools and Spas,(813) 727-1212
Henderson Brothers Homes,(813) 490-6636
Nelson Construction,(813) 258-3456
Coast Floor & Tile Group,(727) 934-4445
Creative Resurfacing Solutions,(727) 342-7878
DPR Construction,(813) 354-0995
Barger Builders,(727) 821-5421
Tropical Air,(813) 377-2326
International Stone Quarries,(727) 571-3200
Samter Construction,(813) 873-1950
Panda Kitchen & Bath,(813) 200-4106
Great American Corporation General Contractors,(813) 876-7838
Commercial Interiors,(813) 872-6100
Dream Home Finders,(813) 871-2908
Total Restoration Services Group,(727) 573-1959
Balfour Beatty Construction,(813) 282-7373
Armstrong Development,(813) 261-5048
Acton Construction,(813) 287-5123
24-7 Plumbing,(813) 230-1584
Centerline Construction,(727) 235-5456
Jancar Development,(727) 522-2381
Williams R M Contractors,(813) 251-8051
Hyde Park Tile & Stone,(813) 434-4977
Briggs Construction,(813) 289-5486
Lennar Homes,(813) 882-4663
Floyd R E Construction,(813) 854-1683
Travertine Locator,(813) 514-6120
Integra Construction Group,(813) 282-4849
A D Morgan,(813) 832-3033
Premier Remodeling & Restoration,(813) 402-2895
Tampa Bay Builders Association,(813) 873-1000
Advantage Building Services,(813) 431-9933
Elegant Touch Stonework,(727) 848-5336
Whiting Turner Contracting Company,(813) 287-9700
Parsons Brinckerhoff Construction Services,(813) 287-2626
Bayfair Homes,(813) 875-3800
First Tampa Development,(813) 239-1103
Madison Construction,(813) 254-3857
Parthenon Restoration & Remodeling INC,(727) 647-7788
Opus South,(813) 877-4444
JVS Contracting Inc,(813) 514-8229
Zeno Office Solutions,(800) 226-6482
JPS Brick and Tile Corp,(813) 391-3471
McC Home Inspection,(813) 250-6263
McC Construction and Development,(813) 250-6263
McC Title,(813) 250-6263
McC Executive Realty,(813) 250-6263
A Castle Construction,(813) 288-0929
Twt Restaurant Design and Construction,(813) 286-9150
Factory Supply,(888) 242-3045
Hobdy Construction,(813) 245-4710
Garage Door Service,(813) 642-4661
Wharton Smith,(813) 288-0068
Conrad Martin Banspach Financial Services,(727) 894-8888
Saunders Construction,(727) 898-9436
New Homes Guides,(813) 282-3535
Fms,(813) 868-5367
Argus Commercial Coatings,(813) 287-0667
The Sinclair Group,(813) 259-9090
Evans Engineering & Design Build Services,(727) 831-4662
Vozzcom Electric West Florida,(727) 209-0171
Spectrum Construction Services,(813) 253-0455
Bolding Homes,(813) 254-3346
Ramos Construction,(813) 259-1111
Octillion design+build,(312) 907-8391
PEAK Contractors,(813) 559-8550
The Window Depot LLC,(813) 901-5555
Nuckles Septic Tank Service,(813) 279-6733
The Little Clinic,(727) 894-2073
All Home Repairs,(813) 401-3308
All About Grills,(727) 585-2585
Beers Construction,(813) 350-9800
Dreamworx Construction,(727) 742-1786
Flores & Harper Construction,(813) 980-3464
Southern Quality Plastering,(727) 399-0028
Hyde Park Builders,(813) 251-8552
Southern Outdoor Specialists,(727) 430-5314
Try Square General Contractors,(727) 526-4528
Redstone Construction,(813) 254-6200
Carrollwood Pools,(813) 254-1104
A Fantastic Finish,(727) 522-5507
Suncoast Power Solutions,(813) 829-0037
Sterling Bay Homes,(813) 253-5792
A M I Enterprises,(813) 244-8244
Cane Construction,(727) 331-0054
C R S Building,(727) 895-7500
Bright Bay Realty,(727) 822-7463
Bahama Brick Pavers,(813) 321-0476
Inland US Management,(813) 350-0420
Vitex,(813) 873-9818
Highway One Construction,(813) 871-2609
Florida Builders,(727) 821-4533
Park Street Interiors,(727) 821-4533
Quality Brick Pavers,(813) 902-1208
Point West Construction,(813) 232-1997
Style Craft Cabinets,(813) 620-1166
Granite World Inc,(813) 243-6556
Lathan Construction,(813) 872-8711
B & R Construction Co,(813) 254-4356
Camelot Cabinets,(813) 876-9150
Coastal Construction,(727) 669-2516
Amprop Development,(813) 639-1818
Dosten Construction,(813) 639-7539
Ladera Construction Group,(813) 386-0555
Greater Bay Construction,(813) 282-0709
Barror Construction,(813) 877-6969
Excelaron,(813) 639-7578
Soap Opera Laundromat,(813) 645-9564
Bay To Bay Builders,(813) 202-8233
Benson Roofing and Asphalt Paving,(727) 550-6153
Fx Remodeling & Exterior,(813) 324-5581
Trimar Construction,(813) 258-5524
Flatt,(813) 251-0959
Ag Drywall Repair Services,(813) 388-7563
La Bram Homes,(813) 258-8953
Cde Development Group,(727) 578-0500
Islandway Pavers and Pools,(727) 474-3825
Sunshine Custom Painting,(727) 547-6894
Landmarc Contracting,(813) 600-1750
Pearl Landscaping LLC.,(813) 228-0950
Solutions,(813) 282-3353
Stapleton Jimmy Ac Contractor,(813) 685-1024
Murray Company,(727) 524-6000
J Mays Mechancial Construction,(727) 527-5800
Bayside Construction Services,(727) 528-3699
Associated Builders & Contractors,(813) 879-8064
Ellis Construction Co,(813) 251-8473
Anago of Tampa,(727) 535-8752
Preferred Pools and Patios,(813) 247-7665
Logan Outdoor Advertising,(813) 253-3367
DCS Contracting LLC,(813) 417-3466
Creighton Brothers Awning Co,(813) 238-2595
Papia Roofing Company,(813) 879-5016
Hawkeye Construction of South Florida,(813) 307-6304
Protective Painting,(727) 526-7319
Air Team,(727) 478-0096
QCI Mold Removal and Testing,(727) 686-7373
Brick Paver Showroom,(813) 299-9907
Elite Shed Builders,(727) 309-0089
Pools by George,(727) 327-1597
Armorquest Glass Protection,(727) 458-5371
Metal Masters Steel Erectors Incorporated,(813) 215-1009
J V A Construction,(813) 254-0245
Bayshore Contracting Corporation,(813) 250-1547
Nationwide Granite & Marble,(727) 243-0887
A G Spanos Construction,(813) 288-0008
Face Reface Design,(813) 748-1352
E Construction and Design,(813) 254-3333
Clark Construction Group,(813) 636-4422
All Phase Construction & Development,(813) 443-5081
Matta Architect Builder,(727) 867-0630
Premier Decks,(727) 483-7394
Global Entrepreneur,(813) 222-1888
Ambient Technologies Inc,(727) 328-0268
Preferred Construction Management,(813) 732-5050
Forbes Constructions Co,(813) 221-7867
Batson-Cook Company,(813) 221-7575
Ryan Companies,(813) 204-5000
Ryan Company,(813) 226-0321
Florida Commercial Construction,(813) 708-5541
B & H Care Homes,(727) 894-8427
Doanes HVAC,(727) 804-5786
Precision Petrolium Inc.,(727) 547-0700
Point Construction,(813) 421-1117
Rodica Woods-Hill,(727) 894-0411
Hunt Construction Group,(813) 287-6301
Huber Hunt & Nichols,(813) 287-6301
Ossi Construction,(813) 478-3973
On the Bay,(813) 249-2529
CoreyCo llc,(813) 469-1203
Robert H. Delafield Inc,(813) 835-5080
Parsley Development,(727) 896-7575
Solutions,(813) 387-6000
Construct Two Group,(813) 259-3785
Good News Plumbers Inc,(727) 548-8772
Frostbite Refrigeration,(813) 401-1897
CK Construction & Roofing,(813) 343-0820
Tampa Pest Control,(813) 574-0102
Odessa Swimming Pool Safety Fences,(813) 810-9875
Surety & Construction,(813) 229-3000
Cork Howard Construction,(813) 225-1013
Solutions Cabinets And Granite Inc.,(813) 324-0133
Exact Builders Incorporated,(813) 229-9988
Gulf Aluminum Products,(727) 531-0411
Renovate and Build,(727) 329-8819
Premier Brick Pavers,(727) 531-3959
Ericson Len Contractors,(727) 522-5227
Emk Consultants Of Florida,(813) 931-8900
Sunshine Well & Pump,(352) 484-4552
Ka,(813) 636-9500
Builders Title of Tampa Bay,(813) 289-8485
American Restoration,(813) 233-0303
Capform,(813) 221-0642
Collins Meyer & Company,(800) 226-9426
Carter Steven R Inc,(813) 250-0604
The Paver Installer,(813) 453-0314
B & H Care Homes,(727) 823-5482
Habitat For Humanity of Hillsborough County,(813) 239-2242
Back to Nature PondsLLC,(813) 863-3261
Capital C Carpentry,(813) 900-3304
Sierra Paul J Construction,(813) 228-6661
John Anderson Building Contractor Inc.,(813) 237-2693
Tabar Construction,(727) 521-3982
Ash Enterprises,(813) 247-2192
Dealership Solutions,(727) 894-2150
Irwin Contracting,(727) 898-3333
Plumber Peters Professional Plumbing,(727) 514-6365
Carpenter John Construction,(727) 321-2943
Asphalt Professionals,(813) 575-7973
Moretrench,(813) 741-0256
Bovis Lend Lease,(727) 823-1900
Aes Home Improvements,(727) 592-9284
Restoration Pros Florida,(888) 409-7798
McGraw-Hill Construction,(813) 204-9200
Domaco,(727) 898-3659
King Contracting Inc,(727) 410-9829
Cromwell Building,(727) 822-9300
Armorquest Glass Protection,(727) 487-1344
Great Southern Construction,(727) 896-4225
USI Roofing,(727) 544-9884
Alexander Custom Services,(813) 284-0532
Tampa Bay Fire Equipment Inc,(727) 524-0000
Florida Shed Company,(727) 524-9191
Ware Construction Services,(813) 247-9000
Novell Painting,(727) 412-4403
Morrick Construction Site,(813) 849-2983
Florida Leak Locators,(800) 557-2207
Morrison Homes,(813) 910-7044
Del-Jen,(813) 840-2933
Val-Port,(813) 901-5639
Green Paradise Subdivision,(813) 949-7069
Simpson Lyle W Concrete Contractors,(813) 961-4205
Lennar Homes,(813) 628-4995
Dentmon W E Construction,(813) 621-6896
Fix-it Squad,(866) 753-4948
Peter R Brown Construction,(727) 824-8539
J and K Remodeling,(727) 798-8772
Signature Specialty Contractors,(813) 672-9147
The Beck Group,(813) 282-3900
Ashline Daniel E,(727) 397-1605
Star Fish Clean Care L L C,(727) 521-2000
Lennar Homes,(813) 631-9882
Classic Constructors,(813) 651-3919
Lennar Homes,(813) 973-7963
Riverica Expert Exterior,(813) 360-9014
Sound Construction Group,(727) 572-9494
ASAP Shell Construction,(727) 412-0631
Four Seasons Sunrooms at Lifestyle Remodeling,(813) 448-3711
Hc Beck,(813) 273-0435
Mathews Construction,(813) 221-6659
Greminger Design Services,(813) 490-0534
Fixture Craft,(813) 879-8685
Florida Leak Patrol,(941) 724-9939
American Housing Builders,(727) 546-6611
Marathon Service Inc,(813) 621-3755
Rj Bunbury Co,(727) 535-1760
TBS of Tampa Bay Inc.,(727) 538-2665
Batson Cook Construction,(813) 221-7575
Best Family Carpet Cleaning,(813) 817-8133
Above All Structural,(727) 535-6157
B & D Contracting,(813) 247-6706
Paramount Flooring Inc.,(727) 409-6797
Oxley & Brannon Construction Consultants,(727) 821-9190
Docks,(727) 536-6786
Jordan Gene W E,(727) 535-3353
Geers Diversified,(813) 785-4337
Excell Contractors,(727) 378-2806
Concrete Steel & Glass Co,(727) 599-2222
Bourgoing Construction,(727) 481-2118
Restoration Solutions,(813) 932-3130
Darcangelo Alfred,(727) 393-1130
Unique Construction,(727) 821-2065
Hammock Hardware,(727) 304-2402
D B Construction,(813) 248-6358
M I Homes of Tampa,(813) 393-3855
Mi Homes Inc DC,(813) 882-3175
Ejs Construction,(813) 307-0007
A Quality Paving DBA: Quality PSS,(727) 372-1236
All Phase Building Concepts,(727) 809-1851
Ray Contracting,(727) 595-1400
Boss Pump & Well,(813) 677-7867
Saunders Construction,(727) 526-6569
Deslandes Florida Contractor Review,(727) 323-3333
Bayside Building Construction,(727) 360-9694
Quinn Construction,(727) 894-6239
E M Phillips,(727) 821-1190
Mark 1 Contracting,(727) 894-3600
Comet Kitchen and Bathroom Cabinets,(727) 536-0859
Commerical Maintenance,(727) 823-8020
Florida Suncoast Homes,(727) 522-8173
C&C Brick Pavers,(813) 716-8291
Phoenix Pools Inc.,(813) 774-2304
Sun Ketch Construction,(727) 592-0289
Tampa Contract Floors,(813) 931-1002
Adams W A Jr Construction,(727) 527-0769
Heart Construction,(727) 573-0474
Countryside Pavers,(813) 789-2052
Cromwell Building,(727) 822-9300
Retro Elevator,(888) 333-5434
Pfitzco,(813) 248-1668
Nasco Homes & Remodeling,(813) 876-2165
Nasco General Contractors,(813) 876-2165
Sherrick Contracting,(813) 877-8787
National Construction Associates,(813) 855-5211
Waterline Construction,(813) 806-1977
Hennessy Construction Services,(727) 821-3223
Hennessy Construction Services,(727) 821-3223
Bayfront Building Solutions Inc,(813) 833-6140
J M Stare C D & P,(813) 659-0624
Alto Construction,(727) 847-7800
Malcolmson Construction,(727) 556-2800
Construction Materials,(813) 549-4570
Dgp & S Construction,(813) 464-0282
Huber Enterprises,(727) 825-0760
Kimmins Contracting Corporation,(813) 248-3878
Riley Bill Painting,(727) 381-1975
Reyes Construction,(813) 247-5023
Arthur Rutenberg Homes,(727) 541-7461
Kel Construction,(727) 896-3535
Moore Turner Associate,(727) 527-6991
Precision Building Components,(813) 890-8221
Poolmasters of Southwest Florida Inc.,(941) 228-2096
Flanagans Porch & Windows,(727) 581-4167
Flooring America,(727) 733-1356
Coulter Construction,(727) 547-8131
Shingle Masters Roofing & Construction Services,(813) 661-4600
All American Tractor Service,(813) 248-5061
Paramount Construction Group,(813) 781-4292
R J Longboat and Sons Construction,(727) 873-6921
Williams Wallpaper and Paint,(813) 966-0740
Wedgewood Contractors,(813) 874-3443
Alford Construction,(813) 875-8935
Champion Foundation Repair Systems,(813) 622-6454
D M Olivieri Plumbing & Gas,(727) 410-3714
Liberty Land Services,(727) 532-6940
Coffman Construction,(727) 327-3031
Precise Construction,(813) 241-2403
Republic Services,(813) 265-0292
Gle Associates,(813) 241-8350
Cobb R Construction,(727) 561-7476
Trim Warehouse,(727) 541-5414
Bickey Construction,(727) 327-8377
Highland Construction & Development,(813) 241-4787
Highland Properties of Tampa Bay,(813) 241-4787
Alspach Construction & Electric Co,(813) 354-8530
J V Contractors,(813) 641-1658
Tampa Bay Specialty Services,(813) 554-8983
Largo Plumbing,(727) 596-0525
Pure Air Technologies,(727) 525-5552
Comvest Builders,(813) 935-1512
Southeast Abatement Services Inc.,(727) 530-3038
Hammer & Howell Builders,(813) 877-6077
Innovative Commercial Construction,(727) 525-5090
AV Construction,(813) 598-9336
Classic Interior Construction,(727) 526-3811
Accent Custom Finishings & Design Center,(813) 938-5888
Angell Contracting & Construction,(813) 879-5095
Angell Restoration Services,(813) 876-7071
McGeehan Construction,(727) 573-1931
Patio Pools,(813) 962-0374
Herr Contracting Company,(727) 327-3366
Windsor Redevelopment,(813) 884-7967
Land & Sea Masters,(813) 645-3625
Mcmillan Sons and Associates Inc.,(727) 379-4801
Cutler Associates,(813) 248-2360
Bay Construction Services,(727) 525-3828
Curb King,(813) 294-2872
Nanco Painting and Construction,(813) 322-2671
Zaremba Contractors,(727) 822-5364
Bay Area Building Solutions,(727) 528-8301
Acs Asphalt,(727) 321-9326
Dol-Fan Construction,(727) 736-5198
Kal-Mar Construction,(813) 241-4219
Castle Construction,(727) 527-8434
AA Home Remodel and Repair,(941) 345-2867
AllSunPower,(727) 773-6100
Sunrise Utility Construction,(813) 876-9523
A.J. Williams Pressure Cleaning & Painting,(727) 678-4204
Air-Flo/Erwood Heating & Air Conditioning,(727) 528-1227
Cason Construction Management,(813) 874-0028
All Hours Emergency Water Removal,(727) 462-9092
Bay Area Electric & Refrigeration,(813) 879-8685
Asphalt & Paving,(813) 247-3575
Samon Joel M Contractor,(727) 323-4422
Perry Company,(813) 248-6556
K W Home Services,(727) 898-4466
Home Owner Services By William Kouts,(813) 399-8389
Wilder Robert Allen Construction,(813) 920-4016
Cre-8,(727) 522-3996
Premium Building Concepts,(727) 623-7483
G De Nome Construction,(813) 875-3805
Davison Homes,(813) 386-3800
M/I Homes,(813) 290-7900
Anchor Construction of Tampa,(813) 879-8685
May-Kan Builders,(727) 322-0400
Accent Custom Finishings & Design Center Inc,(813) 938-5888
G and A Stucco,(813) 645-5838
McClure Contracting Inc,(727) 417-5911
Devito Builders,(813) 243-1000
Cat5 Home Design,(813) 293-7462
Newberry Construction,(813) 247-2877
Gann & Gann Construction,(813) 229-8696
Gann & Gann Real Estate,(813) 229-8696
Hannah Construction,(813) 872-4488
Keystone Construction of Tampa Bay,(727) 688-2098
Franceschini Construction,(813) 870-3947
Apollo Construction & Maintenance,(813) 874-5359
A & D Plus Construction Services,(813) 877-3900
Solar George G Co,(813) 875-9148
Laminate City,(813) 749-8740
Aerts Construction Co,(727) 328-1808
Paul J Sierra Construction,(727) 442-6040
ASC Aluminum Specialty,(727) 547-8300
Horus Construction,(727) 898-6877
Richards Hauling Service,(888) 513-8264
Sun State Pavers,(727) 898-6789
Moore Home Restoration,(813) 767-1775
Astech Engineering,(727) 526-8807
C T Earle Corporation,(813) 677-7803
Ltl Construction,(813) 242-4848
