Virginia Home Repair,(757) 409-7372
Hometown Remodeling,(757) 426-0920
J Sadler Company LLC,(757) 362-4916
Universal Pest & Termite,(757) 502-0200
Jerry Harris Remodeling,(757) 545-4551
Sunset Home Repair,(757) 235-3320
Tony and Son Plumbing,(757) 675-6266
Ocean Spray Pressure Washing & Home Services,(757) 550-1757
Sadler Building Corporation,(757) 491-7939
Moose Home Repair,(757) 641-2373
Brush It On Paint Co. LLC,(757) 574-4699
All-Star Glass & Mirror,(757) 222-1721
Xclusive Designs,(757) 620-9239
Maupins Well-Drilling,(757) 621-0396
911 Restoration,(757) 606-0749
Custom Home Improvements of Hampton Roads,(757) 689-2734
Favor Flooring,(757) 828-9083
Paramount Builders Inc,(757) 340-9000
JES Foundation Repair,(877) 575-5098
Pisces Construction Company,(757) 368-3811
Colonial Barns & Sheds,(757) 482-2234
The Paint Crew LLC,(757) 469-1281
Anderson Contracting,(757) 213-6886
Just A Touch Services,(757) 399-8447
Jim Hicks Home Improvement,(757) 706-3110
Daltile Sales Service Center,(757) 460-2900
Marjos Complete Remodeling Service,(757) 425-2284
Coastal Chimney & Contracting,(757) 966-6321
Bay Crawlspace Solutions,(757) 460-0444
Accurate Siding & Windows Inc.,(757) 301-6972
Coastline Construction,(757) 285-3838
MJN Construction,(747) 472-2037
Window Gang,(757) 425-1211
Church Development Services,(757) 623-3701
Regal Renovations,(757) 321-8082
AEI,(757) 359-7663
Genuine Building Concepts,(757) 773-7673
Virginia Foundation Solutions,(757) 340-0917
TKM Homes & Builders - The Kings Men LLC,(757) 456-1295
J Hutson & Company,(757) 652-5310
Goochee Enterprises,(757) 613-1691
Coastal Services Incorporated,(757) 724-3020
Hylton Builders,(757) 382-7266
QA Development Corp.,(757) 471-4598
VarCon Corp,(757) 739-5083
Bayshore Remodeling,(757) 439-1094
Allied Contracting,(757) 410-9141
Gees Group,(757) 340-7355
RAS Remodeling,(757) 933-3888
Erik Homes,(757) 227-6898
Sheds By Ken,(757) 652-2457
Kingdom Renovators,(757) 334-4445
Coastal Virginia Contracting,(757) 735-4516
Home Werks By The Bay,(866) 403-9611
Sean fixes Johns plumbing,(757) 243-3013
Axis Global Enterprises,(757) 857-4777
VB Contractors Inc,(757) 491-1996
VB Homes LLC,(757) 491-1996
Leland Enterprises Inc.,(757) 486-1788
5 Day Kitchens of Hampton Roads,(757) 563-4896
Handyman Matters,(757) 275-8438
Square Foot Builders,(757) 431-1640
Triton Contracting Services,(757) 404-2185
Crawlspace Experts,(757) 397-3787
American Pool Table Doctors,(757) 470-0473
Coradi Contracting,(757) 409-7776
Mikes Electrical Service,(757) 497-5982
JUS-4-U Inc,(757) 204-5941
Old Dominion Improvements,(757) 363-9500
Reno It Right,(647) 771-1481
Organized Renovations,(757) 615-9601
Stafford & Son Builders,(757) 472-3111
RBC Homes,(757) 427-1199
Get It Done Contracting Inc.,(757) 639-1712
Dynamic Drain Technologies,(855) 937-6944
Wade Brothers Painting Co.,(757) 435-7845
A & A Wall & Ceiling Repair,(757) 406-2226
Terrys Home Modernization Center,(757) 340-4444
Mitchells Wood Working,(757) 340-4154
Bobs Jobs,(757) 318-0484
All Day Plumbing Inc.,(757) 512-5488
Bath Planet of Virginia Beach,(757) 512-7204
Spence Marine Construction,(757) 463-7700
Property Preservation of Virginia LLC,(757) 390-0390
Lara Contracting,(757) 897-3303
Zbz & Associates,(757) 463-5331
Virginia Home Elevator,(757) 749-9532
Dragas Management Corporation,(757) 490-0161
L.R. Hill Custom Builders,(757) 340-0530
Jes Foundation Repair,(757) 250-5497
Regent Stone Products,(757) 340-5611
J G Evans Construction,(757) 463-1015
Coastal Contracting Services,(757) 498-3096
Turnkey Home Flips,(757) 644-5514
Probuilds,(757) 692-8981
Inside/Out Contracting LLC.,(757) 615-3654
Allegiance Contractors,(757) 746-2838
Tidewater Building Group,(757) 478-5192
AdvantaClean,(757) 716-7062
The Window Man,(757) 273-9251
Hippo Structures,(888) 234-0475
Next Level Exteriors,(757) 644-1778
S.W.Howell Contracting Inc,(757) 426-5146
Labor Finders,(757) 490-4590
Waterfront Marine Construction Inc,(757) 468-1500
Healthy Home Modifications Llc,(757) 905-0500
Clean Bee,(757) 286-4592
Kasa Klean,(757) 510-6313
Bordeaux Construction Services,(757) 718-8427
Energy Saving Exteriors,(757) 301-2446
Del Mar Pool And Spa,(757) 309-1530
Paradise Builders,(757) 816-9202
J & R Services,(757) 679-2454
Coles Concrete,(757) 819-3123
Cunninghams Pump & Well,(757) 467-4500
C-Side Granite,(757) 685-6938
Action Paving & Construction Inc,(757) 431-8383
Cavalier Enterprises,(757) 681-7851
Ewing Construction,(757) 474-1281
Ford Pile Foundations,(757) 497-3593
Agape Business Group,(757) 321-8082
Ambassador Door Services,(757) 284-1264
RC Duct Masters,(757) 241-3828
East Coast Leisure,(757) 340-9882
Dutch Barns,(757) 497-7356
Restoration Exteriors LLC,(757) 209-2419
Contractors On Call,(757) 264-6678
Synergy Air,(757) 305-9345
Ground Effects Lawn Service,(757) 651-4048
Lawn-Aid,(757) 769-8186
Virginia Beach Pools,(757) 544-0674
HomePro Masters,(757) 237-2514
Atlantic Glass &amp; Mirror,(757) 491-6477
VA Roof Leaks,(757) 651-1389
J G Horton & Son Construction Corp,(757) 490-1067
Safeway Steel Buildings,(800) 818-2245
Kempsville Roofing Inc.,(757) 468-3202
Renaissance Remodeling,(757) 279-8415
Sun Cross Services Corporation,(757) 490-1170
BOVE Designer Finishes,(757) 499-2683
The Water H2ole,(757) 422-9991
ReVision Home Improvements,(757) 575-0176
LRD Roofing & Associates,(757) 285-2704
Skye-Brynn Enterprises Inc.,(757) 235-9933
Aqualantic pools,(757) 718-1325
David Barco Plasterings and Drywall,(757) 327-7139
Affordable Brick Repair,(757) 737-9779
Affordable Brick Repair LLC,(757) 657-7521
Sun Equipment Incorporated,(757) 333-4900
Dimestar,(757) 739-4294
McGee Contracting,(757) 636-1663
McDrake Enterprises,(757) 642-6284
Shutter Door Antiques,(757) 422-6999
Sonnys Mechanical Service,(757) 428-4105
T. Grace Grease Trap & Sewer Pump Station Specialist,(757) 321-1008
FX Remodeling & Exteriors,(757) 913-5198
American Preservation Services,(757) 255-8505
All In 1 Power Cleaning Service,(757) 301-7558
TechPort Consultants,(757) 636-3377
Creative Concepts Investments,(757) 356-5453
Aapex Roofing Company,(757) 663-7708
Marscheider Properties,(757) 961-8228
Atlantic Exteriors,(757) 288-6774
Ace Home Improvements,(757) 424-7283
Under Construction,(757) 995-3462
PC Kitchen Design,(757) 560-8836
Beach Front Window Cleaning,(757) 617-3145
Lanes Services,(757) 737-6905
JF Schoch Building Corp,(757) 495-5050
Amazing reglazing,(757) 965-9850
One Eleven Handyman Services,(757) 737-5111
American Construction Company,(757) 401-4207
Armada Hoffler,(757) 366-4000
Mighty Built Roofing,(757) 581-2685
Shorebreak Home Improvements,(757) 646-3690
Turners Pool Service,(757) 671-7619
ECO Technologies,(757) 619-2823
Virginia Beach Patios,(757) 266-8075
The Maintenance Company,(757) 581-6351
Coastal Property Services,(757) 737-0307
HomePro Masters,(757) 237-2514
Miss Pristine House Cleaning,(757) 515-0926
Gildersleeve Geothermal,(757) 855-0034
Rocky Start Enterprises,(757) 408-3822
Frank Moralde Construction,(757) 403-1854
Guardian Chimney Cleaning,(757) 216-1076
Turfs Up Landscaping,(757) 469-1281
Creative Living,(757) 597-4061
Family Security Dcjs 11-1890,(757) 430-1177
Familia Renovations,(757) 401-4364
ACE Masonry & General Repairs,(757) 943-9223
Marleigh Painting & Construction,(757) 793-0210
Hampton Roads Builders Roofing & Siding,(757) 716-4028
Litl Js Carpet Cleaning,(757) 495-8972
Cooper Interior,(757) 287-8226
The Insulation Doctor,(757) 502-0200
Styron Building,(757) 407-1088
OToole Foundation Repair,(757) 718-5665
Macra LLC,(757) 425-6386
Frank Moralde Construction,(757) 403-1854
East Coast Construction Group / Green Remodeling Group,(757) 644-4263
Payton Family Construction,(757) 428-0843
Marcs Pressure Cleaning & Roof Cleaning Services Inc.,(757) 461-9151
Tci,(757) 306-0348
Gusremodeling,(757) 463-5263
Wrightway Enterprises,(757) 431-2080
Beach Washers,(757) 407-0005
Bay Homes & Bay Dry Walls,(757) 431-9400
Indian River Water,(757) 340-3535
Sicash Builders,(757) 340-3535
Turok Construction,(757) 431-9133
Crawl Space Door Systems Inc.,(757) 274-9989
K & B Construction,(757) 498-3200
American Repair Services,(757) 486-5588
In and Out Home improvent,(757) 679-1892
P & M Construction,(757) 306-7022
Branyan Building Corporation,(757) 747-7000
J.B.R. Inc.,(757) 383-4367
Sure Thing Personal Touch Cleaning Services,(757) 322-0705
Heavens Touch Cleaning Service,(757) 621-2429
Beach Brothers Contracting of Tidewater,(757) 339-6100
Taf Group,(757) 340-5055
Futura Group Llc,(757) 428-7812
Rolyn Construction,(757) 463-5525
Seaside Design & Development,(757) 200-5000
Clark Woodworks & Home Remolding,(757) 676-3023
Inlet Contracting Inc,(757) 434-5894
M & M Contractors,(757) 227-5940
Als Welding Service,(757) 714-2930
Turtle Rock Construction,(757) 306-8681
Ray Weidner Plaster & Drywall,(757) 435-6667
Byrd Realty,(757) 431-2222
Integrity Builders,(757) 481-9620
A1 Exterior Wall Creations,(757) 818-5194
Sussex Development,(757) 422-2400
Hill Larry R,(757) 340-0530
Gallagher Associates,(757) 463-6467
Michael D Sifen,(757) 498-7082
Integrity Contracting,(757) 631-0101
G V & Sons Roofing Siding Sheet Metal & Construction,(757) 761-6353
B & B Renovation & Chimney Sweep,(757) 463-2322
Virginia Beach Roofing Consultants,(757) 903-0394
Eagle Restorations,(800) 686-3359
Caruana Homes,(757) 306-7700
Andromeda Systems,(757) 340-9070
Deford Companies,(757) 340-5035
Raven Enterprises,(757) 572-4058
The Southside Woodshop Inc.,(757) 366-8828
R & H Builders,(757) 431-9330
Accurate Exteriors,(757) 463-9846
J D & W,(757) 340-8411
Pinnacle Contracting,(757) 685-2680
Armstrong R L Construction,(757) 498-4408
Apex Construction,(757) 431-2740
Precision Chimney Cleaners,(757) 523-5475
Denny Jb Company,(757) 631-0234
Kraus Construction Company of Va,(757) 498-8906
Home Modernization Center,(757) 340-4444
Johnson & Johnson Building Remodeling LLC,(757) 615-5928
Fuller Construction,(757) 463-6210
Advanced Building & Remodeling,(757) 306-9885
Absolute Drywall & Texturing,(757) 729-3629
East Coast Leisure Centers,(757) 340-9882
Carl-Son Builders,(757) 306-4075
T Ward Enterprises Homes & Maintentance,(757) 368-3758
Sawyer Construction Co,(757) 486-0938
S E Page Custom Homes,(757) 306-7080
Hardy Building Corporation,(757) 463-5666
DM Barbini llc,(757) 435-7422
Rolyn Construction,(757) 463-5185
Diamond Equipment Contracting,(757) 463-1711
R H Builders,(757) 519-9063
Cast Stone,(757) 498-9050
US Remodelers,(800) 439-6857
New Dominion Contractors,(757) 621-8000
Aspen Building,(757) 467-3304
Shore Building Corporation,(757) 468-7060
Cardinal Building Corporation,(757) 340-0874
Lindale Construction,(757) 546-8075
Classic Designs Builders,(757) 431-7873
21st Century Home Remodeling,(757) 368-0135
Towne Development,(757) 222-1700
Ocean Properties,(757) 631-5800
Kurtz John Construction,(757) 340-6433
Brenneman Cabinets,(757) 553-4213
Ackerman Construction Co,(757) 431-9553
Sifen Michael D,(757) 486-1122
Hourigan Construction,(757) 499-1464
Colonial Construction Material,(757) 486-1515
All Seasons Contractors,(757) 965-3567
Pace Construction & Development,(757) 490-7000
Hampton Roads Contractors,(757) 497-8181
Seay Company,(757) 340-8444
Rich Fisher Construction,(757) 650-1023
M & M Contractors,(757) 671-1710
Ainslie-Widener,(757) 499-7000
Builders by Design,(757) 961-7373
Hms Construction,(757) 481-6575
Richard W Setzer Electrical & Mechanical Contractor,(757) 305-9369
Coastal Wood Specialties,(757) 343-7304
Voliva Enterprises,(757) 428-2500
S C Voliva,(757) 498-3273
E.V. Williams Inc.,(757) 420-1140
Marsha Lynn Building,(757) 490-5900
Precision Construction Monitoring Services,(757) 962-4845
E & J Enterprises LLC,(757) 552-7009
Ashling Homes,(757) 216-9203
Breeden Company Inc,(757) 486-1000
Dominion Building,(757) 467-7000
Baxter Construction,(757) 463-6002
Crace Johnson Construction,(757) 431-1647
Rch Corporation,(757) 425-3644
Lowery Construction,(757) 431-1900
Pinnacle Construction,(757) 495-7211
Masterpiece Homes,(757) 499-4555
Smith R H Jr & Son Elec Contrs,(757) 340-4010
Chesapeake Bay Contractors,(757) 468-4600
Shoreline Contractors,(757) 368-8820
A & A Landscaping Inc.,(757) 818-9022
Tignor Steve Painting,(757) 497-4919
Davis Floyd R General Contractor,(757) 499-2368
Ddd Construction Management,(757) 481-0877
Mister Renovator,(757) 227-6660
Kemp Contracting,(757) 468-8091
Prevailance Inc.,(757) 309-4572
Pincus C L,(757) 468-5100
S B Ballard Construction Company,(757) 440-5555
PuroClean Property Damage Restoration,(757) 389-7127
A2Z Repair & Remodel,(757) 739-6798
Improvements Tidewater,(757) 463-5770
Tms Construction,(757) 468-2788
Brown Building,(757) 473-0212
Cardinal Design-Build,(757) 627-7788
Style Design Builders,(757) 291-6299
Block Construction,(757) 498-1404
Cavalier Builders,(757) 499-9040
Lanning Construction Co,(757) 422-6890
Bhi Commercial,(757) 468-1505
Artisan Building Group,(757) 456-2515
B & H Concrete Construction,(757) 431-1000
Weatherproofing Services,(757) 270-0359
Asphalt Roads & Materials Co,(757) 497-3591
Cavalier Builders,(757) 499-9040
Chucks Construction,(757) 747-2802
JG Construction & Renovation,(757) 695-4331
Monarch Building,(757) 717-0318
Tci,(757) 468-2626
Conquest,(757) 306-9800
Sister Stewart & Brother Brown,(757) 228-2126
R & R Home Repair,(757) 409-4214
Svs Construction,(757) 721-5069
Clean Away,(757) 499-5266
Quality Building,(757) 481-5514
A V Associates,(757) 363-8200
Rashkind Michael P,(757) 363-8200
Restoration Guild,(757) 839-6610
21st Century Builders,(757) 631-8080
Mgt Construction Management,(804) 285-7140
Aragona Construction,(757) 486-3345
Raymond Key Commercial Contracting,(757) 689-8658
Woodmasters,(757) 689-8658
Atlantic Marine Construction Co,(757) 362-0023
Mullins Frank,(757) 460-4090
Affinity Homes,(757) 671-1197
Capatlantic Construction,(757) 490-8580
R D Contractors,(757) 497-4828
Affordable Materials Delivered,(757) 285-7767
Levi Jack M Painting Contractor,(757) 467-4070
Superior Services,(757) 497-3535
Reliable Handyman Services,(757) 434-1885
DB Construction and Property Management,(757) 348-5852
DJ Construction,(757) 430-2612
East Coast Leisure Centers,(757) 340-9882
Exteriors Plus,(757) 456-2970
Custom Home Improvementss & Repair of Hampton Roads,(757) 689-2734
Mak Construction,(757) 422-3410
Virginia Stairs,(757) 425-6681
Parsons Construction,(757) 497-2526
Raymond Key Commercial Contracting,(757) 368-0777
Crumley Group,(757) 428-5252
Walters Company Inc,(757) 490-0413
East Bay Construction,(757) 463-1735
Fair Renovation & Construction,(757) 644-5617
H & H Construction,(757) 473-0564
American Construction Company Remodeling Group,(571) 420-0480
All Surface Rejuvenation,(757) 394-3104
B & B Remodeling,(757) 631-1429
Hawk Residential Construction,(757) 473-8516
Mote J Harry & Son General Contractors,(757) 499-8533
Hipk,(757) 318-7654
Custom Concept Remodeling,(757) 231-6057
Sun Bay Contracting,(757) 557-0100
Conner Construction,(757) 502-0160
Assured Construction,(757) 497-7566
Sykes J W Construction,(757) 464-5095
Joffe Eric Construction,(757) 481-0557
Commonwealth Construction,(757) 490-8700
Independence Construction Co of Va,(757) 490-1500
D W Gatling,(757) 499-9898
Drl Services,(757) 481-3003
Trn,(757) 390-4410
Jag General Contractor,(757) 491-2721
Rons Plumbing and Restoration Services,(757) 510-3222
Clean Masters,(757) 313-6262
Lakeside Construction,(757) 499-5961
Patriot Mapping,(757) 618-2289
Bhi Commercial,(757) 422-0242
James Baker Customer Builder,(757) 456-2288
Oak Grove Remodeling & Repair,(757) 675-4188
Mac Enterprises,(757) 428-2709
London Bridge Welding,(757) 425-8777
All In 1 Power Cleaning Services,(757) 301-7558
Ameri-Mex Framing & Construction Llc Class A Liscensed,(757) 282-6890
Kempsville Contracting Services,(757) 467-5269
H L Commercial Construction,(757) 417-0927
Spectrum Construction,(757) 961-0233
Ace House Movers,(757) 588-0670
Taylor Floors,(757) 961-8991
Seabreeze Construction,(757) 464-6101
Geronimo Construction,(757) 460-2169
Wallace Construction,(757) 497-1655
Ripley Heatwole Company,(757) 473-8575
Virginia Title & Mortgage,(757) 473-8575
R H Builders,(757) 473-8575
Summer Place Townhomes,(757) 473-8575
Virginia Financial Advisors,(757) 473-8575
Howard Marine Construction,(757) 248-0412
Hourigan Construction,(757) 499-3434
S & E Builders,(757) 499-5955
Paul Davis Restoration,(757) 512-7770
Noah Enterprises,(757) 437-2300
Richard W Setzer Electrical & Mechanical Contractor,(757) 440-3566
Smith Garland Construction & Exterminating,(757) 496-1910
Definitive Homes,(757) 460-9606
Ewi Contracting,(757) 474-2727
R-Con Construction,(757) 417-7195
Creative Group,(757) 340-3600
Conley Brothers,(757) 481-4111
Cousins Construction Co,(757) 465-4485
J D & W Construction,(757) 496-0826
Creech Construction,(757) 340-1771
McQ Builders & Developers,(757) 496-9501
Aapex Roofing Company,(757) 663-7708
Garcia Roofing and Construction,(757) 200-6569
Reca V L Contrs Eqpt,(757) 496-3300
D & M Concrete Construction,(757) 395-4499
AMB Masonry Inc,(757) 353-4361
R M L,(757) 460-4499
Wel-Vant Construction,(757) 855-7710
S B Williams Contracting,(757) 478-3809
Odonnell Construction,(757) 430-6830
Commercial Construction Service,(757) 460-8070
Everest Construction Management Group,(757) 963-8343
B & G Home Improvement Inc,(757) 439-6112
Earth Savers,(757) 417-0334
Pro-Mit,(757) 647-6095
J Mac Development,(757) 422-3200
Genovese Anthony S,(757) 425-7810
Asg,(757) 425-7810
Hauser Construction,(757) 428-7252
Kravchak Construction Inc.,(757) 469-1987
J F Schoch Building,(757) 495-5050
Chrome General Contractors,(757) 474-6656
Simmon & Cashvan,(757) 340-3535
Samco Construction,(757) 427-3000
J M Froehler Construction,(757) 481-5801
Warner Construction,(757) 460-1961
Hayes Construction Co-Dempsey Hayes,(757) 481-2747
Kgd Productions,(757) 456-0072
Terry-Peterson Residential,(757) 460-1770
Covington & Assoc Realtors,(757) 490-9675
L S Griffin,(757) 355-2460
Crawl Space Systems,(757) 679-4800
MSD Concrete,(757) 426-6012
Dragas Homes,(757) 496-3200
Total Merchant Services of VA,(757) 425-9328
Tetra Companies Llc,(757) 460-0167
Custom Contracting,(866) 855-6866
Tidewater Skanska,(757) 420-4140
Cape Henry Builders,(757) 422-8613
Eastern Marine Construction,(757) 481-5871
Cox L Hill,(757) 468-0888
Cox L Hill Bldr,(757) 468-5720
Accent Custom Carpentry,(757) 573-5339
Whitney Construction,(757) 619-9595
The Pool Guyz,(757) 463-0600
Brian Hauser Contractor,(757) 422-1850
Debord Custom Homes,(757) 318-7170
Waller Enterprises,(757) 425-0212
Francavilla Building,(757) 460-6110
Bay Lake Construction,(757) 318-7381
Chesapeake Builders,(757) 464-0418
Baymark Construction,(757) 491-1240
Monaco Homes,(757) 425-8288
Coleman Construction,(757) 466-0711
Old Dominion Utility Services,(757) 417-7194
Gunn Contracting,(757) 422-0493
Long On Site Contractors,(757) 428-7483
Enterprise Builders,(757) 721-4204
Riesbeck Contracting,(757) 428-4800
Westview Building,(757) 420-8428
Okay Construction,(757) 479-8500
Builders Solutions,(757) 464-1555
Sykes James M Construction,(757) 422-8348
McKenzie Construction Corporation,(757) 422-6177
Solid Stone Solutions,(757) 467-0132
ACTS Group,(757) 504-3437
Thompson H L,(757) 464-6082
Professional Building Services of VA,(757) 729-5679
Rays Odd Jobs Unlimited,(757) 383-8013
Garrett Contracting,(757) 499-7577
Built Right,(757) 321-0776
Mamoudis John Contractor,(757) 422-0700
The Gillen Company,(757) 353-0533
Hardwick Construction,(757) 962-1856
Widener Homes,(757) 425-0594
Cougar Development,(703) 926-4603
Nelin Brothers,(757) 340-1575
Marlyn Development Corporation,(757) 437-1677
Bill Thow Home Improvements,(757) 685-1594
Turner Construction,(757) 417-6457
The Savin Company,(757) 425-5551
Fast Track Commercial,(757) 422-8540
Waypoint Development,(757) 222-7669
Acacia Gold Construction,(757) 362-4997
Daves Concrete,(757) 714-8264
Sheltondean,(757) 361-0077
J B Sims & Co,(757) 491-2255
Macra,(757) 493-3686
Tidewater Utility Construction,(757) 671-9080
Martin Brothers Construction Steven Martin,(757) 479-0228
Paul Davis Restoration,(757) 512-7770
Borte Construction and Design,(757) 486-9000
ProHome Improvements,(757) 479-4800
Freestyle Construction,(757) 395-4332
B F Emerson Custom Homes,(757) 479-1140
Mosaic Construction,(757) 650-9677
Dominion Building Group,(757) 491-5592
Virginia Flooring Corporation,(757) 480-9663
Schwartz Mechanical,(757) 644-7353
The Paver Guyz,(757) 266-5071
Stryon Building,(757) 407-1088
Hietpas Construction,(757) 721-3385
Flint Construction Company,(757) 363-8576
Tidewater Skanska,(757) 420-4140
Staylors Mobile Home Care Center,(757) 482-5611
Hobbs Phil R & Son,(757) 420-5833
Concrete Jack,(855) 603-6321
L & M Contractors,(757) 523-2490
Waller Constr Co,(757) 426-2191
Benson Builders,(757) 496-9613
Seacoast Construction Fabrics,(757) 426-7440
Shields Custom Builders W S,(757) 721-5929
C&K Improvements,(757) 597-8656
MJ Wyles Builders,(757) 679-1414
Whatley Construction,(757) 424-3710
Sandbridge Marine Corporation,(757) 778-2800
Resource Building Corp,(757) 427-1199
First Light,(757) 426-2195
McGhees Concrete Inc.,(757) 328-4747
Granite Countertop Experts LLC,(757) 826-9316
W B Brawley Company,(757) 426-2195
Best Construction,(757) 721-1054
Atlantic Craftsman,(757) 485-4871
Parkway Manufacturing Co Inc,(757) 896-9712
Ms. Perfection Cleaning Service,(757) 353-3872
Mike Bliss LLC,(757) 288-8434
Atlantic Plastering & Painting,(757) 583-4312
D & S Construction,(757) 251-2679
AMC 911 - Foundation Repair,(757) 932-5134
Paneling Factory,(757) 461-1454
Joe Vito & Company,(757) 560-4035
American Road Markings,(757) 857-0734
M&A Roof Home Improvement,(757) 779-5244
Global Home Decor,(757) 459-9909
Dream Home Solutions,(757) 913-5158
VA Smart Homes,(757) 663-5891
Target Group,(757) 435-7543
Pro Tech Siding Plus Inc,(757) 338-0589
II Macks Cleaning Service,(757) 724-2129
Luper Construction,(757) 323-7034
Integrity Building and Restoration Services,(757) 630-6641
Rook Renovations,(757) 270-0246
Outdoor Designers,(757) 816-1000
Sam Wright & Sons Fence Co,(757) 818-3404
Coastal Poolscapes,(757) 912-5999
A Step In Time Chimney Sweeps,(540) 710-9730
Mr Rogers Windows & Doors,(757) 436-2200
Designs of Distinction,(757) 547-8196
Affordable Hardscapes of Virginia,(757) 268-2220
Phelps Construction,(757) 675-9404
CB Jenkins Construction LLC,(757) 771-0989
Deloach General Contracting Company,(757) 640-4401
Tidewater Pro Build,(757) 515-0600
Re-Bath - Newport News,(757) 321-7103
SoftWash Pros,(757) 814-5765
American Innovative Services,(757) 774-1904
Farris Enterprises,(757) 484-4813
Sasser Construction,(757) 484-6075
Nansemond Exteriors,(757) 539-6363
Deas Construction Co Inc,(757) 595-1621
Steve Freeman Contractor,(757) 477-7064
MNC Construction,(757) 880-6335
Beez Construction,(757) 725-9397
Professional Contractors Group,(757) 288-0108
Don Jones Builders & Home Improvement,(757) 359-4599
BEDE Contracting,(757) 401-7589
Compo Construction,(757) 858-2184
Reico Kitchen & Bath,(757) 564-4820
Pioneer Builders,(757) 390-0390
Hall Floor Covering,(757) 262-7162
Chesapeake Custom Builders,(757) 606-3061
Hercules Fence,(757) 321-6700
Optimum Interior Painting,(757) 371-8214
Straight N Level,(757) 344-6758
Hapax,(757) 333-4825
GM Pro Finishes,(757) 777-1601
Jonathans Electric,(757) 329-0372
Ram Jack of Eastern Virginia,(757) 766-1767
B & T Kitchens,(757) 625-8400
Criner Remodeling,(757) 868-6200
American Interior Contractors,(757) 228-5998
A D M Drywall & Painting,(757) 394-2381
Signature Pools,(757) 652-0101
M M Rollins and Company,(757) 426-6459
Hampton Roads General Contracting Inc.,(757) 472-5012
TileGuy Contracting,(757) 749-5947
Freedom Electric,(757) 485-8770
JGM Enterprise,(757) 288-0400
Unique Home Creations,(757) 737-0590
Greco Concrete Construction,(757) 721-7339
Cornerstone Building Co,(757) 427-7016
MAP Contracting Corp,(757) 623-1552
Coverall Cleaning,(757) 433-1000
The Reliable Remodeler,(757) 544-2965
Safway Services,(757) 461-4301
All In Builders,(757) 570-8510
Moore & Sons Builder,(757) 220-2986
AMC911 - Atlas Master Companies,(571) 599-2148
Ericco Inc,(757) 544-2965
Affordable Exteriors & Handyman Service,(757) 286-0214
Davenport Masonry LLC.,(757) 685-8892
Air Duct Cleaners Of Virginia,(757) 366-5237
Jett Clean Recovery,(757) 323-6479
James Skipper Painting,(757) 403-4451
Gibraltar Group Remodeling and Construction,(757) 324-6419
Structural Solutions & Home Repair LLC,(757) 802-3401
Choice Builders,(757) 550-3247
AAA Welding & Repair,(757) 853-6005
DH Construction & Improvements,(757) 420-4990
Watab Construction,(757) 362-0031
Top Notch Brick & Block Masonry Inc.,(757) 675-2729
B&I Construction,(757) 632-0445
Able Tub Repair,(757) 478-5140
Beach Beautifiers,(757) 855-8000
Arnolds Custom Renovations,(757) 227-8910
L & J Consultants & Hauling,(757) 739-9926
Full Circle Kitchen & Bath,(757) 237-0520
B.P.L. Enterprises,(757) 717-2600
Aegean Pools Inc,(757) 436-0038
Harbor View Associates,(757) 965-3800
Top Notch Brick & Block Masonry Inc.,(757) 675-2729
Smith R W Inc,(757) 853-8947
Come Dumpster Service,(757) 853-5599
Anderson Contracting,(757) 675-4914
BK Williams Construction,(757) 646-4968
AppleOne Employment Services,(757) 382-5900
L&M Construction,(757) 805-7501
Accurate Machine,(757) 853-2136
Hickory Custom,(757) 560-7196
Rendon Construction,(757) 459-2068
Structural Steel Group,(757) 410-4930
BELFOR Property Restoration,(757) 547-9400
Dalton Roofing,(757) 857-4001
Homes by Jake,(757) 855-8588
Total Home Services,(252) 395-3293
757 Construction,(757) 847-5081
Quality Building Prods,(757) 447-9666
All Trades of Tidewater,(757) 855-0011
David Sulouff Plumbing,(757) 818-4482
Kevcor Contracting,(757) 461-0700
Wilson G L Building,(757) 466-0770
KLB Builders,(757) 373-8713
Re-Bath,(757) 631-7200
Advantis Real Estate Services Company,(757) 627-0661
National Exterminating Company,(757) 479-1776
Image Exteriors,(757) 652-8878
Hired Hammers,(757) 470-0702
David Barco Plasterings and Drywall Service,(757) 650-7928
Vanguard Contractors,(757) 423-1560
Enforcer Drain Cleaning & Services,(888) 907-6987
Norfolk Roofing Company,(757) 588-7663
Caddell Electric Co,(757) 625-4261
B & J Building,(757) 434-6803
A Grade Solutions Home Improvement,(757) 644-4676
Clipper Bay Tile,(757) 462-6235
Classic Creations of Tidewater,(757) 548-1442
Bold Design Build,(757) 855-2555
Z,(757) 855-1120
Pierce & Pierce Construction,(757) 461-0113
Don Jones Home Repairs and Improvements,(757) 359-4599
Pipe Vision,(877) 334-5557
Beck Associates PC,(757) 588-0555
Axis Utility Construction,(757) 466-2888
Trinity Construction Services,(757) 455-8660
Martin H W Contrctr,(757) 855-6112
Womack Contractors,(757) 466-8535
Paris Contracting And Electrical Services,(757) 777-4946
A C Industries,(757) 466-0730
Super Struct,(757) 228-1141
Infinity Construction,(757) 366-9100
Coastal Caulking & Sealants,(757) 410-3187
Anteon Corporation,(757) 493-7120
International Green Building Group,(757) 944-3066
John D Lucey & Son Plumbing Contractor,(757) 543-9441
Virginia Beach Roofing & Siding Company,(757) 631-8100
Associated Builders & Contractors,(757) 855-8220
American Home & Business,(757) 424-4800
Mid Atlantic Petroleum Services,(757) 424-9726
Exquisite Custom Cabinets,(757) 625-5622
Advanced Engineering Construction,(757) 424-5447
Lpi Technical Services,(757) 222-1865
Creative Concepts Investments,(757) 769-7779
E R Lenz Contracting Inc,(757) 357-7785
Woodard Group,(757) 853-5000
I H C,(757) 464-2745
All About Chimneys,(757) 737-0014
Desk Doctor,(757) 627-0450
Advanced Temporaries,(757) 533-9188
Wenani Homes & Flooring,(757) 828-5496
The Cornell Group,(757) 286-5499
Azalea Bulldozing & Landscaping Service,(757) 853-9652
Ebb Tide Construction & Developer,(757) 855-8559
Corprew Quality Cleaning,(757) 535-1078
Senture Security Solutions,(757) 424-5751
Construction Solutions,(757) 366-5070
Atlantic Coast Contracting,(757) 962-8670
D G Gregory Construction,(757) 583-1521
A 1 Robert Broadhurst Plaster & Repair,(757) 237-5999
Valentine Roofing & Construction,(757) 222-8552
Atlantic Building & Remodeling,(757) 366-8935
G & B Earthworks,(757) 502-0393
Final Phase Limited,(757) 361-0041
Coredrilling Etc,(757) 312-8134
Hickman Ambrose,(757) 420-3595
DK Paragon,(757) 289-8969
Residential Advantage,(757) 410-3995
L & H Contracting of Va,(757) 420-1116
Schneider Custom Builders,(757) 819-4466
Walter Wilson Inc,(757) 469-3958
Cm2,(757) 499-8692
Tradesmen International,(757) 366-5611
Swift Garages Siding Windows Sunrooms,(757) 853-7689
Raven Enterprises,(757) 572-4058
Contractors Paving Co,(757) 340-1161
Buch Construction,(757) 366-5890
US Construction Trailers,(757) 802-5941
Blueridge General,(757) 627-9914
Hoy Construction,(757) 853-5557
Vista Construction,(757) 531-7187
JP Services INC,(757) 548-0271
Atlantic Blueridge Elevator Company,(757) 490-8255
Branscome,(757) 622-4200
Vulcan Materials,(757) 494-3202
AM Handyman & Remodeling,(757) 816-3599
Sun Products,(757) 466-3340
Carlson Enterprises,(757) 548-8665
Arriba Corporation,(757) 200-6733
Qed Systems,(757) 858-7000
Bishop Renovation & Builders,(757) 855-7137
Cochran & Fuller Cleaning Services,(757) 853-4478
Caci,(757) 494-1162
Atc Building,(757) 588-2999
Ark Construction,(757) 773-5313
Malpass Construction Co,(757) 543-3541
Malpass Construction Co,(757) 424-6569
Stevens Roofing Corp,(757) 489-8791
Paragon Painting and Power Washing,(757) 405-7821
Wash Systems Pressure Washing,(757) 338-5097
Carole-Ann Construction,(757) 547-8210
GutterWhiz Gutter Cleaner,(757) 646-7904
Castle Residential Services,(757) 587-0847
Ocean Construction & Development,(757) 424-8435
Tabor Electrical Construction,(757) 366-9916
Portner & Regan Contracting,(757) 623-5818
Marriott Event Booking Contractor,(757) 420-7682
J Hoy,(757) 533-9492
Rin-Buhr Construction,(757) 858-1555
D J W Construction Co,(757) 547-4392
Wallace Construction,(757) 855-5661
Lambert R D & Son,(757) 420-5860
D & W Garages,(757) 465-0115
Custom Structures,(757) 853-4728
Tropical Construction,(757) 853-4728
Affordable Military Services,(757) 855-4772
Trinity Contracting,(757) 480-3070
Gary Builders,(757) 853-6018
Skillforce,(757) 436-0089
Vanguard Contractors,(757) 766-1157
Overholt Contracting,(757) 482-4736
Hudgins R E,(757) 853-1822
Guilbaud Enterprises,(757) 410-2940
Ashdon Builders,(757) 312-9161
Virginia Beach Roofing & Construction,(757) 231-6878
Atlantic Coastal Contractors,(757) 547-2220
Clark Development,(757) 451-8236
Britton Construction,(757) 679-6742
Vika Contracting,(757) 393-0009
Samuel Werth,(757) 857-1504
Marshall Meredith,(757) 855-8605
Mannco Development,(757) 855-9124
Meredith W B II,(757) 855-8067
Rji General Contractors,(757) 382-5015
Brinks Construction,(480) 286-9766
K Kontractors,(757) 622-6797
Construction Supply & Equipment Co,(757) 436-0010
C & M Contracting,(757) 361-9425
C & M Comtracting,(757) 523-5085
M S D Contracting,(757) 361-9436
Gateway Equipment,(757) 361-9473
Rivers End Development,(757) 361-0110
Dow Construction,(757) 558-6049
Construction Gardening & Clenng,(757) 753-4705
C Wright Contracting,(757) 549-2559
R T Atkison Building,(757) 399-2485
Watson Electrical Construction Co,(757) 436-1006
Wizardcraft Construction,(757) 339-1250
Brydge D B Contractors,(757) 547-4932
Stevens Construction,(757) 547-3536
Kenseal Construction,(757) 420-5367
Namsemond Builders,(757) 547-8888
Bateman Gerling & Associates,(757) 547-9216
Seaboard Mechanical Services,(757) 548-0565
W M Schlosser Co,(757) 312-0649
Armada Hoffler Construction,(757) 366-4000
Electrical Contractors Association of Tidewater,(757) 855-0011
International Construction & Roofing,(757) 853-8993
ECCO Remodeling,(757) 424-0022
Starling Guttering,(757) 337-2158
Beers & Shanska,(757) 852-2879
MH Home Improvement,(757) 714-6880
Dean Of Clean,(757) 535-3954
Summit Construction,(757) 689-7075
Engineering Steel Equipment,(757) 627-0762
Northern Craftsman,(757) 803-8182
Apolinar Construction,(757) 857-0110
H & H Harrell,(757) 543-8301
Mobility Products & Services,(757) 399-4997
The Crawlspace Company,(757) 362-2300
Long Street Limited,(757) 482-2173
Consolidated Services,(757) 286-3528
Globe Iron Construction Co,(757) 625-2542
Ace Construction,(757) 545-4631
Beco Construction,(757) 547-1555
Vista Construction,(757) 531-7187
Regency Constructors,(757) 855-5004
Privott & Sons Plastering,(757) 737-5179
C W Petty Contracting,(757) 436-5667
Alphonso Company,(757) 627-3151
Templeton Construction,(757) 548-4493
Galaxy Construction,(757) 494-9132
Dorey Electric,(757) 855-3381
Alicon Construction Corporation,(757) 494-5914
Tech Building Corporation,(757) 410-9868
Shenandoah Home Improvements,(540) 977-4700
Coastal Construction,(757) 961-5252
Tms Enviroeon,(757) 226-0987
Conrad Bros,(757) 543-3521
Misener Marine Construction,(757) 227-9129
Reca V L Contrs Eqpt,(757) 436-7600
Allen Jim Home Improvements,(757) 588-6092
Oveitas Cleaning Service,(757) 480-2649
Air Power Enterprises,(757) 485-7900
Adira Construction,(757) 673-0808
Jessico,(757) 321-3797
Shea Terrace Senior Apartments,(757) 397-9804
Guerrero Builders,(757) 389-5723
Pg Harris Construction,(757) 410-1353
Harris-Judah,(757) 545-6011
Paramount Builders,(888) 340-9002
Lehman Construction,(757) 432-8453
Collins Asphalt Paving,(757) 545-8540
Master Contractors of Va,(757) 480-7777
Globe Iron Construction,(757) 625-2542
Johns Leo F Contractor,(757) 545-0290
Bill Peters,(757) 377-7782
Techcon General Contractors,(757) 640-1952
Davis & Watts,(757) 480-5616
Garbarino Construction,(757) 494-0050
Sunny Jos Cleaning Service,(757) 480-9593
C E Bryan Custom Builders,(757) 430-4445
M R G Construction,(757) 312-8190
Reliable Builders,(757) 623-2555
Obrien Construction,(757) 546-1368
Hood Home Remodeling & Building Services,(757) 644-4452
Beco Construction,(757) 547-1515
W L Pope Contractors,(757) 483-6067
Coastal Construction Management,(757) 622-7233
Advantis Construction Company,(757) 549-8999
TASCO Home Improvement,(757) 241-0049
Caci,(757) 640-6400
Intergrated Engineering Concepts,(757) 549-6888
DJ Norfolk Construction,(757) 525-9080
B Team,(757) 248-3676
Champion Fence,(757) 623-0495
Virginia Building Structures,(757) 482-4608
RMG Construction,(757) 546-8787
Simpson Builders,(757) 640-1124
Omni Holdings,(757) 482-0880
Contemporary Custom Construction,(757) 609-3345
Builders Construction Services,(757) 436-2900
Turner Construction,(757) 622-3373
Del-Ray Construction Inc,(804) 577-0889
Rosenblatt Charles M,(757) 461-2540
C M R Builders,(757) 461-2540
Diversified Building Services,(757) 233-4143
Cohen Herman Bldr,(757) 640-0243
Hall Construction,(757) 625-2308
Sauer,(757) 451-4690
Inner Space Systems,(757) 487-1101
Mark Barr Companies,(757) 627-2181
Mid Eastern Builders,(757) 664-9184
Associated Contracting,(757) 465-1440
Handyman Matters Southside Hampton Roads,(757) 436-0136
Acm Construction and Marine Group,(757) 623-0000
Omega Fence,(757) 466-0123
That Cabinet Place,(757) 623-1314
Hampton Roads Energy Solutions,(757) 362-2300
Life Style Homes,(757) 382-5906
Architectural Building Contractors,(757) 624-2080
Hvac Designs,(757) 333-3114
Chappell Builders,(757) 625-5454
Rgi,(757) 490-3411
Goodman Segar Hogan Hoffler,(757) 627-0661
Island Pool Services,(757) 286-4689
D S G Construction,(757) 547-8797
Ames Concrete Construction,(757) 435-6696
Viccellio Construction,(757) 623-5918
Bayline Enterprises,(757) 362-2525
All In Builders,(757) 570-8510
Jrs Contracting Company,(757) 545-5790
Carroll E G Genl Contr,(757) 622-2974
McLean Contracting,(757) 543-1676
Horizon Construction,(757) 393-1590
Weeks Marine,(757) 483-3756
Newmans Contracting,(757) 449-4113
D & D Millwork,(757) 966-5977
Gambles Home Improvement,(757) 407-8540
Affordable Maintenance Services,(757) 482-7142
Spacemakers,(757) 640-8100
Advanced Builders Incorporated,(757) 546-0190
Emerald Carpentry,(757) 663-5417
Secretarial Telephone Service,(757) 625-5855
Wharton Construction Co,(757) 827-4459
J&M Contracting,(757) 242-0362
W & W Builders,(757) 399-7432
Curtex Construction,(757) 531-1177
C & C,(757) 397-3800
Mannpower Enterprises,(757) 397-3090
Solar Homes Construction,(757) 482-2605
Mkc Construction,(757) 482-5849
Busy Bee Construction,(757) 398-0003
Howerin Construction,(757) 440-0036
Two Cheeks General Contractor,(757) 333-8220
Meredith Construction,(757) 622-5645
Leemac Construction Company,(757) 226-9318
Leeder Enterprises,(757) 548-8874
American Exteriors of Virginia,(757) 718-0914
Cullifer Construction Services,(757) 489-7181
A G D Construction,(757) 489-3030
Akridge Tony,(757) 494-7020
E T Gresham Company,(757) 622-2500
Gresham Building Systems,(757) 627-4583
F & J General Contractors,(757) 423-5000
Finfrock Construction,(757) 440-7709
Pools by Jodie,(757) 639-4645
All Night General Contractors,(757) 423-7279
American Construction Services,(757) 482-8197
Poquoson Home Repair & Remodeling,(757) 876-7494
Germel Incorporated,(757) 482-2049
Ghent Construction,(757) 622-9752
Alsaf Company LLC,(757) 541-0489
Olivers Value Painting,(757) 567-3382
Midtown Development,(757) 423-0111
Enerspace,(757) 640-1964
Precon Construction Company,(757) 545-5500
Atlantic Cable & Trench,(757) 485-8912
Dashiell Robert G Jr PE,(757) 623-5012
R G Electric Co,(757) 623-5012
Beverly Enterprises,(757) 548-1806
MNK Unlimited,(757) 397-2423
Jaws Contracting,(757) 872-8828
J Patrick,(757) 480-8683
Hess J M Contracting,(757) 440-0696
Crofton Construction Services,(757) 397-1131
Higgerson-Buchanan,(757) 543-1637
Webbers Concrete and Construction,(757) 735-0105
R & R Painting,(757) 399-3239
Virginia International Terminals linc,(757) 483-9041
